Workbook

Sheet Shrinkage
A1: Date | B1: Zone | C1: city_name_ | D1: Store Name | E1: CLM | F1: IM | G1: locationtype2 | H1: Adj_Amt | I1: FCC_Bin_Amt | J1: Other_Bin_Amt | K1: Shortpick_Amt | L1: RTO_Loss | M1: PP PO Closed (curr+prev) | N1: PP STO Closed (curr+prev) | O1: PP Canc Closed (curr+prev) | P1: Total Inhouse | Q1: SLP Ticket ID / Mail | R1: SLP Recovery | S1: RCA & POA | T1: Expected Recovery by 11th Oct | U1: Top 2 Net Loss Aisle | V1: Top 2 Aisle Net Loss Value
A2: 46303 | B2: South1 | C2: Bengaluru | D2: BLR-Shivaji Nagar SS | E2: {=IF(D2="","",IFERROR(INDEX('CLM & IM Mapping'!$B$2:$B$270,MATCH(TRIM(D2),'CLM & IM Mapping'!$A$2:$A$270,0)),"Not Mapped"))} -> Arun Raj | F2: {=IF(D2="","",IFERROR(INDEX('CLM & IM Mapping'!$C$2:$C$270,MATCH(TRIM(D2),'CLM & IM Mapping'!$A$2:$A$270,0)),"Not Mapped"))} -> Simon Manoharan | G2: SUPERSTORE | H2: 69321 | I2: 75628 | J2: 0 | K2: 246 | L2: 1427 | M2: 0 | N2: 0 | O2: 9015 | P2: 155636 | Q2: Theft investigation – recovery of ₹15,000. | R2: 15000 | S2: * Total IH loss is ₹1.56L, mainly from FCC bin ₹75.6K and Adjustment ₹69.3K. * Top loss categories: Apparel & Lifestyle ₹20.6K (18%), Whey Protein (Protein & Nutrition) ₹16.0K (14%), Pet Care ₹12.0K (11%), Sports & Fitness (Toys & Sports) ₹10.2K (9%), Home Needs ₹8.9K (8%). Share is of ₹1.13L net loss across loss-making categories. * Loss is spread across 706 SKUs and the top 10 make 15% of SKU-level loss. * Theft-prone SKUs show net loss of ₹16.5K, led by whey ₹15.0K, chargers ₹567 and deos ₹567. * DHM adherence gap and SBC completion pending. * LSS racks over capacity, pickers unable to locate stock in aisle. * SLP theft investigation: ₹15,000 recovery. | T2: 150000 | U2: P,J | V2: 36994
A3: 46303 | B3: South1 | C3: Bengaluru | D3: BLR-RICHMOND TOWN SS | E3: {=IF(D3="","",IFERROR(INDEX('CLM & IM Mapping'!$B$2:$B$270,MATCH(TRIM(D3),'CLM & IM Mapping'!$A$2:$A$270,0)),"Not Mapped"))} -> Arun Raj | F3: {=IF(D3="","",IFERROR(INDEX('CLM & IM Mapping'!$C$2:$C$270,MATCH(TRIM(D3),'CLM & IM Mapping'!$A$2:$A$270,0)),"Not Mapped"))} -> Simon Manoharan | G3: SUPERSTORE | H3: 18075 | I3: 115931 | J3: -13909 | K3: 463 | L3: 14666 | M3: 0 | N3: 0 | O3: 0 | P3: 135225 | Q3: SLP investigation is ongoing. | S3: * Total IH loss is ₹1.35L, mainly from FCC bin ₹1.16L, Adjustment ₹18.1K and RTO loss ₹14.7K. * Majority impact is from FCC bin of ₹1.16L. Excluding this, the store is ₹19.3K in loss. * Top loss categories: Apparel & Lifestyle ₹48.3K (39%), Home Needs ₹25.6K (21%), Electronics & Appliances ₹9.0K (7%), Toys & Sports ₹8.8K (7%), Plant & Vegan Protein (Protein & Nutrition) ₹7.2K (6%). Share is of ₹1.25L net loss across loss-making categories. * Loss is spread across 657 SKUs and the top 10 make 11% of SKU-level loss. * Theft-prone SKUs show net loss of ₹18.8K, led by whey ₹3.7K, earphones ₹3.4K and speakers ₹3.0K. * Stock movement is in progress for the 1st floor expansion; aisle I has been fully moved to the 2nd floor. * SLP investigation is ongoing; wrong adjustments have been identified. | T3: 100000 | U3: I,A | V3: 48268
A4: 46303 | B4: South1 | C4: Bengaluru | D4: BLR-Mathikere | E4: {=IF(D4="","",IFERROR(INDEX('CLM & IM Mapping'!$B$2:$B$270,MATCH(TRIM(D4),'CLM & IM Mapping'!$A$2:$A$270,0)),"Not Mapped"))} -> Manoj Kj | F4: {=IF(D4="","",IFERROR(INDEX('CLM & IM Mapping'!$C$2:$C$270,MATCH(TRIM(D4),'CLM & IM Mapping'!$A$2:$A$270,0)),"Not Mapped"))} -> Srittam Dhal | G4: RETAIL_STORE | H4: -82711 | I4: 0 | J4: 0 | K4: 191944 | L4: 0 | M4: 0 | N4: 0 | O4: 1470 | P4: 110703 | Q4: Shrinkage Loss - BLR-Mathikere - Immediate Action Required | R4: 25000 | S4: DHM adherence issues have been observed, and SBC was not 100% completed in the month of August. For these short picks, a mail was raised to the SLP team for investigation, and a squad has also been deployed for recovery. Last month, due to an MP issue, all LC1 packers incorrectly did the putaway after the store closed. During picking, the items went into recirculation, and the STO associate marked them as short picks. This issue was identified during the theft investigation, resulting in a recovery of ₹25,000. The maximum loss is due to damaged stock; the team marked 10 to 20 crates as short picks. | T4: 30000 | U4: K | V4: 35
A5: 46303 | B5: South1 | C5: Bengaluru | D5: BLR-SHIVAJI NAGAR Network | E5: {=IF(D5="","",IFERROR(INDEX('CLM & IM Mapping'!$B$2:$B$270,MATCH(TRIM(D5),'CLM & IM Mapping'!$A$2:$A$270,0)),"Not Mapped"))} -> Vijay M | F5: {=IF(D5="","",IFERROR(INDEX('CLM & IM Mapping'!$C$2:$C$270,MATCH(TRIM(D5),'CLM & IM Mapping'!$A$2:$A$270,0)),"Not Mapped"))} -> Kantha Kumar | G5: RETAIL_STORE | H5: 39978 | I5: 61074 | J5: 219 | K5: 451 | L5: 1542 | M5: 0 | N5: 1737 | O5: 0 | P5: 105001 | Q5: Wrong putaway incidents were identified during the last month, with suspected theft involvement. The matter has been escalated to the SLP team, and the investigation is currently in progress. | S5: Wrong putaway incidents were identified during the last month, with suspected theft involvement. The matter has been escalated to the SLP team, and the investigation is currently in progress. | T5: 50000 | U5: A,B | V5: 45816
A6: 46303 | B6: South1 | C6: Bengaluru | D6: BLR-Dooravani Nagar | E6: {=IF(D6="","",IFERROR(INDEX('CLM & IM Mapping'!$B$2:$B$270,MATCH(TRIM(D6),'CLM & IM Mapping'!$A$2:$A$270,0)),"Not Mapped"))} -> Rizwan Ahmed | F6: {=IF(D6="","",IFERROR(INDEX('CLM & IM Mapping'!$C$2:$C$270,MATCH(TRIM(D6),'CLM & IM Mapping'!$A$2:$A$270,0)),"Not Mapped"))} -> Un Mapped | G6: RETAIL_STORE | H6: 22334 | I6: 66087 | J6: 0 | K6: 731 | L6: 763 | M6: 0 | N6: 4541 | O6: 0 | P6: 94456 | S6: * Total IH loss is ₹94.5K, mainly from FCC bin ₹66.1K and Adjustment ₹22.3K. * Majority impact is from FCC bin of ₹66.1K. Excluding this, the store is ₹28.4K in loss. * Top loss categories: Dairy, Bread & Eggs ₹10.4K (14%), Cold Drinks & Juices ₹8.2K (11%), Frozen Food ₹6.7K (9%), Munchies ₹5.8K (8%), Creatine (Protein & Nutrition) ₹4.0K (6%). Share is of ₹72.1K net loss across loss-making categories. * Loss is spread across 1315 SKUs and the top 10 make 8% of SKU-level loss. * Theft-prone SKUs show net loss of ₹4.7K, led by creatine ₹2.1K, condoms ₹1.2K and serums ₹604. * Aisles A and I hold ₹54.0K, 57% of bin-level loss. | U6: A,E | V6: 61440
A7: 46303 | B7: South1 | C7: Bengaluru | D7: BLR-Kalkere | E7: {=IF(D7="","",IFERROR(INDEX('CLM & IM Mapping'!$B$2:$B$270,MATCH(TRIM(D7),'CLM & IM Mapping'!$A$2:$A$270,0)),"Not Mapped"))} -> Rizwan Ahmed | F7: {=IF(D7="","",IFERROR(INDEX('CLM & IM Mapping'!$C$2:$C$270,MATCH(TRIM(D7),'CLM & IM Mapping'!$A$2:$A$270,0)),"Not Mapped"))} -> Un Mapped | G7: RETAIL_STORE | H7: 71595 | I7: 9181 | J7: 0 | K7: 360 | L7: 87 | M7: 0 | N7: 1957 | O7: 0 | P7: 83180 | S7: * Total IH loss is ₹83.2K, mainly from Adjustment ₹71.6K and FCC bin ₹9.2K. * Top loss categories: Rice & More (Atta, Rice, Oil & Dals) ₹15.2K (17%), Cleaning Essentials ₹11.1K (13%), Cups (Ice Creams & More) ₹8.6K (10%), Dairy, Bread & Eggs ₹7.6K (9%), Home Needs ₹7.3K (8%). Share is of ₹88.3K net loss across loss-making categories. * Loss is spread across 1035 SKUs and the top 10 make 13% of SKU-level loss. * Theft-prone SKUs show net loss of ₹7.6K, led by dry fruits & nuts ₹3.2K, cigarettes ₹1.7K and premium chocolates ₹862. | U7: I,C | V7: 16676
A8: 46303 | B8: South1 | C8: Bengaluru | D8: BLR-HSR-3 | E8: {=IF(D8="","",IFERROR(INDEX('CLM & IM Mapping'!$B$2:$B$270,MATCH(TRIM(D8),'CLM & IM Mapping'!$A$2:$A$270,0)),"Not Mapped"))} -> Saddam Hussain | F8: {=IF(D8="","",IFERROR(INDEX('CLM & IM Mapping'!$C$2:$C$270,MATCH(TRIM(D8),'CLM & IM Mapping'!$A$2:$A$270,0)),"Not Mapped"))} -> Un Mapped | G8: RETAIL_STORE | H8: 15940 | I8: 42998 | J8: 1688 | K8: 2605 | L8: 3932 | M8: 0 | N8: 680 | O8: 0 | P8: 67844 | S8: * Total IH loss is ₹67.8K, mainly from FCC bin ₹43.0K and Adjustment ₹15.9K. * Majority impact is from FCC bin of ₹43.0K. Excluding this, the store is ₹24.8K in loss. * Top loss categories: Ice Creams & More ₹19.4K (27%), Cold Drinks & Juices ₹10.8K (15%), Dry Fruits & Nuts (Masala, Dry Fruits & More) ₹9.9K (14%), Chips & Crisps (Munchies) ₹6.5K (9%), Detergent Powder & Bars (Cleaning Essentials) ₹5.8K (8%). Share is of ₹71.0K net loss across loss-making categories. * Loss is spread across 1299 SKUs and the top 10 make 11% of SKU-level loss. * Theft-prone SKUs show net loss of ₹10.7K, led by dry fruits & nuts ₹7.5K, cigarettes ₹1.7K and creatine ₹567. * Aisles H and B hold ₹27.6K, 58% of bin-level loss. | U8: A,I | V8: 41543
A9: 46303 | B9: South1 | C9: Bengaluru | D9: BLR-Malleshwaram SS | E9: {=IF(D9="","",IFERROR(INDEX('CLM & IM Mapping'!$B$2:$B$270,MATCH(TRIM(D9),'CLM & IM Mapping'!$A$2:$A$270,0)),"Not Mapped"))} -> Arun Raj | F9: {=IF(D9="","",IFERROR(INDEX('CLM & IM Mapping'!$C$2:$C$270,MATCH(TRIM(D9),'CLM & IM Mapping'!$A$2:$A$270,0)),"Not Mapped"))} -> Simon Manoharan | G9: SUPERSTORE | H9: 19452 | I9: 38867 | J9: 0 | K9: 0 | L9: 530 | M9: 0 | N9: 37 | O9: 0 | P9: 58886 | S9: Due to a delta of 7 MP, the store was only 50% audited last month. A squad team is currently deployed at the store to close the W2W audit. As per the SSM, all stocks are available at the store and will be recovered once the W2W audit is closed. | T9: 50000 | U9: I,G | V9: 18584
A10: 46303 | B10: South1 | C10: Bengaluru | D10: BLR-BASAVANAPURA NETWORK 2 | E10: {=IF(D10="","",IFERROR(INDEX('CLM & IM Mapping'!$B$2:$B$270,MATCH(TRIM(D10),'CLM & IM Mapping'!$A$2:$A$270,0)),"Not Mapped"))} -> Richard Harris | F10: {=IF(D10="","",IFERROR(INDEX('CLM & IM Mapping'!$C$2:$C$270,MATCH(TRIM(D10),'CLM & IM Mapping'!$A$2:$A$270,0)),"Not Mapped"))} -> Kantha Kumar | G10: RETAIL_STORE | H10: 41355 | I10: 12847 | J10: 226 | K10: 2374 | L10: 948 | M10: 0 | N10: 0 | O10: 0 | P10: 57750 | S10: DHM adherence issues have been observed, and proper SBC completion is still pending. To strengthen inventory accuracy and identify process gaps, a W2W audit is currently being conducted by the Squad Team. | T10: 40000 | U10: K,A | V10: 31906
A11: 46303 | B11: South1 | C11: Bengaluru | D11: BLR-Mico layout New | E11: {=IF(D11="","",IFERROR(INDEX('CLM & IM Mapping'!$B$2:$B$270,MATCH(TRIM(D11),'CLM & IM Mapping'!$A$2:$A$270,0)),"Not Mapped"))} -> Keshav G | F11: {=IF(D11="","",IFERROR(INDEX('CLM & IM Mapping'!$C$2:$C$270,MATCH(TRIM(D11),'CLM & IM Mapping'!$A$2:$A$270,0)),"Not Mapped"))} -> Un Mapped | G11: RETAIL_STORE | H11: 5817 | I11: 29841 | J11: 0 | K11: 1403 | L11: 3816 | M11: 0 | N11: 0 | O11: 13273 | P11: 54150 | S11: * Total IH loss is ₹54.1K, mainly from FCC bin ₹29.8K, PO cancel ₹13.3K and Adjustment ₹5.8K. * Top loss categories: Dairy, Bread & Eggs ₹12.0K (22%), Fruits & Vegetables ₹7.4K (14%), Ice Creams & More ₹6.0K (11%), Medical Devices (Pharma & Wellness) ₹4.1K (8%), Baking Mixes & Ingredients (Packaged Food) ₹3.3K (6%). Share is of ₹53.4K net loss across loss-making categories. * Loss is spread across 681 SKUs and the top 10 make 16% of SKU-level loss. * Aisles L and A hold ₹22.5K, 54% of bin-level loss. | U11: J,A | V11: 23909
A12: 46303 | B12: South1 | C12: Bengaluru | D12: BLR-HSR Layout New | E12: {=IF(D12="","",IFERROR(INDEX('CLM & IM Mapping'!$B$2:$B$270,MATCH(TRIM(D12),'CLM & IM Mapping'!$A$2:$A$270,0)),"Not Mapped"))} -> Saddam Hussain | F12: {=IF(D12="","",IFERROR(INDEX('CLM & IM Mapping'!$C$2:$C$270,MATCH(TRIM(D12),'CLM & IM Mapping'!$A$2:$A$270,0)),"Not Mapped"))} -> Un Mapped | G12: RETAIL_STORE | H12: 20452 | I12: 23732 | J12: 0 | K12: 7696 | L12: 584 | M12: 0 | N12: 1629 | O12: 0 | P12: 54093 | S12: * Total IH loss is ₹54.1K, mainly from FCC bin ₹23.7K, Adjustment ₹20.5K and Shortpick ₹7.7K. * Top loss categories: Whey Protein (Protein & Nutrition) ₹7.0K (15%), Kitchen Appliances (Electronics & Appliances) ₹6.4K (14%), Cold Drinks & Juices ₹5.2K (11%), Rice & More (Atta, Rice, Oil & Dals) ₹3.9K (9%), Frozen Food ₹3.8K (8%). Share is of ₹45.6K net loss across loss-making categories. * Loss is spread across 546 SKUs and the top 10 make 27% of SKU-level loss. * Theft-prone SKUs show net loss of ₹9.6K, led by whey ₹7.6K, premium chocolates ₹1.6K and cigarettes ₹475. | U12: J,K | V12: 17533
A13: 46303 | B13: South1 | C13: Bengaluru | D13: BLR-Siddapura | E13: {=IF(D13="","",IFERROR(INDEX('CLM & IM Mapping'!$B$2:$B$270,MATCH(TRIM(D13),'CLM & IM Mapping'!$A$2:$A$270,0)),"Not Mapped"))} -> Basil Scariya | F13: {=IF(D13="","",IFERROR(INDEX('CLM & IM Mapping'!$C$2:$C$270,MATCH(TRIM(D13),'CLM & IM Mapping'!$A$2:$A$270,0)),"Not Mapped"))} -> Prakash BS | G13: RETAIL_STORE | H13: 37013 | I13: 13720 | J13: 0 | K13: 0 | L13: 69 | M13: 0 | N13: 1350 | O13: 0 | P13: 52152 | S13: SBC is still in progress, and the store team is focusing on W2W today against the ₹15K target. This amount will be recovered without fail, and the remaining amount will be recovered by the 11th. | T13: 40000 | U13: D,C | V13: 36339
A14: 46303 | B14: South1 | C14: Bengaluru | D14: BLR-Narayanapura | E14: {=IF(D14="","",IFERROR(INDEX('CLM & IM Mapping'!$B$2:$B$270,MATCH(TRIM(D14),'CLM & IM Mapping'!$A$2:$A$270,0)),"Not Mapped"))} -> Adhavan Subramani | F14: {=IF(D14="","",IFERROR(INDEX('CLM & IM Mapping'!$C$2:$C$270,MATCH(TRIM(D14),'CLM & IM Mapping'!$A$2:$A$270,0)),"Not Mapped"))} -> Mohammed Akbar | G14: RETAIL_STORE | H14: 16761 | I14: 27598 | J14: 0 | K14: 5808 | L14: 1603 | M14: 0 | N14: 0 | O14: 0 | P14: 51771 | S14: High FC was primarily due to wrong putaway, which resulted in stock being misplaced across different bins and led to shrinkage in the high FC bucket. SBC was not happening due to a delta of 3 CCAs. A squad has been aligned for recovery. | T14: 40000 | U14: I,J | V14: 28906
A15: 46303 | B15: South1 | C15: Bengaluru | D15: BLR-Challakere | E15: {=IF(D15="","",IFERROR(INDEX('CLM & IM Mapping'!$B$2:$B$270,MATCH(TRIM(D15),'CLM & IM Mapping'!$A$2:$A$270,0)),"Not Mapped"))} -> Girish N | F15: {=IF(D15="","",IFERROR(INDEX('CLM & IM Mapping'!$C$2:$C$270,MATCH(TRIM(D15),'CLM & IM Mapping'!$A$2:$A$270,0)),"Not Mapped"))} -> Un Mapped | G15: RETAIL_STORE | H15: 34189 | I15: 13467 | J15: 1279 | K15: 0 | L15: 541 | M15: 0 | N15: 21 | O15: 0 | P15: 49497 | S15: * Total IH loss is ₹49.5K, mainly from Adjustment ₹34.2K and FCC bin ₹13.5K. * Top loss categories: Chocolates (Sweet Cravings) ₹10.9K (25%), Ice Creams & More ₹8.3K (19%), Atta, Rice, Oil & Dals ₹6.7K (15%), Chips & Crisps (Munchies) ₹4.0K (9%), Fruits & Vegetables ₹2.9K (7%). Share is of ₹43.6K net loss across loss-making categories. * Loss is spread across 808 SKUs and the top 10 make 15% of SKU-level loss. * Theft-prone SKUs show net loss of ₹7.2K, led by premium chocolates ₹4.4K, dry fruits & nuts ₹1.6K and earphones ₹1.0K. * Aisles J and K hold ₹17.0K, 59% of bin-level loss. | U15: J,K | V15: 20482
A16: 46303 | B16: South1 | C16: Bengaluru | D16: BLR-Banjara Layout | E16: {=IF(D16="","",IFERROR(INDEX('CLM & IM Mapping'!$B$2:$B$270,MATCH(TRIM(D16),'CLM & IM Mapping'!$A$2:$A$270,0)),"Not Mapped"))} -> Rizwan Ahmed | F16: {=IF(D16="","",IFERROR(INDEX('CLM & IM Mapping'!$C$2:$C$270,MATCH(TRIM(D16),'CLM & IM Mapping'!$A$2:$A$270,0)),"Not Mapped"))} -> Un Mapped | G16: RETAIL_STORE | H16: 31101 | I16: 16912 | J16: 235 | K16: 28 | L16: 595 | M16: 0 | N16: 0 | O16: 0 | P16: 48871 | S16: * Total IH loss is ₹48.9K, mainly from Adjustment ₹31.1K and FCC bin ₹16.9K. * Top loss categories: Ice Creams & More ₹21.3K (30%), Frozen Food ₹20.2K (29%), Dairy, Bread & Eggs ₹9.8K (14%), Fresh Vegetables (Fruits & Vegetables) ₹7.0K (10%), Chicken (Meats, Fish & Eggs) ₹2.6K (4%). Share is of ₹70.4K net loss across loss-making categories. * Loss is spread across 1028 SKUs and the top 10 make 11% of SKU-level loss. * Theft-prone SKUs show net loss of ₹2.4K, led by cigarettes ₹1.7K and premium chocolates ₹769. * Aisles M and L hold ₹56.3K, 90% of bin-level loss. | U16: L,P | V16: 11018
A17: 46303 | B17: South1 | C17: Bengaluru | D17: BLR-Vijay Nagar Network | E17: {=IF(D17="","",IFERROR(INDEX('CLM & IM Mapping'!$B$2:$B$270,MATCH(TRIM(D17),'CLM & IM Mapping'!$A$2:$A$270,0)),"Not Mapped"))} -> Narasimhamurthy R | F17: {=IF(D17="","",IFERROR(INDEX('CLM & IM Mapping'!$C$2:$C$270,MATCH(TRIM(D17),'CLM & IM Mapping'!$A$2:$A$270,0)),"Not Mapped"))} -> Kishor K | G17: RETAIL_STORE | H17: 26779 | I17: 20348 | J17: 0 | K17: 1436 | L17: 101 | M17: 0 | N17: 0 | O17: 0 | P17: 48665 | S17: The W2W audit is in progress. Assortment and capacity have breached more than 100%, due to which item fall-down cases are increasing and floor handover is not being done properly. Wrong putaway was also done in the store. The SI and one CCA have now been aligned for recovery. | T17: 40000 | U17: A,G | V17: 29310
A18: 46303 | B18: South1 | C18: Bengaluru | D18: BLR-Malleshpalya | E18: {=IF(D18="","",IFERROR(INDEX('CLM & IM Mapping'!$B$2:$B$270,MATCH(TRIM(D18),'CLM & IM Mapping'!$A$2:$A$270,0)),"Not Mapped"))} -> Silambarasan E | F18: {=IF(D18="","",IFERROR(INDEX('CLM & IM Mapping'!$C$2:$C$270,MATCH(TRIM(D18),'CLM & IM Mapping'!$A$2:$A$270,0)),"Not Mapped"))} -> Arivind S | G18: RETAIL_STORE | H18: 44009 | I18: 4060 | J18: 0 | K18: 0 | L18: 190 | M18: 0 | N18: 0 | O18: 0 | P18: 48259 | Q18: BLR-Malleshpalya Shrinkage – 2026-10-05 | S18: The store has been converted from FOCO to COCO; a wall-to-wall (W2W) audit was done for the handover. | U18: L,M | V18: 15781
A19: 46303 | B19: South1 | C19: Bengaluru | D19: BLR-Doddakannelli | E19: {=IF(D19="","",IFERROR(INDEX('CLM & IM Mapping'!$B$2:$B$270,MATCH(TRIM(D19),'CLM & IM Mapping'!$A$2:$A$270,0)),"Not Mapped"))} -> Sundaresh S | F19: {=IF(D19="","",IFERROR(INDEX('CLM & IM Mapping'!$C$2:$C$270,MATCH(TRIM(D19),'CLM & IM Mapping'!$A$2:$A$270,0)),"Not Mapped"))} -> Un Mapped | G19: RETAIL_STORE | H19: 15241 | I19: 17511 | J19: 0 | K19: 651 | L19: 1730 | M19: 0 | N19: 12084 | O19: 0 | P19: 47218 | S19: * Total IH loss is ₹47.2K, mainly from FCC bin ₹17.5K, Adjustment ₹15.2K and STO short receipt ₹12.1K. * SKU-level net is ₹2.0K, under 10% of IH loss, so the gap is not category driven and sits in FCC bin. * Theft-prone SKUs show net loss of ₹3.3K, led by dry fruits & nuts ₹2.0K, perfumes ₹983 and cigarettes ₹359. * Aisles E and K hold ₹18.8K, 58% of bin-level loss. | U19: E,C | V19: 21608
A20: 46303 | B20: South1 | C20: Bengaluru | D20: BLR-Murugeshpalya | E20: {=IF(D20="","",IFERROR(INDEX('CLM & IM Mapping'!$B$2:$B$270,MATCH(TRIM(D20),'CLM & IM Mapping'!$A$2:$A$270,0)),"Not Mapped"))} -> Keshav G | F20: {=IF(D20="","",IFERROR(INDEX('CLM & IM Mapping'!$C$2:$C$270,MATCH(TRIM(D20),'CLM & IM Mapping'!$A$2:$A$270,0)),"Not Mapped"))} -> Mohammed Akbar | G20: RETAIL_STORE | H20: 9409 | I20: 27235 | J20: 0 | K20: 235 | L20: 6731 | M20: 0 | N20: 3486 | O20: 0 | P20: 47094 | S20: DHM & SI monitoring issue at the store: despite stock being available in primary bins, items were marked FC by packers, and SS RTO is not being cleared on time. A permanent squad has been deployed for recovery in high-FC aisles; out of ₹80K, ₹40K was recovered yesterday. | T20: 40000 | U20: AI,G | V20: 25002
A21: 46303 | B21: South1 | C21: Bengaluru | D21: BLR-Kudlu | E21: {=IF(D21="","",IFERROR(INDEX('CLM & IM Mapping'!$B$2:$B$270,MATCH(TRIM(D21),'CLM & IM Mapping'!$A$2:$A$270,0)),"Not Mapped"))} -> Raghavendra Vernekar | F21: {=IF(D21="","",IFERROR(INDEX('CLM & IM Mapping'!$C$2:$C$270,MATCH(TRIM(D21),'CLM & IM Mapping'!$A$2:$A$270,0)),"Not Mapped"))} -> Prakash BS | G21: RETAIL_STORE | H21: 27603 | I21: 14083 | J21: 0 | K21: 3884 | L21: 804 | M21: 0 | N21: 0 | O21: 0 | P21: 46374 | S21: W2W audit is in progress; around ₹15,000 will be recovered, and all losses will be recovered by the 11th. | T21: 40000 | U21: C,I | V21: 31277
A22: 46303 | B22: South1 | C22: Bengaluru | D22: BLR-Bommanahalli | E22: {=IF(D22="","",IFERROR(INDEX('CLM & IM Mapping'!$B$2:$B$270,MATCH(TRIM(D22),'CLM & IM Mapping'!$A$2:$A$270,0)),"Not Mapped"))} -> Raghavendra Vernekar | F22: {=IF(D22="","",IFERROR(INDEX('CLM & IM Mapping'!$C$2:$C$270,MATCH(TRIM(D22),'CLM & IM Mapping'!$A$2:$A$270,0)),"Not Mapped"))} -> Prakash BS | G22: RETAIL_STORE | H22: 201 | I22: 2037 | J22: 0 | K22: 0 | L22: 170 | M22: 0 | N22: 41386 | O22: 0 | P22: 43795 | S22: Stock from Mathikere was not dispatched as per the SOP; the major bucket is from STO putaway due. DHM is validating the stores, and the stock will be recovered by EOD today. | T22: 43000 | U22: R,Q | V22: 4747
A23: 46303 | B23: South1 | C23: Bengaluru | D23: BLR-Electronic city network | E23: {=IF(D23="","",IFERROR(INDEX('CLM & IM Mapping'!$B$2:$B$270,MATCH(TRIM(D23),'CLM & IM Mapping'!$A$2:$A$270,0)),"Not Mapped"))} -> Balaji G | F23: {=IF(D23="","",IFERROR(INDEX('CLM & IM Mapping'!$C$2:$C$270,MATCH(TRIM(D23),'CLM & IM Mapping'!$A$2:$A$270,0)),"Not Mapped"))} -> Mohammed Akbar | G23: RETAIL_STORE | H23: 3171 | I23: 31819 | J23: 2882 | K23: 3955 | L23: 1745 | M23: 0 | N23: 0 | O23: 0 | P23: 43571 | S23: Due to a wrong putaway issue in the frozen section, most SKUs are stacked in deep bins. Blind spots in the milk room have led to identified munching of chocolates, ice cream and chips. Squad has been deployed for recovery in high-FC aisles. | T23: 40000 | U23: I,J | V23: 31810
A24: 46303 | B24: South1 | C24: Bengaluru | D24: BLR-Sattava East | E24: {=IF(D24="","",IFERROR(INDEX('CLM & IM Mapping'!$B$2:$B$270,MATCH(TRIM(D24),'CLM & IM Mapping'!$A$2:$A$270,0)),"Not Mapped"))} -> Ashwath S | F24: {=IF(D24="","",IFERROR(INDEX('CLM & IM Mapping'!$C$2:$C$270,MATCH(TRIM(D24),'CLM & IM Mapping'!$A$2:$A$270,0)),"Not Mapped"))} -> Kantha Kumar | G24: RETAIL_STORE | H24: 33628 | I24: 9141 | J24: 0 | K24: 0 | L24: 243 | M24: 0 | N24: 0 | O24: 0 | P24: 43012 | S24: The W2W audit is currently in progress. Excess stock has been identified at the store and is being reviewed as part of the ongoing audit to identify the root cause and the required corrective actions. | T24: 40000 | U24: H,B | V24: 20793
A25: 46303 | B25: South1 | C25: Bengaluru | D25: BLR-Kadarenahalli | E25: {=IF(D25="","",IFERROR(INDEX('CLM & IM Mapping'!$B$2:$B$270,MATCH(TRIM(D25),'CLM & IM Mapping'!$A$2:$A$270,0)),"Not Mapped"))} -> Raghavendra Vernekar | F25: {=IF(D25="","",IFERROR(INDEX('CLM & IM Mapping'!$C$2:$C$270,MATCH(TRIM(D25),'CLM & IM Mapping'!$A$2:$A$270,0)),"Not Mapped"))} -> Prakash BS | G25: RETAIL_STORE | H25: -18636 | I25: 26089 | J25: 0 | K25: 228 | L25: 237 | M25: 0 | N25: 2148 | O25: 32886 | P25: 42952 | S25: DHM adherence and monitoring issue. Recirculation stock was picked and sent to the MH without being dispatched in the system; due to this, the recirculation was cancelled and the same loss is reflecting in shrinkage. | T25: 30000 | U25: C,H | V25: 17465
A26: 46303 | B26: South1 | C26: Bengaluru | D26: BLR-Marathahalli-3 | E26: {=IF(D26="","",IFERROR(INDEX('CLM & IM Mapping'!$B$2:$B$270,MATCH(TRIM(D26),'CLM & IM Mapping'!$A$2:$A$270,0)),"Not Mapped"))} -> Sundaresh S | F26: {=IF(D26="","",IFERROR(INDEX('CLM & IM Mapping'!$C$2:$C$270,MATCH(TRIM(D26),'CLM & IM Mapping'!$A$2:$A$270,0)),"Not Mapped"))} -> Un Mapped | G26: RETAIL_STORE | H26: 23680 | I26: 12580 | J26: 38 | K26: 5740 | L26: 746 | M26: 0 | N26: 0 | O26: 0 | P26: 42783 | S26: * Total IH loss is ₹42.8K, mainly from Adjustment ₹23.7K, FCC bin ₹12.6K and Shortpick ₹5.7K. * SKU-level net is a gain of ₹138, under 10% of IH loss, so the gap is not category driven and sits in FCC bin. * Theft-prone SKUs show net loss of ₹8.8K, led by whey ₹8.7K, cigars ₹71 and perfumes ₹64. * Aisles C and H hold ₹36.0K, 63% of bin-level loss. | U26: H,C | V26: 36506
A27: 46303 | B27: South1 | C27: Bengaluru | D27: BLR-Jakkur Network | E27: {=IF(D27="","",IFERROR(INDEX('CLM & IM Mapping'!$B$2:$B$270,MATCH(TRIM(D27),'CLM & IM Mapping'!$A$2:$A$270,0)),"Not Mapped"))} -> Girish N | F27: {=IF(D27="","",IFERROR(INDEX('CLM & IM Mapping'!$C$2:$C$270,MATCH(TRIM(D27),'CLM & IM Mapping'!$A$2:$A$270,0)),"Not Mapped"))} -> Un Mapped | G27: RETAIL_STORE | H27: 29680 | I27: 9315 | J27: 0 | K27: 3498 | L27: 283 | M27: 0 | N27: 0 | O27: 0 | P27: 42776 | S27: * Total IH loss is ₹42.8K, mainly from Adjustment ₹29.7K and FCC bin ₹9.3K. * Top loss categories: Atta, Rice, Oil & Dals ₹7.2K (16%), Fresh Vegetables (Fruits & Vegetables) ₹6.3K (14%), Muesli & Oats (Breakfast & Sauces) ₹5.4K (12%), Munchies ₹4.3K (10%), Cold Drinks & Juices ₹4.1K (9%). Share is of ₹44.0K net loss across loss-making categories. * Loss is spread across 567 SKUs and the top 10 make 15% of SKU-level loss. * Theft-prone SKUs show net loss of ₹5.1K, led by dry fruits & nuts ₹3.4K, whey ₹1.2K and pre-workout ₹386. * Aisles A and B hold ₹30.1K, 72% of bin-level loss. | U27: A,B | V27: 24298
A28: 46303 | B28: South1 | C28: Bengaluru | D28: BLR-Thyagaraja Nagar | E28: {=IF(D28="","",IFERROR(INDEX('CLM & IM Mapping'!$B$2:$B$270,MATCH(TRIM(D28),'CLM & IM Mapping'!$A$2:$A$270,0)),"Not Mapped"))} -> Suhas N | F28: {=IF(D28="","",IFERROR(INDEX('CLM & IM Mapping'!$C$2:$C$270,MATCH(TRIM(D28),'CLM & IM Mapping'!$A$2:$A$270,0)),"Not Mapped"))} -> Aravind S | G28: RETAIL_STORE | H28: 29203 | I28: 9567 | J28: 0 | K28: 778 | L28: 2992 | M28: 0 | N28: 0 | O28: 0 | P28: 42540 | Q28: Salary hold request – theft investigation and recovery // BLR-Thyagaraja Nagar // & Stock adjustment request – theft case // BLR-Thyagaraja Nagar. | R28: 18000+30000=48000 | S28: Store mass theft involvement identified. **SLP investigation has been completed, and the IR is pending.** | T28: Nil | U28: E,I | V28: 20194
A29: 46303 | B29: South1 | C29: Bengaluru | D29: BLR-VIJAY NAGAR | E29: {=IF(D29="","",IFERROR(INDEX('CLM & IM Mapping'!$B$2:$B$270,MATCH(TRIM(D29),'CLM & IM Mapping'!$A$2:$A$270,0)),"Not Mapped"))} -> Narasimhamurthy R | F29: {=IF(D29="","",IFERROR(INDEX('CLM & IM Mapping'!$C$2:$C$270,MATCH(TRIM(D29),'CLM & IM Mapping'!$A$2:$A$270,0)),"Not Mapped"))} -> Kishor K | G29: RETAIL_STORE | H29: 16668 | I29: 23989 | J29: 0 | K29: 0 | L29: 843 | M29: 0 | N29: 0 | O29: 0 | P29: 41500 | S29: Assortment and capacity have been breached by more than 100%. Floor handover is not being done properly, and stock-fall cases are high due to the mini store. There is also a DHM and SI monitoring gap. The store had a CCA delta; 3 CCAs have now been hired. | T29: 40000 | U29: O,D | V29: 15143
A30: 46303 | B30: South1 | C30: Bengaluru | D30: BLR-Nikoo Home New | E30: {=IF(D30="","",IFERROR(INDEX('CLM & IM Mapping'!$B$2:$B$270,MATCH(TRIM(D30),'CLM & IM Mapping'!$A$2:$A$270,0)),"Not Mapped"))} -> Adhavan Subramani | F30: {=IF(D30="","",IFERROR(INDEX('CLM & IM Mapping'!$C$2:$C$270,MATCH(TRIM(D30),'CLM & IM Mapping'!$A$2:$A$270,0)),"Not Mapped"))} -> Mohammed Akbar | G30: RETAIL_STORE | H30: 27933 | I30: 6780 | J30: 0 | K30: 3921 | L30: 2264 | M30: 0 | N30: 180 | O30: 248 | P30: 41326 | Q30: ₹6K recovered by SLP from the packer. | R30: 6000 | S30: Putaway error by LC1 IBAs in the freezer. The freezer audit has been completed today: 4 HV crates are available in the store and are being added back to inventory, plus a ₹6K theft case. | T30: 34000 | U30: F,H | V30: 16179
A31: 46303 | B31: South1 | C31: Bengaluru | D31: BLR-Kogilu Road | E31: {=IF(D31="","",IFERROR(INDEX('CLM & IM Mapping'!$B$2:$B$270,MATCH(TRIM(D31),'CLM & IM Mapping'!$A$2:$A$270,0)),"Not Mapped"))} -> Adhavan Subramani | F31: {=IF(D31="","",IFERROR(INDEX('CLM & IM Mapping'!$C$2:$C$270,MATCH(TRIM(D31),'CLM & IM Mapping'!$A$2:$A$270,0)),"Not Mapped"))} -> Mohammed Akbar | G31: RETAIL_STORE | H31: 30178 | I31: 6153 | J31: 0 | K31: 3968 | L31: 810 | M31: 0 | N31: 0 | O31: 0 | P31: 41109 | S31: Chiller and freezer audit has been closed; 8 crates are available. 2 CCAs have been aligned, and stock is being added back to inventory today. | T31: 40000 | U31: K,A | V31: 28949
A32: 46303 | B32: South1 | C32: Bengaluru | D32: BLR-INDIRANAGAR NEW | E32: {=IF(D32="","",IFERROR(INDEX('CLM & IM Mapping'!$B$2:$B$270,MATCH(TRIM(D32),'CLM & IM Mapping'!$A$2:$A$270,0)),"Not Mapped"))} -> Balaji G | F32: {=IF(D32="","",IFERROR(INDEX('CLM & IM Mapping'!$C$2:$C$270,MATCH(TRIM(D32),'CLM & IM Mapping'!$A$2:$A$270,0)),"Not Mapped"))} -> Mohammed Akbar | G32: RETAIL_STORE | H32: 29057 | I32: 9676 | J32: 340 | K32: 395 | L32: 773 | M32: 0 | N32: 0 | O32: 0 | P32: 40242 | S32: F&V adjustment appears high in FnV, done by QA without DHM knowledge; 2 QA associates have been removed. A permanent squad has been deployed along with CCAs for recovery through CC. | T32: 40000 | U32: J,M | V32: 14773
A33: 46303 | B33: South1 | C33: Bengaluru | D33: BLR-CV RAMAN NAGAR NEW | E33: {=IF(D33="","",IFERROR(INDEX('CLM & IM Mapping'!$B$2:$B$270,MATCH(TRIM(D33),'CLM & IM Mapping'!$A$2:$A$270,0)),"Not Mapped"))} -> Silambarasan E | F33: {=IF(D33="","",IFERROR(INDEX('CLM & IM Mapping'!$C$2:$C$270,MATCH(TRIM(D33),'CLM & IM Mapping'!$A$2:$A$270,0)),"Not Mapped"))} -> Arivind S | G33: RETAIL_STORE | H33: 13995 | I33: 11558 | J33: 415 | K33: 828 | L33: 1365 | M33: 0 | N33: 2031 | O33: 9909 | P33: 40101 | S33: * Total IH loss is ₹40.1K, mainly from Adjustment ₹14.0K, FCC bin ₹11.6K and PO cancel ₹9.9K. * Top loss categories: Fruits & Vegetables ₹15.0K (41%), Batters & Mixes (Dairy, Bread & Eggs) ₹4.8K (13%), Atta (Atta, Rice, Oil & Dals) ₹3.9K (11%), Chocolates (Sweet Cravings) ₹2.2K (6%), Cold Drinks & Juices ₹1.6K (4%). Share is of ₹36.2K net loss across loss-making categories. * Loss is spread across 531 SKUs and the top 10 make 22% of SKU-level loss. * Theft-prone SKUs show net loss of ₹5.7K, led by gift cards ₹3.3K, dry fruits & nuts ₹1.3K and creatine ₹520. * Aisles G and H hold ₹19.9K, 55% of bin-level loss. | U33: G,H | V33: 11356
A34: 46303 | B34: South1 | C34: Bengaluru | D34: BLR-Jakkur New | E34: {=IF(D34="","",IFERROR(INDEX('CLM & IM Mapping'!$B$2:$B$270,MATCH(TRIM(D34),'CLM & IM Mapping'!$A$2:$A$270,0)),"Not Mapped"))} -> Girish N | F34: {=IF(D34="","",IFERROR(INDEX('CLM & IM Mapping'!$C$2:$C$270,MATCH(TRIM(D34),'CLM & IM Mapping'!$A$2:$A$270,0)),"Not Mapped"))} -> Un Mapped | G34: RETAIL_STORE | H34: 19635 | I34: 18346 | J34: 0 | K34: 292 | L34: 1633 | M34: 0 | N34: 0 | O34: 0 | P34: 39906 | S34: * Total IH loss is ₹39.9K, mainly from Adjustment ₹19.6K and FCC bin ₹18.3K. * Top loss categories: Ice Creams & More ₹8.1K (19%), Chocolates (Sweet Cravings) ₹6.8K (16%), Cold Drinks & Juices ₹6.0K (14%), Cheese (Dairy, Bread & Eggs) ₹4.8K (12%), Energy Bars (Munchies) ₹2.2K (5%). Share is of ₹41.9K net loss across loss-making categories. * Loss is spread across 743 SKUs and the top 10 make 11% of SKU-level loss. * Aisles M and L hold ₹21.5K, 54% of bin-level loss. | U34: L,K | V34: 16904
A35: 46303 | B35: South1 | C35: Bengaluru | D35: BLR-Kannamangala | E35: {=IF(D35="","",IFERROR(INDEX('CLM & IM Mapping'!$B$2:$B$270,MATCH(TRIM(D35),'CLM & IM Mapping'!$A$2:$A$270,0)),"Not Mapped"))} -> Ashwath S | F35: {=IF(D35="","",IFERROR(INDEX('CLM & IM Mapping'!$C$2:$C$270,MATCH(TRIM(D35),'CLM & IM Mapping'!$A$2:$A$270,0)),"Not Mapped"))} -> Kantha Kumar | G35: RETAIL_STORE | H35: 28774 | I35: 10857 | J35: 0 | K35: 0 | L35: 49 | M35: 0 | N35: 0 | O35: 0 | P35: 39679 | S35: SBC is currently in progress, with the team working towards completing the pending bins. The store is also operating with a 3-MP manpower gap, which is impacting operational execution. | T35: 40000 | U35: O,H | V35: 28849
A36: 46303 | B36: South1 | C36: Bengaluru | D36: BLR-HSR-2 | E36: {=IF(D36="","",IFERROR(INDEX('CLM & IM Mapping'!$B$2:$B$270,MATCH(TRIM(D36),'CLM & IM Mapping'!$A$2:$A$270,0)),"Not Mapped"))} -> Saddam Hussain | F36: {=IF(D36="","",IFERROR(INDEX('CLM & IM Mapping'!$C$2:$C$270,MATCH(TRIM(D36),'CLM & IM Mapping'!$A$2:$A$270,0)),"Not Mapped"))} -> Un Mapped | G36: RETAIL_STORE | H36: 21968 | I36: 12107 | J36: 0 | K36: 5366 | L36: 0 | M36: 0 | N36: 0 | O36: 0 | P36: 39440 | S36: * Total IH loss is ₹39.4K, mainly from Adjustment ₹22.0K, FCC bin ₹12.1K and Shortpick ₹5.4K. * Top loss categories: Ice Creams & More ₹14.4K (40%), Munchies ₹6.3K (17%), Cheese (Dairy, Bread & Eggs) ₹4.5K (13%), Dry Fruits & Nuts (Masala, Dry Fruits & More) ₹2.5K (7%), Cold Drinks & Juices ₹2.1K (6%). Share is of ₹36.2K net loss across loss-making categories. * Loss is spread across 618 SKUs and the top 10 make 15% of SKU-level loss. * Theft-prone SKUs show net loss of ₹3.7K, led by dry fruits & nuts ₹3.3K and premium chocolates ₹389. * Aisles L and H hold ₹23.0K, 66% of bin-level loss. | U36: L,K | V36: 18504
A37: 46303 | B37: South1 | C37: Bengaluru | D37: BLR-Kothnur New | E37: {=IF(D37="","",IFERROR(INDEX('CLM & IM Mapping'!$B$2:$B$270,MATCH(TRIM(D37),'CLM & IM Mapping'!$A$2:$A$270,0)),"Not Mapped"))} -> Raghavendra Vernekar | F37: {=IF(D37="","",IFERROR(INDEX('CLM & IM Mapping'!$C$2:$C$270,MATCH(TRIM(D37),'CLM & IM Mapping'!$A$2:$A$270,0)),"Not Mapped"))} -> Prakash BS | G37: RETAIL_STORE | H37: 16378 | I37: 18410 | J37: 227 | K37: 2848 | L37: 751 | M37: 0 | N37: 756 | O37: 0 | P37: 39369 | S37: Due to the ATA mode conversion of CC, we are unable to get access to add back; an SI has been deployed to recover the losses. | T37: 30000 | U37: A,E | V37: 17206
A38: 46303 | B38: South1 | C38: Bengaluru | D38: BLR-Marathalli SS | E38: {=IF(D38="","",IFERROR(INDEX('CLM & IM Mapping'!$B$2:$B$270,MATCH(TRIM(D38),'CLM & IM Mapping'!$A$2:$A$270,0)),"Not Mapped"))} -> Arun Raj | F38: {=IF(D38="","",IFERROR(INDEX('CLM & IM Mapping'!$C$2:$C$270,MATCH(TRIM(D38),'CLM & IM Mapping'!$A$2:$A$270,0)),"Not Mapped"))} -> Simon Manoharan | G38: SUPERSTORE | H38: 23481 | I38: 11376 | J38: 0 | K38: 0 | L38: 3479 | M38: 0 | N38: 0 | O38: 0 | P38: 38336 | S38: Putaway issue due to aisle congestion; CCA is checking aisles '1' and 'M' to recover the stock. | T38: 38000 | U38: I,M | V38: 14287
A39: 46303 | B39: South1 | C39: Bengaluru | D39: BLR-Dasarahalli | E39: {=IF(D39="","",IFERROR(INDEX('CLM & IM Mapping'!$B$2:$B$270,MATCH(TRIM(D39),'CLM & IM Mapping'!$A$2:$A$270,0)),"Not Mapped"))} -> Mohaideen DH | F39: {=IF(D39="","",IFERROR(INDEX('CLM & IM Mapping'!$C$2:$C$270,MATCH(TRIM(D39),'CLM & IM Mapping'!$A$2:$A$270,0)),"Not Mapped"))} -> Mohammed Akbar | G39: RETAIL_STORE | H39: 7420 | I39: 28642 | J39: 116 | K39: 710 | L39: 298 | M39: 0 | N39: 0 | O39: 0 | P39: 37186 | S39: * Total IH loss is ₹37.2K, mainly from FCC bin ₹28.6K and Adjustment ₹7.4K. * Majority impact is from FCC bin of ₹28.6K. Excluding this, the store is ₹8.5K in loss. * Top loss categories: Chips & Crisps (Munchies) ₹12.4K (29%), Oil (Atta, Rice, Oil & Dals) ₹6.0K (14%), Whey Protein (Protein & Nutrition) ₹5.6K (13%), Biscuits ₹3.5K (8%), Fruits & Vegetables ₹3.5K (8%). Share is of ₹42.5K net loss across loss-making categories. * Loss is spread across 929 SKUs and the top 10 make 12% of SKU-level loss. * Theft-prone SKUs show net loss of ₹5.8K, led by whey ₹3.7K, creatine ₹781 and pen drives ₹542. * Aisles A and C hold ₹33.6K, 81% of bin-level loss. | T39: 37000 | U39: A,C | V39: 30449
A40: 46303 | B40: South1 | C40: Bengaluru | D40: BLR-Manjunatha layout | E40: {=IF(D40="","",IFERROR(INDEX('CLM & IM Mapping'!$B$2:$B$270,MATCH(TRIM(D40),'CLM & IM Mapping'!$A$2:$A$270,0)),"Not Mapped"))} -> Sundaresh S | F40: {=IF(D40="","",IFERROR(INDEX('CLM & IM Mapping'!$C$2:$C$270,MATCH(TRIM(D40),'CLM & IM Mapping'!$A$2:$A$270,0)),"Not Mapped"))} -> Un Mapped | G40: RETAIL_STORE | H40: 15298 | I40: 12439 | J40: 0 | K40: 1021 | L40: 1315 | M40: 0 | N40: 7022 | O40: 0 | P40: 37095 | S40: * Total IH loss is ₹37.1K, mainly from Adjustment ₹15.3K, FCC bin ₹12.4K and STO short receipt ₹7.0K. * Top loss categories: Dairy, Bread & Eggs ₹19.3K (37%), Munchies ₹7.9K (15%), Sweet Cravings ₹4.7K (9%), Packaged Food ₹3.8K (7%), Cold Drinks & Juices ₹3.5K (7%). Share is of ₹52.5K net loss across loss-making categories. * Loss is spread across 806 SKUs and the top 10 make 14% of SKU-level loss. * Theft-prone SKUs show net loss of ₹3.3K, led by trimmers ₹2.8K, premium chocolates ₹436 and deos ₹83. * Aisles B and H hold ₹19.9K, 56% of bin-level loss. | U40: H,C | V40: 16594
A41: 46303 | B41: South1 | C41: Bengaluru | D41: BLR-BHADRAPPA LAYOUT NETWORK | E41: {=IF(D41="","",IFERROR(INDEX('CLM & IM Mapping'!$B$2:$B$270,MATCH(TRIM(D41),'CLM & IM Mapping'!$A$2:$A$270,0)),"Not Mapped"))} -> Mohaideen DH | F41: {=IF(D41="","",IFERROR(INDEX('CLM & IM Mapping'!$C$2:$C$270,MATCH(TRIM(D41),'CLM & IM Mapping'!$A$2:$A$270,0)),"Not Mapped"))} -> Mohammed Akbar | G41: RETAIL_STORE | H41: -24477 | I41: 36085 | J41: 0 | K41: 5221 | L41: 13126 | M41: 0 | N41: 4987 | O41: 0 | P41: 34942 | S41: * Total IH loss is ₹34.9K, mainly from FCC bin ₹36.1K, RTO loss ₹13.1K and Shortpick ₹5.2K. * Majority impact is from FCC bin of ₹36.1K. Excluding this, the store is ₹1.1K positive. * Adjustment is a gain of ₹24.5K, which offsets part of the loss in other buckets. * SKU-level net is a gain of ₹19.0K, under 10% of IH loss, so the gap is not category driven and sits in FCC bin. * Aisles E and M hold ₹9.3K, 51% of bin-level loss. | T41: 34000 | U41: E,F | V41: 28413
A42: 46303 | B42: South1 | C42: Bengaluru | D42: BLR-JP Nagar New | E42: {=IF(D42="","",IFERROR(INDEX('CLM & IM Mapping'!$B$2:$B$270,MATCH(TRIM(D42),'CLM & IM Mapping'!$A$2:$A$270,0)),"Not Mapped"))} -> Manjunatha V | F42: {=IF(D42="","",IFERROR(INDEX('CLM & IM Mapping'!$C$2:$C$270,MATCH(TRIM(D42),'CLM & IM Mapping'!$A$2:$A$270,0)),"Not Mapped"))} -> Un Mapped | G42: RETAIL_STORE | H42: -2863 | I42: 33910 | J42: 0 | K42: 1993 | L42: 363 | M42: 0 | N42: 0 | O42: 0 | P42: 33402 | S42: * Total IH loss is ₹33.4K, mainly from FCC bin ₹33.9K. * Majority impact is from FCC bin of ₹33.9K. Excluding this, the store is ₹508 positive. * Adjustment is a gain of ₹2.9K, which offsets part of the loss in other buckets. * Top loss categories: Chips & Crisps (Munchies) ₹10.1K (27%), Chicken (Meats, Fish & Eggs) ₹9.3K (25%), Dairy, Bread & Eggs ₹7.3K (19%), Dry Fruits & Nuts (Masala, Dry Fruits & More) ₹3.1K (8%), Fruit Juices & Drinks (Cold Drinks & Juices) ₹1.7K (4%). Share is of ₹37.6K net loss across loss-making categories. * Loss is spread across 708 SKUs and the top 10 make 18% of SKU-level loss. * Theft-prone SKUs show net loss of ₹3.4K, led by dry fruits & nuts ₹3.4K. | U42: B,O | V42: 18034
A43: 46303 | B43: South1 | C43: Bengaluru | D43: BLR-Nehru Nagar | E43: {=IF(D43="","",IFERROR(INDEX('CLM & IM Mapping'!$B$2:$B$270,MATCH(TRIM(D43),'CLM & IM Mapping'!$A$2:$A$270,0)),"Not Mapped"))} -> Akshay P | F43: {=IF(D43="","",IFERROR(INDEX('CLM & IM Mapping'!$C$2:$C$270,MATCH(TRIM(D43),'CLM & IM Mapping'!$A$2:$A$270,0)),"Not Mapped"))} -> Srittam Dhal | G43: RETAIL_STORE | H43: 7636 | I43: 21392 | J43: 0 | K43: 301 | L43: 3982 | M43: 0 | N43: 0 | O43: 0 | P43: 33311 | S43: The W2W audit is currently in progress, and excess stock has been identified at the store. This month, the DRY vehicle shift was changed from night to day. Since the first day of the change, PP has been continuously piling up. Additionally, there is a Shift In-Charge delta of 1, resulting in the DHM handling one shift. Due to this manpower constraint, the team was not deployed for stock recovery. Currently, there is no backdated putaway pending. However, one Central Bin Movement task was assigned by the Planning team today. The team will close all pending work today, and the remaining stock recovery is targeted for completion by the 10th. | T43: 30000 | U43: I,H | V43: 10086
A44: 46303 | B44: South1 | C44: Bengaluru | D44: BLR-BELLANDUR-4 | E44: {=IF(D44="","",IFERROR(INDEX('CLM & IM Mapping'!$B$2:$B$270,MATCH(TRIM(D44),'CLM & IM Mapping'!$A$2:$A$270,0)),"Not Mapped"))} -> Ashwath S | F44: {=IF(D44="","",IFERROR(INDEX('CLM & IM Mapping'!$C$2:$C$270,MATCH(TRIM(D44),'CLM & IM Mapping'!$A$2:$A$270,0)),"Not Mapped"))} -> Kantha Kumar | G44: RETAIL_STORE | H44: 21341 | I44: 9514 | J44: 308 | K44: 0 | L44: 0 | M44: 0 | N44: 1394 | O44: 0 | P44: 32557 | S44: * Total IH loss is ₹32.6K, mainly from Adjustment ₹21.3K and FCC bin ₹9.5K. * Top loss categories: Dairy, Bread & Eggs ₹6.7K (34%), Atta, Rice, Oil & Dals ₹3.2K (16%), Fruit Juices & Drinks (Cold Drinks & Juices) ₹2.0K (10%), Biscuits ₹1.9K (10%), Munchies ₹1.7K (9%). Share is of ₹19.6K net loss across loss-making categories. * Loss is spread across 450 SKUs and the top 10 make 18% of SKU-level loss. * Aisles A and H hold ₹16.1K, 70% of bin-level loss. | U44: H,F | V44: 14669
A45: 46303 | B45: South1 | C45: Bengaluru | D45: BLR-Kamakshipalya | E45: {=IF(D45="","",IFERROR(INDEX('CLM & IM Mapping'!$B$2:$B$270,MATCH(TRIM(D45),'CLM & IM Mapping'!$A$2:$A$270,0)),"Not Mapped"))} -> Manoj Kj | F45: {=IF(D45="","",IFERROR(INDEX('CLM & IM Mapping'!$C$2:$C$270,MATCH(TRIM(D45),'CLM & IM Mapping'!$A$2:$A$270,0)),"Not Mapped"))} -> Srittam Dhal | G45: RETAIL_STORE | H45: 24834 | I45: 7008 | J45: 0 | K45: 0 | L45: 218 | M45: 0 | N45: 0 | O45: 0 | P45: 32060 | S45: Wrong putaway by LC1 IBAs. 2 CCAs have been deployed in high-FC aisles for recovery. | U45: Q,G | V45: 26273
A46: 46303 | B46: South1 | C46: Bengaluru | D46: BLR-RAMAMURTHY NAGAR NEW | E46: {=IF(D46="","",IFERROR(INDEX('CLM & IM Mapping'!$B$2:$B$270,MATCH(TRIM(D46),'CLM & IM Mapping'!$A$2:$A$270,0)),"Not Mapped"))} -> Rizwan Ahmed | F46: {=IF(D46="","",IFERROR(INDEX('CLM & IM Mapping'!$C$2:$C$270,MATCH(TRIM(D46),'CLM & IM Mapping'!$A$2:$A$270,0)),"Not Mapped"))} -> Un Mapped | G46: RETAIL_STORE | H46: 14300 | I46: 9717 | J46: 114 | K46: 6589 | L46: 776 | M46: 0 | N46: 0 | O46: 0 | P46: 31497 | S46: * Total IH loss is ₹31.5K, mainly from Adjustment ₹14.3K, FCC bin ₹9.7K and Shortpick ₹6.6K. * Top loss categories: Atta, Rice, Oil & Dals ₹9.9K (28%), Frozen Food ₹5.0K (14%), Ice Creams & More ₹4.7K (13%), Cold Drinks & Juices ₹4.6K (13%), Cleaning Essentials ₹2.7K (8%). Share is of ₹35.2K net loss across loss-making categories. * Loss is spread across 602 SKUs and the top 10 make 13% of SKU-level loss. * Theft-prone SKUs show net loss of ₹2.0K, led by premium chocolates ₹2.0K. * Aisles I and F hold ₹22.1K, 75% of bin-level loss. | U46: I,F | V46: 24007
A47: 46303 | B47: South1 | C47: Bengaluru | D47: BLR-Bellandur 6 | E47: {=IF(D47="","",IFERROR(INDEX('CLM & IM Mapping'!$B$2:$B$270,MATCH(TRIM(D47),'CLM & IM Mapping'!$A$2:$A$270,0)),"Not Mapped"))} -> Ashwath S | F47: {=IF(D47="","",IFERROR(INDEX('CLM & IM Mapping'!$C$2:$C$270,MATCH(TRIM(D47),'CLM & IM Mapping'!$A$2:$A$270,0)),"Not Mapped"))} -> Kantha Kumar | G47: RETAIL_STORE | H47: 19018 | I47: 10858 | J47: 27 | K47: 200 | L47: 179 | M47: 0 | N47: 120 | O47: 0 | P47: 30401 | S47: Bin movement is currently in progress. Once it is completed, the team will initiate 100% loss recovery and close all identified gaps on priority. | T47: 30000 | U47: D,J | V47: 28437
A48: 46303 | B48: South1 | C48: Bengaluru | D48: BLR-Sanjaynagar | E48: {=IF(D48="","",IFERROR(INDEX('CLM & IM Mapping'!$B$2:$B$270,MATCH(TRIM(D48),'CLM & IM Mapping'!$A$2:$A$270,0)),"Not Mapped"))} -> Akshay P | F48: {=IF(D48="","",IFERROR(INDEX('CLM & IM Mapping'!$C$2:$C$270,MATCH(TRIM(D48),'CLM & IM Mapping'!$A$2:$A$270,0)),"Not Mapped"))} -> Srittam Dhal | G48: RETAIL_STORE | H48: 3774 | I48: 23498 | J48: 301 | K48: 939 | L48: 732 | M48: 0 | N48: 1092 | O48: 63 | P48: 30399 | S48: Assortment and capacity have been breached by more than 100%, and floor handover is not being done properly. There has been a 2-SI delta for the last 20 days and also a 1-CCA delta; due to this MP issue, the DHM has not been able to work on shrinkage recovery. All deltas were closed 2 days ago, and both the SIs and packers are now under training. We will add squad support and recover the losses. | T48: 20000 | U48: I,E | V48: 25713
A49: 46303 | B49: South1 | C49: Bengaluru | D49: BLR-Richmond Town Network | E49: {=IF(D49="","",IFERROR(INDEX('CLM & IM Mapping'!$B$2:$B$270,MATCH(TRIM(D49),'CLM & IM Mapping'!$A$2:$A$270,0)),"Not Mapped"))} -> Vijay M | F49: {=IF(D49="","",IFERROR(INDEX('CLM & IM Mapping'!$C$2:$C$270,MATCH(TRIM(D49),'CLM & IM Mapping'!$A$2:$A$270,0)),"Not Mapped"))} -> Kantha Kumar | G49: RETAIL_STORE | H49: 23160 | I49: 5953 | J49: 227 | K49: 0 | L49: 479 | M49: 0 | N49: 198 | O49: 0 | P49: 30017 | S49: * Total IH loss is ₹30.0K, mainly from Adjustment ₹23.2K and FCC bin ₹6.0K. * Top loss categories: Dairy, Bread & Eggs ₹5.4K (28%), Ice Creams & More ₹2.5K (13%), Floor & Surface Cleaners (Cleaning Essentials) ₹2.5K (13%), Energy Drink (Cold Drinks & Juices) ₹1.9K (10%), Muesli & Oats (Breakfast & Sauces) ₹1.3K (7%). Share is of ₹19.4K net loss across loss-making categories. * Loss is spread across 438 SKUs and the top 10 make 16% of SKU-level loss. * Theft-prone SKUs show net loss of ₹2.9K, led by dry fruits & nuts ₹1.8K, cigarettes ₹941 and premium chocolates ₹96. * Aisles K and L hold ₹7.7K, 57% of bin-level loss. | U49: D,H | V49: 7781
A50: 46303 | B50: South1 | C50: Bengaluru | D50: BLR-Hope Farm New | E50: {=IF(D50="","",IFERROR(INDEX('CLM & IM Mapping'!$B$2:$B$270,MATCH(TRIM(D50),'CLM & IM Mapping'!$A$2:$A$270,0)),"Not Mapped"))} -> Ashwath S | F50: {=IF(D50="","",IFERROR(INDEX('CLM & IM Mapping'!$C$2:$C$270,MATCH(TRIM(D50),'CLM & IM Mapping'!$A$2:$A$270,0)),"Not Mapped"))} -> Kantha Kumar | G50: RETAIL_STORE | H50: 15739 | I50: 11064 | J50: 497 | K50: 2098 | L50: 354 | M50: 0 | N50: 0 | O50: 0 | P50: 29752 | S50: Recurring DHM behavioural and process-adherence issues have been observed at this store. The store is consistently reporting high-value negative adjustments every month, indicating a serious inventory-control concern. | T50: 25000 | U50: E,I | V50: 20254
A51: 46303 | B51: South1 | C51: Bengaluru | D51: BLR-Bagalakunte | E51: {=IF(D51="","",IFERROR(INDEX('CLM & IM Mapping'!$B$2:$B$270,MATCH(TRIM(D51),'CLM & IM Mapping'!$A$2:$A$270,0)),"Not Mapped"))} -> Akshay P | F51: {=IF(D51="","",IFERROR(INDEX('CLM & IM Mapping'!$C$2:$C$270,MATCH(TRIM(D51),'CLM & IM Mapping'!$A$2:$A$270,0)),"Not Mapped"))} -> Srittam Dhal | G51: RETAIL_STORE | H51: 12638 | I51: 16169 | J51: 265 | K51: 0 | L51: 107 | M51: 0 | N51: 0 | O51: 0 | P51: 29179 | T51: 20000 | U51: C,L | V51: 16999
A52: 46303 | B52: South1 | C52: Bengaluru | D52: BLR-Dooravani Nagar SS | E52: {=IF(D52="","",IFERROR(INDEX('CLM & IM Mapping'!$B$2:$B$270,MATCH(TRIM(D52),'CLM & IM Mapping'!$A$2:$A$270,0)),"Not Mapped"))} -> Arun Raj | F52: {=IF(D52="","",IFERROR(INDEX('CLM & IM Mapping'!$C$2:$C$270,MATCH(TRIM(D52),'CLM & IM Mapping'!$A$2:$A$270,0)),"Not Mapped"))} -> Simon Manoharan | G52: SUPERSTORE | H52: 462 | I52: 23403 | J52: 0 | K52: 0 | L52: 4786 | M52: 0 | N52: 0 | O52: 0 | P52: 28651 | U52: F,D | V52: 10875
A53: 46303 | B53: South1 | C53: Hosur | D53: HOS-Hosur | E53: {=IF(D53="","",IFERROR(INDEX('CLM & IM Mapping'!$B$2:$B$270,MATCH(TRIM(D53),'CLM & IM Mapping'!$A$2:$A$270,0)),"Not Mapped"))} -> Balaji G | F53: {=IF(D53="","",IFERROR(INDEX('CLM & IM Mapping'!$C$2:$C$270,MATCH(TRIM(D53),'CLM & IM Mapping'!$A$2:$A$270,0)),"Not Mapped"))} -> Mohammed Akbar | G53: RETAIL_STORE | H53: -203 | I53: 28240 | J53: 0 | K53: 0 | L53: 340 | M53: 0 | N53: 0 | O53: 0 | P53: 28377 | S53: DHM is not available in the store. 10 crates of excess stock are available in dry; they are being added back to inventory and recovery will be done. | T53: 28000 | U53: B,L | V53: 15749
A54: 46303 | B54: South1 | C54: Bengaluru | D54: BLR-Garudachar Palya | E54: {=IF(D54="","",IFERROR(INDEX('CLM & IM Mapping'!$B$2:$B$270,MATCH(TRIM(D54),'CLM & IM Mapping'!$A$2:$A$270,0)),"Not Mapped"))} -> Silambarasan E | F54: {=IF(D54="","",IFERROR(INDEX('CLM & IM Mapping'!$C$2:$C$270,MATCH(TRIM(D54),'CLM & IM Mapping'!$A$2:$A$270,0)),"Not Mapped"))} -> Arivind S | G54: RETAIL_STORE | H54: 18883 | I54: 7350 | J54: 1000 | K54: 615 | L54: 501 | M54: 0 | N54: 0 | O54: 0 | P54: 28349 | U54: C,D | V54: 11308
A55: 46303 | B55: South1 | C55: Bengaluru | D55: BLR-Sarjapur New | E55: {=IF(D55="","",IFERROR(INDEX('CLM & IM Mapping'!$B$2:$B$270,MATCH(TRIM(D55),'CLM & IM Mapping'!$A$2:$A$270,0)),"Not Mapped"))} -> Saddam Hussain | F55: {=IF(D55="","",IFERROR(INDEX('CLM & IM Mapping'!$C$2:$C$270,MATCH(TRIM(D55),'CLM & IM Mapping'!$A$2:$A$270,0)),"Not Mapped"))} -> Un Mapped | G55: RETAIL_STORE | H55: -4516 | I55: 31960 | J55: 0 | K55: 351 | L55: 161 | M55: 0 | N55: 181 | O55: 0 | P55: 28136 | U55: G,H | V55: 35851
A56: 46303 | B56: South1 | C56: Bengaluru | D56: BLR-BASAVANAPURA | E56: {=IF(D56="","",IFERROR(INDEX('CLM & IM Mapping'!$B$2:$B$270,MATCH(TRIM(D56),'CLM & IM Mapping'!$A$2:$A$270,0)),"Not Mapped"))} -> Richard Harris | F56: {=IF(D56="","",IFERROR(INDEX('CLM & IM Mapping'!$C$2:$C$270,MATCH(TRIM(D56),'CLM & IM Mapping'!$A$2:$A$270,0)),"Not Mapped"))} -> Kantha Kumar | G56: RETAIL_STORE | H56: 16726 | I56: 10196 | J56: 0 | K56: 96 | L56: 454 | M56: 0 | N56: 0 | O56: 0 | P56: 27472 | U56: G,F | V56: 18642
A57: 46303 | B57: South1 | C57: Bengaluru | D57: BLR-CV Raman Nagar Network-2 | E57: {=IF(D57="","",IFERROR(INDEX('CLM & IM Mapping'!$B$2:$B$270,MATCH(TRIM(D57),'CLM & IM Mapping'!$A$2:$A$270,0)),"Not Mapped"))} -> Silambarasan E | F57: {=IF(D57="","",IFERROR(INDEX('CLM & IM Mapping'!$C$2:$C$270,MATCH(TRIM(D57),'CLM & IM Mapping'!$A$2:$A$270,0)),"Not Mapped"))} -> Arivind S | G57: RETAIL_STORE | H57: 24616 | I57: 1423 | J57: 38 | K57: 0 | L57: 1222 | M57: 0 | N57: 0 | O57: 0 | P57: 27298 | U57: A,D | V57: 20082
A58: 46303 | B58: South1 | C58: Bengaluru | D58: BLR-Seegehalli | E58: {=IF(D58="","",IFERROR(INDEX('CLM & IM Mapping'!$B$2:$B$270,MATCH(TRIM(D58),'CLM & IM Mapping'!$A$2:$A$270,0)),"Not Mapped"))} -> Richard Harris | F58: {=IF(D58="","",IFERROR(INDEX('CLM & IM Mapping'!$C$2:$C$270,MATCH(TRIM(D58),'CLM & IM Mapping'!$A$2:$A$270,0)),"Not Mapped"))} -> Kantha Kumar | G58: RETAIL_STORE | H58: 6414 | I58: 11926 | J58: 0 | K58: 1448 | L58: 63 | M58: 0 | N58: 0 | O58: 7417 | P58: 27268 | U58: A,B | V58: 18547
A59: 46303 | B59: South1 | C59: Bengaluru | D59: BLR-HBR Layout | E59: {=IF(D59="","",IFERROR(INDEX('CLM & IM Mapping'!$B$2:$B$270,MATCH(TRIM(D59),'CLM & IM Mapping'!$A$2:$A$270,0)),"Not Mapped"))} -> Girish N | F59: {=IF(D59="","",IFERROR(INDEX('CLM & IM Mapping'!$C$2:$C$270,MATCH(TRIM(D59),'CLM & IM Mapping'!$A$2:$A$270,0)),"Not Mapped"))} -> Un Mapped | G59: RETAIL_STORE | H59: 4568 | I59: 18329 | J59: 2129 | K59: 106 | L59: 765 | M59: 0 | N59: 0 | O59: 0 | P59: 25896 | U59: J,B | V59: 24177
A60: 46303 | B60: South1 | C60: Bengaluru | D60: BLR-Hennur New | E60: {=IF(D60="","",IFERROR(INDEX('CLM & IM Mapping'!$B$2:$B$270,MATCH(TRIM(D60),'CLM & IM Mapping'!$A$2:$A$270,0)),"Not Mapped"))} -> Adhavan Subramani | F60: {=IF(D60="","",IFERROR(INDEX('CLM & IM Mapping'!$C$2:$C$270,MATCH(TRIM(D60),'CLM & IM Mapping'!$A$2:$A$270,0)),"Not Mapped"))} -> Mohammed Akbar | G60: RETAIL_STORE | H60: -9055 | I60: 0 | J60: 0 | K60: 34052 | L60: 0 | M60: 0 | N60: 0 | O60: 0 | P60: 24998 | S60: Store closed – recirculation picking is in progress. | U60: 1 | V60: 720
A61: 46303 | B61: South1 | C61: Bengaluru | D61: BLR-HEBBAL NEW | E61: {=IF(D61="","",IFERROR(INDEX('CLM & IM Mapping'!$B$2:$B$270,MATCH(TRIM(D61),'CLM & IM Mapping'!$A$2:$A$270,0)),"Not Mapped"))} -> Girish N | F61: {=IF(D61="","",IFERROR(INDEX('CLM & IM Mapping'!$C$2:$C$270,MATCH(TRIM(D61),'CLM & IM Mapping'!$A$2:$A$270,0)),"Not Mapped"))} -> Un Mapped | G61: RETAIL_STORE | H61: -4546 | I61: 23681 | J61: 0 | K61: 617 | L61: 5061 | M61: 0 | N61: 0 | O61: 0 | P61: 24812 | U61: J,C | V61: 10630
A62: 46303 | B62: South1 | C62: Bengaluru | D62: BLR-Narayanapura Network | E62: {=IF(D62="","",IFERROR(INDEX('CLM & IM Mapping'!$B$2:$B$270,MATCH(TRIM(D62),'CLM & IM Mapping'!$A$2:$A$270,0)),"Not Mapped"))} -> Adhavan Subramani | F62: {=IF(D62="","",IFERROR(INDEX('CLM & IM Mapping'!$C$2:$C$270,MATCH(TRIM(D62),'CLM & IM Mapping'!$A$2:$A$270,0)),"Not Mapped"))} -> Mohammed Akbar | G62: RETAIL_STORE | H62: 14994 | I62: 5392 | J62: 580 | K62: 44 | L62: 23 | M62: 0 | N62: 1321 | O62: 0 | P62: 22354 | S62: Wrong SBC by CCAs in Aisle D led to a ₹10K negative adjustment. 2 CCAs will be assigned for recovery. | T62: 22000 | U62: F,B | V62: 13632
A63: 46303 | B63: South1 | C63: Bengaluru | D63: BLR-Arekere | E63: {=IF(D63="","",IFERROR(INDEX('CLM & IM Mapping'!$B$2:$B$270,MATCH(TRIM(D63),'CLM & IM Mapping'!$A$2:$A$270,0)),"Not Mapped"))} -> Manjunatha V | F63: {=IF(D63="","",IFERROR(INDEX('CLM & IM Mapping'!$C$2:$C$270,MATCH(TRIM(D63),'CLM & IM Mapping'!$A$2:$A$270,0)),"Not Mapped"))} -> Un Mapped | G63: RETAIL_STORE | H63: -30293 | I63: 19556 | J63: 188 | K63: 31331 | L63: 1349 | M63: 0 | N63: 0 | O63: 0 | P63: 22131 | U63: C,G | V63: 18766
A64: 46303 | B64: South1 | C64: Bengaluru | D64: BLR-Devanahalli | E64: {=IF(D64="","",IFERROR(INDEX('CLM & IM Mapping'!$B$2:$B$270,MATCH(TRIM(D64),'CLM & IM Mapping'!$A$2:$A$270,0)),"Not Mapped"))} -> Adhavan Subramani | F64: {=IF(D64="","",IFERROR(INDEX('CLM & IM Mapping'!$C$2:$C$270,MATCH(TRIM(D64),'CLM & IM Mapping'!$A$2:$A$270,0)),"Not Mapped"))} -> Mohammed Akbar | G64: RETAIL_STORE | H64: 11541 | I64: 8646 | J64: 418 | K64: 230 | L64: 538 | M64: 0 | N64: 576 | O64: 0 | P64: 21949 | S64: Wrong adjustment of rice bags done by CCAs and putaway errors by LC1 IBAs. 3 CCAs have been deployed for recovery. | T64: 22000 | U64: G,E | V64: 8515
A65: 46303 | B65: South1 | C65: Bengaluru | D65: BLR-Jayanagar 9th block | E65: {=IF(D65="","",IFERROR(INDEX('CLM & IM Mapping'!$B$2:$B$270,MATCH(TRIM(D65),'CLM & IM Mapping'!$A$2:$A$270,0)),"Not Mapped"))} -> Suhas N | F65: {=IF(D65="","",IFERROR(INDEX('CLM & IM Mapping'!$C$2:$C$270,MATCH(TRIM(D65),'CLM & IM Mapping'!$A$2:$A$270,0)),"Not Mapped"))} -> Aravind S | G65: RETAIL_STORE | H65: 7126 | I65: 13109 | J65: 0 | K65: 0 | L65: 1666 | M65: 0 | N65: 0 | O65: 0 | P65: 21901 | S65: CC and squad have been deployed for **planogram setup and W2W activities**. | T65: 20000 | U65: C,H | V65: 7304
A66: 46303 | B66: South1 | C66: Bengaluru | D66: BLR-RWF Yelahanka | E66: {=IF(D66="","",IFERROR(INDEX('CLM & IM Mapping'!$B$2:$B$270,MATCH(TRIM(D66),'CLM & IM Mapping'!$A$2:$A$270,0)),"Not Mapped"))} -> Akshay P | F66: {=IF(D66="","",IFERROR(INDEX('CLM & IM Mapping'!$C$2:$C$270,MATCH(TRIM(D66),'CLM & IM Mapping'!$A$2:$A$270,0)),"Not Mapped"))} -> Srittam Dhal | G66: RETAIL_STORE | H66: 10290 | I66: 10216 | J66: 0 | K66: 0 | L66: 593 | M66: 0 | N66: 0 | O66: 452 | P66: 21552 | S66: DHM & SI monitoring issue at the store: despite stock being available in primary bins, items were marked FC by packers. The DHM is serving the notice period. | T66: 15000 | U66: J,N | V66: 12430
A67: 46303 | B67: South1 | C67: Bengaluru | D67: BLR-Brookfield Network-2 | E67: {=IF(D67="","",IFERROR(INDEX('CLM & IM Mapping'!$B$2:$B$270,MATCH(TRIM(D67),'CLM & IM Mapping'!$A$2:$A$270,0)),"Not Mapped"))} -> Silambarasan E | F67: {=IF(D67="","",IFERROR(INDEX('CLM & IM Mapping'!$C$2:$C$270,MATCH(TRIM(D67),'CLM & IM Mapping'!$A$2:$A$270,0)),"Not Mapped"))} -> Arivind S | G67: RETAIL_STORE | H67: 527 | I67: 14651 | J67: 599 | K67: 1905 | L67: 2728 | M67: 0 | N67: 179 | O67: 773 | P67: 21363 | S67: Wall-to-wall was planned with the squad and has been completed; recovery is still pending, and the squad has been assigned for recovery. | T67: 21 k | U67: H,D | V67: 22942
A68: 46303 | B68: South1 | C68: Hubballi | D68: HBL-Keshwapura | E68: {=IF(D68="","",IFERROR(INDEX('CLM & IM Mapping'!$B$2:$B$270,MATCH(TRIM(D68),'CLM & IM Mapping'!$A$2:$A$270,0)),"Not Mapped"))} -> Bangareppa CS | F68: {=IF(D68="","",IFERROR(INDEX('CLM & IM Mapping'!$C$2:$C$270,MATCH(TRIM(D68),'CLM & IM Mapping'!$A$2:$A$270,0)),"Not Mapped"))} -> Kishor K | G68: RETAIL_STORE | H68: 18163 | I68: 1919 | J68: 0 | K68: 0 | L68: 735 | M68: 0 | N68: 0 | O68: 0 | P68: 20817 | S68: CCA was cross-deployed and there is a DH monitoring gap. A W2W audit is currently in progress, and Squad has now been deployed for recovery. | T68: 20000 | U68: B,A | V68: 792
A69: 46303 | B69: South1 | C69: Bengaluru | D69: BLR-Brookfield Network | E69: {=IF(D69="","",IFERROR(INDEX('CLM & IM Mapping'!$B$2:$B$270,MATCH(TRIM(D69),'CLM & IM Mapping'!$A$2:$A$270,0)),"Not Mapped"))} -> Silambarasan E | F69: {=IF(D69="","",IFERROR(INDEX('CLM & IM Mapping'!$C$2:$C$270,MATCH(TRIM(D69),'CLM & IM Mapping'!$A$2:$A$270,0)),"Not Mapped"))} -> Arivind S | G69: RETAIL_STORE | H69: 8356 | I69: 9481 | J69: 1526 | K69: 0 | L69: 589 | M69: 0 | N69: 0 | O69: 0 | P69: 19952 | U69: K,E | V69: 11237
A70: 46303 | B70: South1 | C70: Bengaluru | D70: BLR-Bellandur-3 | E70: {=IF(D70="","",IFERROR(INDEX('CLM & IM Mapping'!$B$2:$B$270,MATCH(TRIM(D70),'CLM & IM Mapping'!$A$2:$A$270,0)),"Not Mapped"))} -> Ashwath S | F70: {=IF(D70="","",IFERROR(INDEX('CLM & IM Mapping'!$C$2:$C$270,MATCH(TRIM(D70),'CLM & IM Mapping'!$A$2:$A$270,0)),"Not Mapped"))} -> Kantha Kumar | G70: RETAIL_STORE | H70: 7252 | I70: 9912 | J70: 38 | K70: 2129 | L70: 187 | M70: 0 | N70: 0 | O70: 0 | P70: 19518 | U70: I,H | V70: 49699
A71: 46303 | B71: South1 | C71: Bengaluru | D71: BLR-BASAVANAPURA SS | E71: {=IF(D71="","",IFERROR(INDEX('CLM & IM Mapping'!$B$2:$B$270,MATCH(TRIM(D71),'CLM & IM Mapping'!$A$2:$A$270,0)),"Not Mapped"))} -> Arun Raj | F71: {=IF(D71="","",IFERROR(INDEX('CLM & IM Mapping'!$C$2:$C$270,MATCH(TRIM(D71),'CLM & IM Mapping'!$A$2:$A$270,0)),"Not Mapped"))} -> Simon Manoharan | G71: SUPERSTORE | H71: 6867 | I71: 11317 | J71: 0 | K71: 0 | L71: 876 | M71: 0 | N71: 0 | O71: 0 | P71: 19060 | U71: D,F | V71: 5124
A72: 46303 | B72: South1 | C72: Kochi | D72: KOC-Infopark | E72: {=IF(D72="","",IFERROR(INDEX('CLM & IM Mapping'!$B$2:$B$270,MATCH(TRIM(D72),'CLM & IM Mapping'!$A$2:$A$270,0)),"Not Mapped"))} -> Vishnu V | F72: {=IF(D72="","",IFERROR(INDEX('CLM & IM Mapping'!$C$2:$C$270,MATCH(TRIM(D72),'CLM & IM Mapping'!$A$2:$A$270,0)),"Not Mapped"))} -> Arivind S | G72: RETAIL_STORE | H72: -14100 | I72: 14892 | J72: 1759 | K72: 263 | L72: 110 | M72: 0 | N72: 15548 | O72: 0 | P72: 18472 | U72: F,A | V72: 5540
A73: 46303 | B73: South1 | C73: Kochi | D73: KOC-Kalamassery SS | E73: {=IF(D73="","",IFERROR(INDEX('CLM & IM Mapping'!$B$2:$B$270,MATCH(TRIM(D73),'CLM & IM Mapping'!$A$2:$A$270,0)),"Not Mapped"))} -> Vishnu V | F73: {=IF(D73="","",IFERROR(INDEX('CLM & IM Mapping'!$C$2:$C$270,MATCH(TRIM(D73),'CLM & IM Mapping'!$A$2:$A$270,0)),"Not Mapped"))} -> Arivind S | G73: SUPERSTORE | H73: 122 | I73: 17260 | J73: 0 | K73: 0 | L73: 0 | M73: 0 | N73: 0 | O73: 0 | P73: 17382 | U73: B,G | V73: 7554
A74: 46303 | B74: South1 | C74: Bengaluru | D74: BLR-JC Nagar | E74: {=IF(D74="","",IFERROR(INDEX('CLM & IM Mapping'!$B$2:$B$270,MATCH(TRIM(D74),'CLM & IM Mapping'!$A$2:$A$270,0)),"Not Mapped"))} -> Manoj Kj | F74: {=IF(D74="","",IFERROR(INDEX('CLM & IM Mapping'!$C$2:$C$270,MATCH(TRIM(D74),'CLM & IM Mapping'!$A$2:$A$270,0)),"Not Mapped"))} -> Srittam Dhal | G74: RETAIL_STORE | H74: 84 | I74: 0 | J74: 0 | K74: 16377 | L74: 0 | M74: 0 | N74: 0 | O74: 0 | P74: 16461 | U74: F,H | V74: 84
A75: 46303 | B75: South1 | C75: Bengaluru | D75: BLR-Shivaji nagar New | E75: {=IF(D75="","",IFERROR(INDEX('CLM & IM Mapping'!$B$2:$B$270,MATCH(TRIM(D75),'CLM & IM Mapping'!$A$2:$A$270,0)),"Not Mapped"))} -> Vijay M | F75: {=IF(D75="","",IFERROR(INDEX('CLM & IM Mapping'!$C$2:$C$270,MATCH(TRIM(D75),'CLM & IM Mapping'!$A$2:$A$270,0)),"Not Mapped"))} -> Kantha Kumar | G75: RETAIL_STORE | H75: -2679 | I75: 15849 | J75: 0 | K75: 60 | L75: 1571 | M75: 0 | N75: 1559 | O75: 0 | P75: 16360 | U75: M,L | V75: 17398
A76: 46303 | B76: South1 | C76: Bengaluru | D76: BLR-Nehru Nagar SS | E76: {=IF(D76="","",IFERROR(INDEX('CLM & IM Mapping'!$B$2:$B$270,MATCH(TRIM(D76),'CLM & IM Mapping'!$A$2:$A$270,0)),"Not Mapped"))} -> Arun Raj | F76: {=IF(D76="","",IFERROR(INDEX('CLM & IM Mapping'!$C$2:$C$270,MATCH(TRIM(D76),'CLM & IM Mapping'!$A$2:$A$270,0)),"Not Mapped"))} -> Simon Manoharan | G76: SUPERSTORE | H76: -2036 | I76: 111 | J76: 0 | K76: 0 | L76: 523 | M76: 0 | N76: 17559 | O76: 0 | P76: 16158 | U76: A,ART | V76: 4603
A77: 46303 | B77: South1 | C77: Bengaluru | D77: BLR-Nikoo home SS | E77: {=IF(D77="","",IFERROR(INDEX('CLM & IM Mapping'!$B$2:$B$270,MATCH(TRIM(D77),'CLM & IM Mapping'!$A$2:$A$270,0)),"Not Mapped"))} -> Arun Raj | F77: {=IF(D77="","",IFERROR(INDEX('CLM & IM Mapping'!$C$2:$C$270,MATCH(TRIM(D77),'CLM & IM Mapping'!$A$2:$A$270,0)),"Not Mapped"))} -> Simon Manoharan | G77: SUPERSTORE | H77: 137 | I77: 14237 | J77: 0 | K77: 0 | L77: 1674 | M77: 0 | N77: 0 | O77: 0 | P77: 16049 | U77: O,F | V77: 6820
A78: 46303 | B78: South1 | C78: Bengaluru | D78: BLR-Avalahalli Main | E78: {=IF(D78="","",IFERROR(INDEX('CLM & IM Mapping'!$B$2:$B$270,MATCH(TRIM(D78),'CLM & IM Mapping'!$A$2:$A$270,0)),"Not Mapped"))} -> Suhas N | F78: {=IF(D78="","",IFERROR(INDEX('CLM & IM Mapping'!$C$2:$C$270,MATCH(TRIM(D78),'CLM & IM Mapping'!$A$2:$A$270,0)),"Not Mapped"))} -> Aravind S | G78: RETAIL_STORE | H78: -2744 | I78: 5055 | J78: 0 | K78: 75 | L78: 7309 | M78: 0 | N78: 5831 | O78: 0 | P78: 15527 | S78: DHM monitoring gap identified, and the assigned DHM has absconded. The Banashankari DHM has been temporarily deployed to control and stabilize operations. | T78: 10000 | U78: G,H | V78: 28158
A79: 46303 | B79: South1 | C79: Bengaluru | D79: BLR-Peenya New | E79: {=IF(D79="","",IFERROR(INDEX('CLM & IM Mapping'!$B$2:$B$270,MATCH(TRIM(D79),'CLM & IM Mapping'!$A$2:$A$270,0)),"Not Mapped"))} -> Akshay P | F79: {=IF(D79="","",IFERROR(INDEX('CLM & IM Mapping'!$C$2:$C$270,MATCH(TRIM(D79),'CLM & IM Mapping'!$A$2:$A$270,0)),"Not Mapped"))} -> Srittam Dhal | G79: RETAIL_STORE | H79: 12137 | I79: 1776 | J79: 51 | K79: 111 | L79: 1054 | M79: 0 | N79: 0 | O79: 0 | P79: 15130 | S79: W2W audit in progress; recovery will be done once SBC is completed. | U79: K,J | V79: 14320
A80: 46303 | B80: South1 | C80: Bengaluru | D80: BLR-JAYANAGAR New | E80: {=IF(D80="","",IFERROR(INDEX('CLM & IM Mapping'!$B$2:$B$270,MATCH(TRIM(D80),'CLM & IM Mapping'!$A$2:$A$270,0)),"Not Mapped"))} -> Suhas N | F80: {=IF(D80="","",IFERROR(INDEX('CLM & IM Mapping'!$C$2:$C$270,MATCH(TRIM(D80),'CLM & IM Mapping'!$A$2:$A$270,0)),"Not Mapped"))} -> Aravind S | G80: RETAIL_STORE | H80: -1601 | I80: 1285 | J80: 161 | K80: 11109 | L80: 3740 | M80: 0 | N80: 0 | O80: 0 | P80: 14693 | S80: RC wrong-shot picking was identified by the DHM, and the Add Excess process is currently in progress. | T80: 10000 | U80: N,C | V80: 8086
A81: 46303 | B81: South1 | C81: Bengaluru | D81: BLR-Sompura | E81: {=IF(D81="","",IFERROR(INDEX('CLM & IM Mapping'!$B$2:$B$270,MATCH(TRIM(D81),'CLM & IM Mapping'!$A$2:$A$270,0)),"Not Mapped"))} -> Sundaresh S | F81: {=IF(D81="","",IFERROR(INDEX('CLM & IM Mapping'!$C$2:$C$270,MATCH(TRIM(D81),'CLM & IM Mapping'!$A$2:$A$270,0)),"Not Mapped"))} -> Un Mapped | G81: RETAIL_STORE | H81: 10126 | I81: 1106 | J81: 0 | K81: 274 | L81: 184 | M81: 0 | N81: 2985 | O81: 0 | P81: 14674 | U81: O,D | V81: 26227
A82: 46303 | B82: South1 | C82: Bengaluru | D82: BLR-Banashankari New | E82: {=IF(D82="","",IFERROR(INDEX('CLM & IM Mapping'!$B$2:$B$270,MATCH(TRIM(D82),'CLM & IM Mapping'!$A$2:$A$270,0)),"Not Mapped"))} -> Suhas N | F82: {=IF(D82="","",IFERROR(INDEX('CLM & IM Mapping'!$C$2:$C$270,MATCH(TRIM(D82),'CLM & IM Mapping'!$A$2:$A$270,0)),"Not Mapped"))} -> Aravind S | G82: RETAIL_STORE | H82: 2224 | I82: 8085 | J82: 0 | K82: 1589 | L82: 165 | M82: 0 | N82: 1514 | O82: 0 | P82: 13576 | S82: FCC apple-to-apple reconciliation done and ₹6K value identified. | T82: 6000 | U82: L,B | V82: 6007
A83: 46303 | B83: South1 | C83: Bengaluru | D83: BLR-Bagalur | E83: {=IF(D83="","",IFERROR(INDEX('CLM & IM Mapping'!$B$2:$B$270,MATCH(TRIM(D83),'CLM & IM Mapping'!$A$2:$A$270,0)),"Not Mapped"))} -> Adhavan Subramani | F83: {=IF(D83="","",IFERROR(INDEX('CLM & IM Mapping'!$C$2:$C$270,MATCH(TRIM(D83),'CLM & IM Mapping'!$A$2:$A$270,0)),"Not Mapped"))} -> Mohammed Akbar | G83: RETAIL_STORE | H83: -6675 | I83: 16761 | J83: 928 | K83: 420 | L83: 1098 | M83: 0 | N83: 59 | O83: 330 | P83: 12922 | S83: Wrong putaway, and products were placed in wrong bins during floor clearance. A W2W audit has been initiated along with recovery. | T83: 12000 | U83: C,E | V83: 11429
A84: 46303 | B84: South1 | C84: Bengaluru | D84: BLR-Singasandra SS | E84: {=IF(D84="","",IFERROR(INDEX('CLM & IM Mapping'!$B$2:$B$270,MATCH(TRIM(D84),'CLM & IM Mapping'!$A$2:$A$270,0)),"Not Mapped"))} -> Arun Raj | F84: {=IF(D84="","",IFERROR(INDEX('CLM & IM Mapping'!$C$2:$C$270,MATCH(TRIM(D84),'CLM & IM Mapping'!$A$2:$A$270,0)),"Not Mapped"))} -> Simon Manoharan | G84: SUPERSTORE | H84: -2075 | I84: 12709 | J84: 0 | K84: 0 | L84: 1301 | M84: 0 | N84: 0 | O84: 0 | P84: 11936 | U84: D,R | V84: 12434
A85: 46303 | B85: South1 | C85: Bengaluru | D85: BLR-Singapura | E85: {=IF(D85="","",IFERROR(INDEX('CLM & IM Mapping'!$B$2:$B$270,MATCH(TRIM(D85),'CLM & IM Mapping'!$A$2:$A$270,0)),"Not Mapped"))} -> Akshay P | F85: {=IF(D85="","",IFERROR(INDEX('CLM & IM Mapping'!$C$2:$C$270,MATCH(TRIM(D85),'CLM & IM Mapping'!$A$2:$A$270,0)),"Not Mapped"))} -> Srittam Dhal | G85: RETAIL_STORE | H85: -2729 | I85: 14097 | J85: 0 | K85: 0 | L85: 273 | M85: 0 | N85: 0 | O85: 0 | P85: 11641 | S85: W2W audit in progress; recovery will be done once SBC is completed. | U85: A,H | V85: 10829
A86: 46303 | B86: South1 | C86: Kochi | D86: KOC-Edappally | E86: {=IF(D86="","",IFERROR(INDEX('CLM & IM Mapping'!$B$2:$B$270,MATCH(TRIM(D86),'CLM & IM Mapping'!$A$2:$A$270,0)),"Not Mapped"))} -> Vishnu V | F86: {=IF(D86="","",IFERROR(INDEX('CLM & IM Mapping'!$C$2:$C$270,MATCH(TRIM(D86),'CLM & IM Mapping'!$A$2:$A$270,0)),"Not Mapped"))} -> Arivind S | G86: RETAIL_STORE | H86: 1004 | I86: 8174 | J86: 281 | K86: 1371 | L86: 507 | M86: 0 | N86: 0 | O86: 0 | P86: 11337 | U86: A,F | V86: 5393
A87: 46303 | B87: South1 | C87: Bengaluru | D87: BLR-Marathahalli New | E87: {=IF(D87="","",IFERROR(INDEX('CLM & IM Mapping'!$B$2:$B$270,MATCH(TRIM(D87),'CLM & IM Mapping'!$A$2:$A$270,0)),"Not Mapped"))} -> Basil Scariya | F87: {=IF(D87="","",IFERROR(INDEX('CLM & IM Mapping'!$C$2:$C$270,MATCH(TRIM(D87),'CLM & IM Mapping'!$A$2:$A$270,0)),"Not Mapped"))} -> Prakash BS | G87: RETAIL_STORE | H87: -14853 | I87: 19035 | J87: 0 | K87: 873 | L87: 3511 | M87: 0 | N87: 2507 | O87: 0 | P87: 11074 | S87: W2W audit is in progress; stock will be recovered by EOD. | T87: 10000 | U87: B,I | V87: 42937
A88: 46303 | B88: South1 | C88: Bengaluru | D88: BLR-BTM Layout Network-3 | E88: {=IF(D88="","",IFERROR(INDEX('CLM & IM Mapping'!$B$2:$B$270,MATCH(TRIM(D88),'CLM & IM Mapping'!$A$2:$A$270,0)),"Not Mapped"))} -> Raghavendra Vernekar | F88: {=IF(D88="","",IFERROR(INDEX('CLM & IM Mapping'!$C$2:$C$270,MATCH(TRIM(D88),'CLM & IM Mapping'!$A$2:$A$270,0)),"Not Mapped"))} -> Prakash BS | G88: RETAIL_STORE | H88: -29868 | I88: 39442 | J88: 156 | K88: 119 | L88: 1093 | M88: 0 | N88: 0 | O88: 0 | P88: 10941 | S88: W2W audit is in progress; stock will be recovered by EOD. | U88: I,K | V88: 11503
A89: 46303 | B89: South1 | C89: Bengaluru | D89: BLR-Mico layout network-2 | E89: {=IF(D89="","",IFERROR(INDEX('CLM & IM Mapping'!$B$2:$B$270,MATCH(TRIM(D89),'CLM & IM Mapping'!$A$2:$A$270,0)),"Not Mapped"))} -> Raghavendra Vernekar | F89: {=IF(D89="","",IFERROR(INDEX('CLM & IM Mapping'!$C$2:$C$270,MATCH(TRIM(D89),'CLM & IM Mapping'!$A$2:$A$270,0)),"Not Mapped"))} -> Prakash BS | G89: RETAIL_STORE | H89: -2622 | I89: 11454 | J89: 0 | K89: 815 | L89: 408 | M89: 0 | N89: 0 | O89: 0 | P89: 10056 | S89: W2W audit is in progress; stock will be recovered by EOD. | U89: F,K | V89: 5096
A90: 46303 | B90: South1 | C90: Belgavi | D90: BEL-Khanapur Road | E90: {=IF(D90="","",IFERROR(INDEX('CLM & IM Mapping'!$B$2:$B$270,MATCH(TRIM(D90),'CLM & IM Mapping'!$A$2:$A$270,0)),"Not Mapped"))} -> Majid Kakatikar | F90: {=IF(D90="","",IFERROR(INDEX('CLM & IM Mapping'!$C$2:$C$270,MATCH(TRIM(D90),'CLM & IM Mapping'!$A$2:$A$270,0)),"Not Mapped"))} -> Kishor K | G90: RETAIL_STORE | H90: 4667 | I90: 4363 | J90: 0 | K90: 430 | L90: 85 | M90: 0 | N90: 0 | O90: 0 | P90: 9545 | S90: Putaway deviation; W2W audit is in progress, and the losses will be recovered. | T90: 13000 | U90: O,A | V90: 2470
A91: 46303 | B91: South1 | C91: Bengaluru | D91: BLR-Hennur Main | E91: {=IF(D91="","",IFERROR(INDEX('CLM & IM Mapping'!$B$2:$B$270,MATCH(TRIM(D91),'CLM & IM Mapping'!$A$2:$A$270,0)),"Not Mapped"))} -> Adhavan Subramani | F91: {=IF(D91="","",IFERROR(INDEX('CLM & IM Mapping'!$C$2:$C$270,MATCH(TRIM(D91),'CLM & IM Mapping'!$A$2:$A$270,0)),"Not Mapped"))} -> Mohammed Akbar | G91: RETAIL_STORE | H91: -1394 | I91: 0 | J91: 0 | K91: 0 | L91: 2014 | M91: 0 | N91: 8853 | O91: 0 | P91: 9473 | U91: K,I | V91: 3178
A92: 46303 | B92: South1 | C92: Bengaluru | D92: BLR-Chikkanagamangala | E92: {=IF(D92="","",IFERROR(INDEX('CLM & IM Mapping'!$B$2:$B$270,MATCH(TRIM(D92),'CLM & IM Mapping'!$A$2:$A$270,0)),"Not Mapped"))} -> Balaji G | F92: {=IF(D92="","",IFERROR(INDEX('CLM & IM Mapping'!$C$2:$C$270,MATCH(TRIM(D92),'CLM & IM Mapping'!$A$2:$A$270,0)),"Not Mapped"))} -> Mohammed Akbar | G92: RETAIL_STORE | H92: 5392 | I92: 3343 | J92: 207 | K92: 0 | L92: 226 | M92: 0 | N92: 297 | O92: 0 | P92: 9465 | Q92: SLP investigation is in progress. | R92: 25000 | S92: 4 IBAs were involved in a theft case at the store (cigarettes and HV SKUs). SLP has asked the FR partner to hold their salaries. | U92: Q,A | V92: 4726
A93: 46303 | B93: South1 | C93: Bengaluru | D93: BLR-ITPL Layout | E93: {=IF(D93="","",IFERROR(INDEX('CLM & IM Mapping'!$B$2:$B$270,MATCH(TRIM(D93),'CLM & IM Mapping'!$A$2:$A$270,0)),"Not Mapped"))} -> Rizwan Ahmed | F93: {=IF(D93="","",IFERROR(INDEX('CLM & IM Mapping'!$C$2:$C$270,MATCH(TRIM(D93),'CLM & IM Mapping'!$A$2:$A$270,0)),"Not Mapped"))} -> Prakash BS | G93: RETAIL_STORE | H93: -8700 | I93: 11408 | J93: 0 | K93: 0 | L93: 6176 | M93: 0 | N93: 0 | O93: 0 | P93: 8883 | S93: W2W audit is in progress; stock will be recovered by EOD. | U93: I,M | V93: 12269
A94: 46303 | B94: South1 | C94: Bengaluru | D94: BLR-Doddakannelli SS | E94: {=IF(D94="","",IFERROR(INDEX('CLM & IM Mapping'!$B$2:$B$270,MATCH(TRIM(D94),'CLM & IM Mapping'!$A$2:$A$270,0)),"Not Mapped"))} -> Arun Raj | F94: {=IF(D94="","",IFERROR(INDEX('CLM & IM Mapping'!$C$2:$C$270,MATCH(TRIM(D94),'CLM & IM Mapping'!$A$2:$A$270,0)),"Not Mapped"))} -> Simon Manoharan | G94: SUPERSTORE | H94: -2019 | I94: 6545 | J94: 0 | K94: 272 | L94: 4026 | M94: 0 | N94: 0 | O94: 0 | P94: 8825 | U94: D,E | V94: 6813
A95: 46303 | B95: South1 | C95: Kochi | D95: KOC-Kalamassery | E95: {=IF(D95="","",IFERROR(INDEX('CLM & IM Mapping'!$B$2:$B$270,MATCH(TRIM(D95),'CLM & IM Mapping'!$A$2:$A$270,0)),"Not Mapped"))} -> Vishnu V | F95: {=IF(D95="","",IFERROR(INDEX('CLM & IM Mapping'!$C$2:$C$270,MATCH(TRIM(D95),'CLM & IM Mapping'!$A$2:$A$270,0)),"Not Mapped"))} -> Arivind S | G95: RETAIL_STORE | H95: -3369 | I95: 10805 | J95: 748 | K95: 0 | L95: 535 | M95: 0 | N95: 0 | O95: 0 | P95: 8719 | U95: B,D | V95: 9958
A96: 46303 | B96: South1 | C96: Mysuru | D96: MYQ-Chamundi Vihar | E96: {=IF(D96="","",IFERROR(INDEX('CLM & IM Mapping'!$B$2:$B$270,MATCH(TRIM(D96),'CLM & IM Mapping'!$A$2:$A$270,0)),"Not Mapped"))} -> Santhosha M | F96: {=IF(D96="","",IFERROR(INDEX('CLM & IM Mapping'!$C$2:$C$270,MATCH(TRIM(D96),'CLM & IM Mapping'!$A$2:$A$270,0)),"Not Mapped"))} -> Aravind S | G96: RETAIL_STORE | H96: 8097 | I96: 424 | J96: 0 | K96: 0 | L96: 132 | M96: 0 | N96: 0 | O96: 0 | P96: 8653 | U96: E,K | V96: 14889
A97: 46303 | B97: South1 | C97: Bengaluru | D97: BLR-Kasturinagar New | E97: {=IF(D97="","",IFERROR(INDEX('CLM & IM Mapping'!$B$2:$B$270,MATCH(TRIM(D97),'CLM & IM Mapping'!$A$2:$A$270,0)),"Not Mapped"))} -> Rizwan Ahmed | F97: {=IF(D97="","",IFERROR(INDEX('CLM & IM Mapping'!$C$2:$C$270,MATCH(TRIM(D97),'CLM & IM Mapping'!$A$2:$A$270,0)),"Not Mapped"))} -> Un Mapped | G97: RETAIL_STORE | H97: 5407 | I97: 2745 | J97: 0 | K97: 0 | L97: 0 | M97: 0 | N97: 0 | O97: 0 | P97: 8152 | U97: P,B | V97: 3996
A98: 46303 | B98: South1 | C98: Bengaluru | D98: BLR-Chandapura | E98: {=IF(D98="","",IFERROR(INDEX('CLM & IM Mapping'!$B$2:$B$270,MATCH(TRIM(D98),'CLM & IM Mapping'!$A$2:$A$270,0)),"Not Mapped"))} -> Balaji G | F98: {=IF(D98="","",IFERROR(INDEX('CLM & IM Mapping'!$C$2:$C$270,MATCH(TRIM(D98),'CLM & IM Mapping'!$A$2:$A$270,0)),"Not Mapped"))} -> Mohammed Akbar | G98: RETAIL_STORE | H98: 3821 | I98: 3869 | J98: 0 | K98: 0 | L98: 0 | M98: 0 | N98: 0 | O98: 0 | P98: 7689 | S98: Freezer stock has been mixed up, and wrong adjustments happened in the store due to wrong putaway. SI has been deployed for recovery. | T98: 10000 | U98: M,C | V98: 13544
A99: 46303 | B99: South1 | C99: Bengaluru | D99: BLR-Electronic City New | E99: {=IF(D99="","",IFERROR(INDEX('CLM & IM Mapping'!$B$2:$B$270,MATCH(TRIM(D99),'CLM & IM Mapping'!$A$2:$A$270,0)),"Not Mapped"))} -> Balaji G | F99: {=IF(D99="","",IFERROR(INDEX('CLM & IM Mapping'!$C$2:$C$270,MATCH(TRIM(D99),'CLM & IM Mapping'!$A$2:$A$270,0)),"Not Mapped"))} -> Mohammed Akbar | G99: RETAIL_STORE | H99: -482 | I99: 7047 | J99: 0 | K99: 0 | L99: 970 | M99: 0 | N99: 0 | O99: 0 | P99: 7536 | S99: Wrong putaway by LC1 IBAs – ₹4K has been recovered today, and the remaining value will be recovered today. 3 CCAs have been deployed for recovery. | T99: 10000 | U99: J,F | V99: 8300
A100: 46303 | B100: South1 | C100: Bengaluru | D100: BLR-Marathahalli-4 | E100: {=IF(D100="","",IFERROR(INDEX('CLM & IM Mapping'!$B$2:$B$270,MATCH(TRIM(D100),'CLM & IM Mapping'!$A$2:$A$270,0)),"Not Mapped"))} -> Sundaresh S | F100: {=IF(D100="","",IFERROR(INDEX('CLM & IM Mapping'!$C$2:$C$270,MATCH(TRIM(D100),'CLM & IM Mapping'!$A$2:$A$270,0)),"Not Mapped"))} -> Un Mapped | G100: RETAIL_STORE | H100: -2061 | I100: 8363 | J100: 0 | K100: 916 | L100: 119 | M100: 0 | N100: 0 | O100: 0 | P100: 7336 | U100: I,A | V100: 10123
...

Sheet Inventory Hygiene
A1: Date | B1: store_name | C1: CLM | D1: IM | E1: sub_store_type | F1: planogram_enabled_flag | G1: city_name | H1: Total Bins | I1: Target CC MTD | J1: CC MTD % | K1: BA MTD % | L1: IA MTD % | M1: CC ACC % | N1: CCA | O1: RCA & POA | P1: ETA
A2: 46303 | B2: BLR-Vidyaranyapura | C2: {=IF(B2="","",IFERROR(INDEX('CLM & IM Mapping'!$B$2:$B$270,MATCH(TRIM(B2),'CLM & IM Mapping'!$A$2:$A$270,0)),"Not Mapped"))} -> Akshay P | D2: {=IF(B2="","",IFERROR(INDEX('CLM & IM Mapping'!$C$2:$C$270,MATCH(TRIM(B2),'CLM & IM Mapping'!$A$2:$A$270,0)),"Not Mapped"))} -> Srittam Dhal | E2: RETAIL_STORE | F2: Yes | G2: Bengaluru | H2: 5212 | I2: 0.7 | J2: 0 | N2: 1 | O2: Store has been closed.
A3: 46303 | B3: BLR-BROOKEFIELD | C3: {=IF(B3="","",IFERROR(INDEX('CLM & IM Mapping'!$B$2:$B$270,MATCH(TRIM(B3),'CLM & IM Mapping'!$A$2:$A$270,0)),"Not Mapped"))} -> Basil Scariya | D3: {=IF(B3="","",IFERROR(INDEX('CLM & IM Mapping'!$C$2:$C$270,MATCH(TRIM(B3),'CLM & IM Mapping'!$A$2:$A$270,0)),"Not Mapped"))} -> Prakash BS | E3: RETAIL_STORE | F3: Yes | G3: Bengaluru | H3: 7849 | I3: 0.7 | J3: 0 | O3: Store has been closed.
A4: 46303 | B4: BLR-Vidyaranyapura SS | C4: {=IF(B4="","",IFERROR(INDEX('CLM & IM Mapping'!$B$2:$B$270,MATCH(TRIM(B4),'CLM & IM Mapping'!$A$2:$A$270,0)),"Not Mapped"))} -> Arun Raj | D4: {=IF(B4="","",IFERROR(INDEX('CLM & IM Mapping'!$C$2:$C$270,MATCH(TRIM(B4),'CLM & IM Mapping'!$A$2:$A$270,0)),"Not Mapped"))} -> Simon Manoharan | E4: SUPERSTORE | F4: No | G4: Bengaluru | H4: 12051 | I4: 0.7 | J4: 0 | O4: Store has been closed.
A5: 46303 | B5: BLR-JC Nagar | C5: {=IF(B5="","",IFERROR(INDEX('CLM & IM Mapping'!$B$2:$B$270,MATCH(TRIM(B5),'CLM & IM Mapping'!$A$2:$A$270,0)),"Not Mapped"))} -> Manoj Kj | D5: {=IF(B5="","",IFERROR(INDEX('CLM & IM Mapping'!$C$2:$C$270,MATCH(TRIM(B5),'CLM & IM Mapping'!$A$2:$A$270,0)),"Not Mapped"))} -> Srittam Dhal | E5: RETAIL_STORE | F5: Yes | G5: Bengaluru | H5: 5421 | I5: 0.7 | J5: 0.01 | K5: 0.97 | L5: 0.99 | M5: 0.06 | N5: 5 | O5: Store has been closed.
A6: 46303 | B6: BLR-Balagere SS | C6: {=IF(B6="","",IFERROR(INDEX('CLM & IM Mapping'!$B$2:$B$270,MATCH(TRIM(B6),'CLM & IM Mapping'!$A$2:$A$270,0)),"Not Mapped"))} -> Arun Raj | D6: {=IF(B6="","",IFERROR(INDEX('CLM & IM Mapping'!$C$2:$C$270,MATCH(TRIM(B6),'CLM & IM Mapping'!$A$2:$A$270,0)),"Not Mapped"))} -> Simon Manoharan | E6: SUPERSTORE | F6: No | G6: Bengaluru | H6: 10619 | I6: 0.7 | J6: 0.02 | K6: 0 | L6: -22.56 | M6: 0 | O6: Store has been closed.
A7: 46303 | B7: BLR-JP Nagar SS | C7: {=IF(B7="","",IFERROR(INDEX('CLM & IM Mapping'!$B$2:$B$270,MATCH(TRIM(B7),'CLM & IM Mapping'!$A$2:$A$270,0)),"Not Mapped"))} -> Arun Raj | D7: {=IF(B7="","",IFERROR(INDEX('CLM & IM Mapping'!$C$2:$C$270,MATCH(TRIM(B7),'CLM & IM Mapping'!$A$2:$A$270,0)),"Not Mapped"))} -> Simon Manoharan | E7: SUPERSTORE | F7: No | G7: Bengaluru | H7: 13730 | I7: 0.7 | J7: 0.06 | K7: 0.96 | L7: 0.98 | M7: 0.26 | N7: 1 | O7: Store has been closed.
A8: 46303 | B8: BLR-Eldorado | C8: {=IF(B8="","",IFERROR(INDEX('CLM & IM Mapping'!$B$2:$B$270,MATCH(TRIM(B8),'CLM & IM Mapping'!$A$2:$A$270,0)),"Not Mapped"))} -> Adhavan Subramani | D8: {=IF(B8="","",IFERROR(INDEX('CLM & IM Mapping'!$C$2:$C$270,MATCH(TRIM(B8),'CLM & IM Mapping'!$A$2:$A$270,0)),"Not Mapped"))} -> Mohammed Akbar | E8: RETAIL_STORE | F8: Yes | G8: Bengaluru | H8: 5759 | I8: 0.7 | J8: 0.07 | K8: 0.92 | L8: 0.92 | O8: New store launched last month – no CCAs available. | P8: 15th Oct
A9: 46303 | B9: COI-R S Puram | C9: {=IF(B9="","",IFERROR(INDEX('CLM & IM Mapping'!$B$2:$B$270,MATCH(TRIM(B9),'CLM & IM Mapping'!$A$2:$A$270,0)),"Not Mapped"))} -> John Britto | D9: {=IF(B9="","",IFERROR(INDEX('CLM & IM Mapping'!$C$2:$C$270,MATCH(TRIM(B9),'CLM & IM Mapping'!$A$2:$A$270,0)),"Not Mapped"))} -> Aravind S | E9: RETAIL_STORE | F9: Yes | G9: Coimbatore | H9: 5114 | I9: 0.7 | J9: 0.07 | K9: 0.94 | L9: 0.96 | M9: 0.31 | N9: 1 | O9: SI & CC delta. Deployed 3 CCs from other stores. | P9: 15th Oct
A10: 46303 | B10: COI-Parashakti nagar | C10: {=IF(B10="","",IFERROR(INDEX('CLM & IM Mapping'!$B$2:$B$270,MATCH(TRIM(B10),'CLM & IM Mapping'!$A$2:$A$270,0)),"Not Mapped"))} -> John Britto | D10: {=IF(B10="","",IFERROR(INDEX('CLM & IM Mapping'!$C$2:$C$270,MATCH(TRIM(B10),'CLM & IM Mapping'!$A$2:$A$270,0)),"Not Mapped"))} -> Aravind S | E10: RETAIL_STORE | F10: Yes | G10: Coimbatore | H10: 6188 | I10: 0.7 | J10: 0.1 | K10: 0.81 | L10: 0.98 | M10: 0.35 | N10: 3 | O10: Lowest-Performing Stores – Performance Action Plan | P10: 15th Oct
A11: 46303 | B11: COI-Sundarapuram | C11: {=IF(B11="","",IFERROR(INDEX('CLM & IM Mapping'!$B$2:$B$270,MATCH(TRIM(B11),'CLM & IM Mapping'!$A$2:$A$270,0)),"Not Mapped"))} -> John Britto | D11: {=IF(B11="","",IFERROR(INDEX('CLM & IM Mapping'!$C$2:$C$270,MATCH(TRIM(B11),'CLM & IM Mapping'!$A$2:$A$270,0)),"Not Mapped"))} -> Aravind S | E11: RETAIL_STORE | F11: Yes | G11: Coimbatore | H11: 6277 | I11: 0.7 | J11: 0.1 | K11: 0.81 | L11: 0.97 | M11: 0.37 | N11: 2 | O11: Lowest-Performing Stores – Performance Action Plan | P11: 15th Oct
A12: 46303 | B12: KOC-Kalamassery SS | C12: {=IF(B12="","",IFERROR(INDEX('CLM & IM Mapping'!$B$2:$B$270,MATCH(TRIM(B12),'CLM & IM Mapping'!$A$2:$A$270,0)),"Not Mapped"))} -> Vishnu V | D12: {=IF(B12="","",IFERROR(INDEX('CLM & IM Mapping'!$C$2:$C$270,MATCH(TRIM(B12),'CLM & IM Mapping'!$A$2:$A$270,0)),"Not Mapped"))} -> Arivind S | E12: SUPERSTORE | F12: No | G12: Kochi | H12: 6058 | I12: 0.7 | J12: 0.12 | K12: 0.99 | L12: 1 | M12: 0.52 | N12: 1 | O12: Continuous MP absenteeism in the store: on Saturday, 4 and 5 were absent out of a total of 13 MP. Due to high putaway, unable to cross-deploy. | P12: 14th
A13: 46303 | B13: BLR-RICHMOND TOWN SS | C13: {=IF(B13="","",IFERROR(INDEX('CLM & IM Mapping'!$B$2:$B$270,MATCH(TRIM(B13),'CLM & IM Mapping'!$A$2:$A$270,0)),"Not Mapped"))} -> Arun Raj | D13: {=IF(B13="","",IFERROR(INDEX('CLM & IM Mapping'!$C$2:$C$270,MATCH(TRIM(B13),'CLM & IM Mapping'!$A$2:$A$270,0)),"Not Mapped"))} -> Simon Manoharan | E13: SUPERSTORE | F13: No | G13: Bengaluru | H13: 12938 | I13: 0.7 | J13: 0.13 | K13: 0.77 | L13: 0.92 | M13: 0.46 | N13: 4 | O13: Stock movement is currently ongoing; once the movement is closed, we will complete the full W2W. | P13: 25th
A14: 46303 | B14: BLR-Malleshwaram SS | C14: {=IF(B14="","",IFERROR(INDEX('CLM & IM Mapping'!$B$2:$B$270,MATCH(TRIM(B14),'CLM & IM Mapping'!$A$2:$A$270,0)),"Not Mapped"))} -> Arun Raj | D14: {=IF(B14="","",IFERROR(INDEX('CLM & IM Mapping'!$C$2:$C$270,MATCH(TRIM(B14),'CLM & IM Mapping'!$A$2:$A$270,0)),"Not Mapped"))} -> Simon Manoharan | E14: SUPERSTORE | F14: No | G14: Bengaluru | H14: 7680 | I14: 0.7 | J14: 0.14 | K14: 0.76 | L14: 0.96 | M14: 0.46 | N14: 1 | O14: Store is recovering from an MP delta; a squad is currently deployed for the W2W audit. | P14: 15th
A15: 46303 | B15: BLR-RR Nagar SS | C15: {=IF(B15="","",IFERROR(INDEX('CLM & IM Mapping'!$B$2:$B$270,MATCH(TRIM(B15),'CLM & IM Mapping'!$A$2:$A$270,0)),"Not Mapped"))} -> Arun Raj | D15: {=IF(B15="","",IFERROR(INDEX('CLM & IM Mapping'!$C$2:$C$270,MATCH(TRIM(B15),'CLM & IM Mapping'!$A$2:$A$270,0)),"Not Mapped"))} -> Simon Manoharan | E15: SUPERSTORE | F15: No | G15: Bengaluru | H15: 11984 | I15: 0.7 | J15: 0.14 | K15: 0.94 | L15: 0.99 | M15: 0.6 | O15: The store is recovering from a delta of 9 MP; the hiring issue has been raised with the HR team. | P15: 15th
A16: 46303 | B16: COI-Nehru Nagar | C16: {=IF(B16="","",IFERROR(INDEX('CLM & IM Mapping'!$B$2:$B$270,MATCH(TRIM(B16),'CLM & IM Mapping'!$A$2:$A$270,0)),"Not Mapped"))} -> John Britto | D16: {=IF(B16="","",IFERROR(INDEX('CLM & IM Mapping'!$C$2:$C$270,MATCH(TRIM(B16),'CLM & IM Mapping'!$A$2:$A$270,0)),"Not Mapped"))} -> Aravind S | E16: RETAIL_STORE | F16: Yes | G16: Coimbatore | H16: 6791 | I16: 0.7 | J16: 0.14 | K16: 0.98 | L16: 1 | O16: Newly launched store; CC not nominated. | P16: 15th Oct
A17: 46303 | B17: BLR-Jakkur Network | C17: {=IF(B17="","",IFERROR(INDEX('CLM & IM Mapping'!$B$2:$B$270,MATCH(TRIM(B17),'CLM & IM Mapping'!$A$2:$A$270,0)),"Not Mapped"))} -> Girish N | D17: {=IF(B17="","",IFERROR(INDEX('CLM & IM Mapping'!$C$2:$C$270,MATCH(TRIM(B17),'CLM & IM Mapping'!$A$2:$A$270,0)),"Not Mapped"))} -> Un Mapped | E17: RETAIL_STORE | F17: Yes | G17: Bengaluru | H17: 5106 | I17: 0.7 | J17: 0.16 | K17: 0.69 | L17: 0.98 | M17: 0.49 | N17: 11 | O17: CCAs have been converted to peak associates. SBC is system-generated through ATA. | P17: 16th Oct
A18: 46303 | B18: COI-Race Course | C18: {=IF(B18="","",IFERROR(INDEX('CLM & IM Mapping'!$B$2:$B$270,MATCH(TRIM(B18),'CLM & IM Mapping'!$A$2:$A$270,0)),"Not Mapped"))} -> John Britto | D18: {=IF(B18="","",IFERROR(INDEX('CLM & IM Mapping'!$C$2:$C$270,MATCH(TRIM(B18),'CLM & IM Mapping'!$A$2:$A$270,0)),"Not Mapped"))} -> Aravind S | E18: RETAIL_STORE | F18: Yes | G18: Coimbatore | H18: 7163 | I18: 0.7 | J18: 0.18 | K18: 0.91 | L18: 0.97 | M18: 0.72 | N18: 1 | O18: CC delta. Deployed 2 CCs from different stores. | P18: 15th Oct
A19: 46303 | B19: KOC-PALLURTHY | C19: {=IF(B19="","",IFERROR(INDEX('CLM & IM Mapping'!$B$2:$B$270,MATCH(TRIM(B19),'CLM & IM Mapping'!$A$2:$A$270,0)),"Not Mapped"))} -> Vishnu V | D19: {=IF(B19="","",IFERROR(INDEX('CLM & IM Mapping'!$C$2:$C$270,MATCH(TRIM(B19),'CLM & IM Mapping'!$A$2:$A$270,0)),"Not Mapped"))} -> Arivind S | E19: RETAIL_STORE | F19: Yes | G19: Kochi | H19: 5139 | I19: 0.7 | J19: 0.18 | K19: 0.7 | L19: 0.92 | M19: 0.55 | N19: 1 | O19: CC associate delta in the store; the CC associate was absent due to illness. Squad support has been requested. | P19: 14th
A20: 46303 | B20: BLR-VIJAY NAGAR | C20: {=IF(B20="","",IFERROR(INDEX('CLM & IM Mapping'!$B$2:$B$270,MATCH(TRIM(B20),'CLM & IM Mapping'!$A$2:$A$270,0)),"Not Mapped"))} -> Narasimhamurthy R | D20: {=IF(B20="","",IFERROR(INDEX('CLM & IM Mapping'!$C$2:$C$270,MATCH(TRIM(B20),'CLM & IM Mapping'!$A$2:$A$270,0)),"Not Mapped"))} -> Kishor K | E20: RETAIL_STORE | F20: No | G20: Bengaluru | H20: 5482 | I20: 0.7 | J20: 0.19 | K20: 0.6 | L20: 0.88 | M20: 0.5 | N20: 3 | O20: 2 CCAs – LC1 MP. One CCA has been removed from the job due to behavioural issues, and one more CCA will be hired from 9th October. The CCA will cover approximately 700 bins per day. | P20: 14th
A21: 46303 | B21: BLR-Dooravani Nagar SS | C21: {=IF(B21="","",IFERROR(INDEX('CLM & IM Mapping'!$B$2:$B$270,MATCH(TRIM(B21),'CLM & IM Mapping'!$A$2:$A$270,0)),"Not Mapped"))} -> Arun Raj | D21: {=IF(B21="","",IFERROR(INDEX('CLM & IM Mapping'!$C$2:$C$270,MATCH(TRIM(B21),'CLM & IM Mapping'!$A$2:$A$270,0)),"Not Mapped"))} -> Simon Manoharan | E21: SUPERSTORE | F21: No | G21: Bengaluru | H21: 12201 | I21: 0.7 | J21: 0.21 | K21: 0.92 | L21: 0.96 | M21: 0.86 | N21: 3 | O21: 1 CCA is on leave; 2 MP from the store team have been deployed to close the audit. | P21: 15th
A22: 46303 | B22: COI-Vadavalli 1 | C22: {=IF(B22="","",IFERROR(INDEX('CLM & IM Mapping'!$B$2:$B$270,MATCH(TRIM(B22),'CLM & IM Mapping'!$A$2:$A$270,0)),"Not Mapped"))} -> John Britto | D22: {=IF(B22="","",IFERROR(INDEX('CLM & IM Mapping'!$C$2:$C$270,MATCH(TRIM(B22),'CLM & IM Mapping'!$A$2:$A$270,0)),"Not Mapped"))} -> Aravind S | E22: RETAIL_STORE | F22: Yes | G22: Coimbatore | H22: 7099 | I22: 0.7 | J22: 0.21 | K22: 0.96 | L22: 0.97 | M22: 0.9 | N22: 1 | O22: CC delta. Deployed 2 CCs. | P22: 15th Oct
A23: 46303 | B23: BLR-BASAVANAPURA | C23: {=IF(B23="","",IFERROR(INDEX('CLM & IM Mapping'!$B$2:$B$270,MATCH(TRIM(B23),'CLM & IM Mapping'!$A$2:$A$270,0)),"Not Mapped"))} -> Richard Harris | D23: {=IF(B23="","",IFERROR(INDEX('CLM & IM Mapping'!$C$2:$C$270,MATCH(TRIM(B23),'CLM & IM Mapping'!$A$2:$A$270,0)),"Not Mapped"))} -> Kantha Kumar | E23: RETAIL_STORE | F23: Yes | G23: Bengaluru | H23: 4538 | I23: 0.7 | J23: 0.22 | K23: 0.41 | L23: 0.83 | M23: 0.39 | N23: 3
A24: 46303 | B24: BLR-HSR Layout New | C24: {=IF(B24="","",IFERROR(INDEX('CLM & IM Mapping'!$B$2:$B$270,MATCH(TRIM(B24),'CLM & IM Mapping'!$A$2:$A$270,0)),"Not Mapped"))} -> Saddam Hussain | D24: {=IF(B24="","",IFERROR(INDEX('CLM & IM Mapping'!$C$2:$C$270,MATCH(TRIM(B24),'CLM & IM Mapping'!$A$2:$A$270,0)),"Not Mapped"))} -> Un Mapped | E24: RETAIL_STORE | F24: Yes | G24: Bengaluru | H24: 6691 | I24: 0.7 | J24: 0.23 | K24: 0.73 | L24: 0.86 | M24: 0.73 | N24: 3 | O24: 1 CCA delta, and 1 CCA was on sick leave for 3 days. Conversion of 4 CCAs is done; targeting to complete 700 bins per day. | P24: 13th Oct
A25: 46303 | B25: BLR-Electronic City SS | C25: {=IF(B25="","",IFERROR(INDEX('CLM & IM Mapping'!$B$2:$B$270,MATCH(TRIM(B25),'CLM & IM Mapping'!$A$2:$A$270,0)),"Not Mapped"))} -> Arun Raj | D25: {=IF(B25="","",IFERROR(INDEX('CLM & IM Mapping'!$C$2:$C$270,MATCH(TRIM(B25),'CLM & IM Mapping'!$A$2:$A$270,0)),"Not Mapped"))} -> Simon Manoharan | E25: SUPERSTORE | F25: No | G25: Bengaluru | H25: 11048 | I25: 0.7 | J25: 0.23 | K25: 0.97 | L25: 0.99 | M25: 0.97 | N25: 1 | O25: On track; will close by the 15th. | P25: 15th
A26: 46303 | B26: BLR-Bellandur SS | C26: {=IF(B26="","",IFERROR(INDEX('CLM & IM Mapping'!$B$2:$B$270,MATCH(TRIM(B26),'CLM & IM Mapping'!$A$2:$A$270,0)),"Not Mapped"))} -> Arun Raj | D26: {=IF(B26="","",IFERROR(INDEX('CLM & IM Mapping'!$C$2:$C$270,MATCH(TRIM(B26),'CLM & IM Mapping'!$A$2:$A$270,0)),"Not Mapped"))} -> Simon Manoharan | E26: SUPERSTORE | F26: No | G26: Bengaluru | H26: 10796 | I26: 0.7 | J26: 0.23 | K26: 0.97 | L26: 0.99 | M26: 0.97 | N26: 1 | O26: On track; will close by the 15th. | P26: 15th
A27: 46303 | B27: BLR-Mico layout New | C27: {=IF(B27="","",IFERROR(INDEX('CLM & IM Mapping'!$B$2:$B$270,MATCH(TRIM(B27),'CLM & IM Mapping'!$A$2:$A$270,0)),"Not Mapped"))} -> Keshav G | D27: {=IF(B27="","",IFERROR(INDEX('CLM & IM Mapping'!$C$2:$C$270,MATCH(TRIM(B27),'CLM & IM Mapping'!$A$2:$A$270,0)),"Not Mapped"))} -> Un Mapped | E27: RETAIL_STORE | F27: Yes | G27: Bengaluru | H27: 5873 | I27: 0.7 | J27: 0.25 | K27: 0.73 | L27: 0.95 | M27: 0.73 | N27: 6
A28: 46303 | B28: BLR-Kothnur New | C28: {=IF(B28="","",IFERROR(INDEX('CLM & IM Mapping'!$B$2:$B$270,MATCH(TRIM(B28),'CLM & IM Mapping'!$A$2:$A$270,0)),"Not Mapped"))} -> Raghavendra Vernekar | D28: {=IF(B28="","",IFERROR(INDEX('CLM & IM Mapping'!$C$2:$C$270,MATCH(TRIM(B28),'CLM & IM Mapping'!$A$2:$A$270,0)),"Not Mapped"))} -> Prakash BS | E28: RETAIL_STORE | F28: Yes | G28: Bengaluru | H28: 5574 | I28: 0.7 | J28: 0.25 | K28: 0.78 | L28: 0.94 | M28: 0.78 | N28: 3 | O28: 2 CC associates are on leave and have not been reporting to the store for the past few days. 95% of CC will be completed by the 15th. | P28: 15/10/2026
A29: 46303 | B29: BLR-Avalahalli Main | C29: {=IF(B29="","",IFERROR(INDEX('CLM & IM Mapping'!$B$2:$B$270,MATCH(TRIM(B29),'CLM & IM Mapping'!$A$2:$A$270,0)),"Not Mapped"))} -> Suhas N | D29: {=IF(B29="","",IFERROR(INDEX('CLM & IM Mapping'!$C$2:$C$270,MATCH(TRIM(B29),'CLM & IM Mapping'!$A$2:$A$270,0)),"Not Mapped"))} -> Aravind S | E29: RETAIL_STORE | F29: Yes | G29: Bengaluru | H29: 6396 | I29: 0.7 | J29: 0.25 | K29: 0.7 | L29: 0.83 | M29: 0.7 | N29: 4 | O29: Critical bin and ground floor audits have been initiated. | P29: 20th Oct
A30: 46303 | B30: BLR-Kengeri | C30: {=IF(B30="","",IFERROR(INDEX('CLM & IM Mapping'!$B$2:$B$270,MATCH(TRIM(B30),'CLM & IM Mapping'!$A$2:$A$270,0)),"Not Mapped"))} -> Ravishankar gowda | D30: {=IF(B30="","",IFERROR(INDEX('CLM & IM Mapping'!$C$2:$C$270,MATCH(TRIM(B30),'CLM & IM Mapping'!$A$2:$A$270,0)),"Not Mapped"))} -> Kishor K | E30: RETAIL_STORE | F30: Yes | G30: Bengaluru | H30: 5765 | I30: 0.7 | J30: 0.26 | K30: 0.82 | L30: 0.96 | M30: 0.82 | N30: 4 | O30: 3 CCA delta. 1 CCA is on leave for 4 days due to exams. 4 CCAs have been hired and will report from 9th October; they will cover approximately 700 bins per day. | P30: 14th
A31: 46303 | B31: KOC-Edappally | C31: {=IF(B31="","",IFERROR(INDEX('CLM & IM Mapping'!$B$2:$B$270,MATCH(TRIM(B31),'CLM & IM Mapping'!$A$2:$A$270,0)),"Not Mapped"))} -> Vishnu V | D31: {=IF(B31="","",IFERROR(INDEX('CLM & IM Mapping'!$C$2:$C$270,MATCH(TRIM(B31),'CLM & IM Mapping'!$A$2:$A$270,0)),"Not Mapped"))} -> Arivind S | E31: RETAIL_STORE | F31: Yes | G31: Kochi | H31: 6097 | I31: 0.7 | J31: 0.26 | K31: 0.91 | L31: 0.92 | M31: 0.91 | N31: 1 | O31: Only one CC associate was available in the store, so squad support was requested. | P31: 13th
A32: 46303 | B32: PAL-Kalpathy | C32: {=IF(B32="","",IFERROR(INDEX('CLM & IM Mapping'!$B$2:$B$270,MATCH(TRIM(B32),'CLM & IM Mapping'!$A$2:$A$270,0)),"Not Mapped"))} -> Vishnu V | D32: {=IF(B32="","",IFERROR(INDEX('CLM & IM Mapping'!$C$2:$C$270,MATCH(TRIM(B32),'CLM & IM Mapping'!$A$2:$A$270,0)),"Not Mapped"))} -> Arivind S | E32: RETAIL_STORE | F32: Yes | G32: Palakkad | H32: 5121 | I32: 0.7 | J32: 0.26 | K32: 0.94 | L32: 0.99 | M32: 0.94 | O32: CC associate delta in the store for the past week; the DHM has given the nomination. Now covering 500 bins per day. | P32: 15th Oct
A33: 46303 | B33: BLR-Nehru Nagar SS | C33: {=IF(B33="","",IFERROR(INDEX('CLM & IM Mapping'!$B$2:$B$270,MATCH(TRIM(B33),'CLM & IM Mapping'!$A$2:$A$270,0)),"Not Mapped"))} -> Arun Raj | D33: {=IF(B33="","",IFERROR(INDEX('CLM & IM Mapping'!$C$2:$C$270,MATCH(TRIM(B33),'CLM & IM Mapping'!$A$2:$A$270,0)),"Not Mapped"))} -> Simon Manoharan | E33: SUPERSTORE | F33: No | G33: Bengaluru | H33: 13736 | I33: 0.7 | J33: 0.27 | K33: 0.97 | L33: 0.99 | M33: 0.97 | N33: 1 | O33: On track; will close by the 15th. | P33: 15th
A34: 46303 | B34: COI-Peelamedu | C34: {=IF(B34="","",IFERROR(INDEX('CLM & IM Mapping'!$B$2:$B$270,MATCH(TRIM(B34),'CLM & IM Mapping'!$A$2:$A$270,0)),"Not Mapped"))} -> John Britto | D34: {=IF(B34="","",IFERROR(INDEX('CLM & IM Mapping'!$C$2:$C$270,MATCH(TRIM(B34),'CLM & IM Mapping'!$A$2:$A$270,0)),"Not Mapped"))} -> Aravind S | E34: RETAIL_STORE | F34: Yes | G34: Coimbatore | H34: 6707 | I34: 0.7 | J34: 0.27 | K34: 0.82 | L34: 0.95 | M34: 0.82 | N34: 3 | O34: Lowest-Performing Stores – Performance Action Plan | P34: 20th Oct
A35: 46303 | B35: BLR-Marathahalli-3 | C35: {=IF(B35="","",IFERROR(INDEX('CLM & IM Mapping'!$B$2:$B$270,MATCH(TRIM(B35),'CLM & IM Mapping'!$A$2:$A$270,0)),"Not Mapped"))} -> Sundaresh S | D35: {=IF(B35="","",IFERROR(INDEX('CLM & IM Mapping'!$C$2:$C$270,MATCH(TRIM(B35),'CLM & IM Mapping'!$A$2:$A$270,0)),"Not Mapped"))} -> Un Mapped | E35: RETAIL_STORE | F35: Yes | G35: Bengaluru | H35: 6352 | I35: 0.7 | J35: 0.29 | K35: 0.69 | L35: 0.93 | M35: 0.69 | N35: 2 | O35: 2 CCAs are LC1 with low productivity; 2 associates will be deployed to cover 500 bins daily. | P35: 15th Oct
A36: 46303 | B36: BLR-Nikoo home SS | C36: {=IF(B36="","",IFERROR(INDEX('CLM & IM Mapping'!$B$2:$B$270,MATCH(TRIM(B36),'CLM & IM Mapping'!$A$2:$A$270,0)),"Not Mapped"))} -> Arun Raj | D36: {=IF(B36="","",IFERROR(INDEX('CLM & IM Mapping'!$C$2:$C$270,MATCH(TRIM(B36),'CLM & IM Mapping'!$A$2:$A$270,0)),"Not Mapped"))} -> Simon Manoharan | E36: SUPERSTORE | F36: No | G36: Bengaluru | H36: 13152 | I36: 0.7 | J36: 0.3 | K36: 0.97 | L36: 0.98 | M36: 0.97 | N36: 2 | O36: On track; will close by the 15th. | P36: 15th
A37: 46303 | B37: BLR-Silver County SS | C37: {=IF(B37="","",IFERROR(INDEX('CLM & IM Mapping'!$B$2:$B$270,MATCH(TRIM(B37),'CLM & IM Mapping'!$A$2:$A$270,0)),"Not Mapped"))} -> Arun Raj | D37: {=IF(B37="","",IFERROR(INDEX('CLM & IM Mapping'!$C$2:$C$270,MATCH(TRIM(B37),'CLM & IM Mapping'!$A$2:$A$270,0)),"Not Mapped"))} -> Simon Manoharan | E37: SUPERSTORE | F37: Yes | G37: Bengaluru | H37: 10893 | I37: 0.7 | J37: 0.3 | K37: 0.97 | L37: 0.99 | M37: 0.97 | O37: On track; will close by the 15th. | P37: 15th
A38: 46303 | B38: BLR-Sattava East SS | C38: {=IF(B38="","",IFERROR(INDEX('CLM & IM Mapping'!$B$2:$B$270,MATCH(TRIM(B38),'CLM & IM Mapping'!$A$2:$A$270,0)),"Not Mapped"))} -> Arun Raj | D38: {=IF(B38="","",IFERROR(INDEX('CLM & IM Mapping'!$C$2:$C$270,MATCH(TRIM(B38),'CLM & IM Mapping'!$A$2:$A$270,0)),"Not Mapped"))} -> Simon Manoharan | E38: SUPERSTORE | F38: No | G38: Bengaluru | H38: 12271 | I38: 0.7 | J38: 0.3 | K38: 0.99 | L38: 1 | M38: 0.99 | N38: 2 | O38: On track; will close by the 15th. | P38: 15th
A39: 46303 | B39: BLR-Bagalakunte | C39: {=IF(B39="","",IFERROR(INDEX('CLM & IM Mapping'!$B$2:$B$270,MATCH(TRIM(B39),'CLM & IM Mapping'!$A$2:$A$270,0)),"Not Mapped"))} -> Akshay P | D39: {=IF(B39="","",IFERROR(INDEX('CLM & IM Mapping'!$C$2:$C$270,MATCH(TRIM(B39),'CLM & IM Mapping'!$A$2:$A$270,0)),"Not Mapped"))} -> Srittam Dhal | E39: RETAIL_STORE | F39: Yes | G39: Bengaluru | H39: 7531 | I39: 0.7 | J39: 0.31 | K39: 0.82 | L39: 0.89 | M39: 0.82 | N39: 2 | O39: CCAs were deployed for the chiller and freezer audit, which took 3 days to complete. 2 CC associates left the job on 5th Oct, resulting in a 2 CC delta at the store. A squad will be deployed to complete CC. | P39: 13th
A40: 46303 | B40: BLR-HSR-2 | C40: {=IF(B40="","",IFERROR(INDEX('CLM & IM Mapping'!$B$2:$B$270,MATCH(TRIM(B40),'CLM & IM Mapping'!$A$2:$A$270,0)),"Not Mapped"))} -> Saddam Hussain | D40: {=IF(B40="","",IFERROR(INDEX('CLM & IM Mapping'!$C$2:$C$270,MATCH(TRIM(B40),'CLM & IM Mapping'!$A$2:$A$270,0)),"Not Mapped"))} -> Un Mapped | E40: RETAIL_STORE | F40: No | G40: Bengaluru | H40: 5314 | I40: 0.7 | J40: 0.32 | K40: 0.78 | L40: 0.97 | M40: 0.78 | N40: 4 | O40: 2 CCAs not reporting due to health issues – SI and 2 CCAs will be deployed to cover 600 bins per day. | P40: 13th Oct
A41: 46303 | B41: BLR-Doddakannelli SS | C41: {=IF(B41="","",IFERROR(INDEX('CLM & IM Mapping'!$B$2:$B$270,MATCH(TRIM(B41),'CLM & IM Mapping'!$A$2:$A$270,0)),"Not Mapped"))} -> Arun Raj | D41: {=IF(B41="","",IFERROR(INDEX('CLM & IM Mapping'!$C$2:$C$270,MATCH(TRIM(B41),'CLM & IM Mapping'!$A$2:$A$270,0)),"Not Mapped"))} -> Simon Manoharan | E41: SUPERSTORE | F41: No | G41: Bengaluru | H41: 13860 | I41: 0.7 | J41: 0.32 | K41: 0.97 | L41: 0.99 | M41: 0.97 | N41: 2 | O41: On track; will close by the 15th. | P41: 15th
A42: 46303 | B42: BLR-Seegehalli | C42: {=IF(B42="","",IFERROR(INDEX('CLM & IM Mapping'!$B$2:$B$270,MATCH(TRIM(B42),'CLM & IM Mapping'!$A$2:$A$270,0)),"Not Mapped"))} -> Richard Harris | D42: {=IF(B42="","",IFERROR(INDEX('CLM & IM Mapping'!$C$2:$C$270,MATCH(TRIM(B42),'CLM & IM Mapping'!$A$2:$A$270,0)),"Not Mapped"))} -> Kantha Kumar | E42: RETAIL_STORE | F42: Yes | G42: Bengaluru | H42: 6404 | I42: 0.7 | J42: 0.32 | K42: 0.81 | L42: 0.93 | M42: 0.81 | N42: 4
A43: 46303 | B43: BLR-Yelenahalli | C43: {=IF(B43="","",IFERROR(INDEX('CLM & IM Mapping'!$B$2:$B$270,MATCH(TRIM(B43),'CLM & IM Mapping'!$A$2:$A$270,0)),"Not Mapped"))} -> Manjunatha V | D43: {=IF(B43="","",IFERROR(INDEX('CLM & IM Mapping'!$C$2:$C$270,MATCH(TRIM(B43),'CLM & IM Mapping'!$A$2:$A$270,0)),"Not Mapped"))} -> Un Mapped | E43: RETAIL_STORE | F43: Yes | G43: Bengaluru | H43: 5639 | I43: 0.7 | J43: 0.32 | K43: 0.86 | L43: 0.96 | M43: 0.86 | N43: 3
A44: 46303 | B44: BLR-Devanahalli | C44: {=IF(B44="","",IFERROR(INDEX('CLM & IM Mapping'!$B$2:$B$270,MATCH(TRIM(B44),'CLM & IM Mapping'!$A$2:$A$270,0)),"Not Mapped"))} -> Adhavan Subramani | D44: {=IF(B44="","",IFERROR(INDEX('CLM & IM Mapping'!$C$2:$C$270,MATCH(TRIM(B44),'CLM & IM Mapping'!$A$2:$A$270,0)),"Not Mapped"))} -> Mohammed Akbar | E44: RETAIL_STORE | F44: Yes | G44: Bengaluru | H44: 6332 | I44: 0.7 | J44: 0.32 | K44: 0.7 | L44: 0.84 | M44: 0.7 | N44: 3 | O44: CCAs were deployed for the chiller and freezer audit, which took 3 days to complete. 3 CCAs have now been deployed in Dry, targeting 1,200 bins per day. | P44: 10th Oct
A45: 46303 | B45: BLR-Shivaji Nagar SS | C45: {=IF(B45="","",IFERROR(INDEX('CLM & IM Mapping'!$B$2:$B$270,MATCH(TRIM(B45),'CLM & IM Mapping'!$A$2:$A$270,0)),"Not Mapped"))} -> Arun Raj | D45: {=IF(B45="","",IFERROR(INDEX('CLM & IM Mapping'!$C$2:$C$270,MATCH(TRIM(B45),'CLM & IM Mapping'!$A$2:$A$270,0)),"Not Mapped"))} -> Simon Manoharan | E45: SUPERSTORE | F45: No | G45: Bengaluru | H45: 10881 | I45: 0.7 | J45: 0.33 | K45: 0.88 | L45: 0.97 | M45: 0.88 | N45: 4 | O45: On track; will close by the 15th. | P45: 15th
A46: 46303 | B46: BLR- Brookefield SS | C46: {=IF(B46="","",IFERROR(INDEX('CLM & IM Mapping'!$B$2:$B$270,MATCH(TRIM(B46),'CLM & IM Mapping'!$A$2:$A$270,0)),"Not Mapped"))} -> Arun Raj | D46: {=IF(B46="","",IFERROR(INDEX('CLM & IM Mapping'!$C$2:$C$270,MATCH(TRIM(B46),'CLM & IM Mapping'!$A$2:$A$270,0)),"Not Mapped"))} -> Simon Manoharan | E46: SUPERSTORE | F46: No | G46: Bengaluru | H46: 11768 | I46: 0.7 | J46: 0.33 | K46: 0.96 | L46: 0.99 | M46: 0.96 | N46: 3 | O46: On track; will close by the 15th. | P46: 15th
A47: 46303 | B47: BLR-Kogilu Road | C47: {=IF(B47="","",IFERROR(INDEX('CLM & IM Mapping'!$B$2:$B$270,MATCH(TRIM(B47),'CLM & IM Mapping'!$A$2:$A$270,0)),"Not Mapped"))} -> Adhavan Subramani | D47: {=IF(B47="","",IFERROR(INDEX('CLM & IM Mapping'!$C$2:$C$270,MATCH(TRIM(B47),'CLM & IM Mapping'!$A$2:$A$270,0)),"Not Mapped"))} -> Mohammed Akbar | E47: RETAIL_STORE | F47: Yes | G47: Bengaluru | H47: 6065 | I47: 0.7 | J47: 0.33 | K47: 0.78 | L47: 0.92 | M47: 0.78 | N47: 3 | O47: 1 CCA delta. 2 CCs and SI will be deployed, covering 600 bins per day. | P47: 13th Oct
A48: 46303 | B48: BLR-Hope Farm New | C48: {=IF(B48="","",IFERROR(INDEX('CLM & IM Mapping'!$B$2:$B$270,MATCH(TRIM(B48),'CLM & IM Mapping'!$A$2:$A$270,0)),"Not Mapped"))} -> Ashwath S | D48: {=IF(B48="","",IFERROR(INDEX('CLM & IM Mapping'!$C$2:$C$270,MATCH(TRIM(B48),'CLM & IM Mapping'!$A$2:$A$270,0)),"Not Mapped"))} -> Kantha Kumar | E48: RETAIL_STORE | F48: Yes | G48: Bengaluru | H48: 7436 | I48: 0.7 | J48: 0.34 | K48: 0.8 | L48: 0.96 | M48: 0.8 | N48: 4
A49: 46303 | B49: BLR-Nagdevanahalli | C49: {=IF(B49="","",IFERROR(INDEX('CLM & IM Mapping'!$B$2:$B$270,MATCH(TRIM(B49),'CLM & IM Mapping'!$A$2:$A$270,0)),"Not Mapped"))} -> Ravishankar gowda | D49: {=IF(B49="","",IFERROR(INDEX('CLM & IM Mapping'!$C$2:$C$270,MATCH(TRIM(B49),'CLM & IM Mapping'!$A$2:$A$270,0)),"Not Mapped"))} -> Kishor K | E49: RETAIL_STORE | F49: Yes | G49: Bengaluru | H49: 6071 | I49: 0.7 | J49: 0.34 | K49: 0.94 | L49: 0.96 | M49: 0.94 | N49: 2 | O49: CCA was cross-deployed during high order flow; 2 CCAs will cover 750 bins per day. | P49: 12th
A50: 46303 | B50: BLR-Doddakannelli | C50: {=IF(B50="","",IFERROR(INDEX('CLM & IM Mapping'!$B$2:$B$270,MATCH(TRIM(B50),'CLM & IM Mapping'!$A$2:$A$270,0)),"Not Mapped"))} -> Sundaresh S | D50: {=IF(B50="","",IFERROR(INDEX('CLM & IM Mapping'!$C$2:$C$270,MATCH(TRIM(B50),'CLM & IM Mapping'!$A$2:$A$270,0)),"Not Mapped"))} -> Un Mapped | E50: RETAIL_STORE | F50: Yes | G50: Bengaluru | H50: 4836 | I50: 0.7 | J50: 0.34 | K50: 0.84 | L50: 0.97 | M50: 0.84 | N50: 5
A51: 46303 | B51: BLR-Kadarenahalli SS | C51: {=IF(B51="","",IFERROR(INDEX('CLM & IM Mapping'!$B$2:$B$270,MATCH(TRIM(B51),'CLM & IM Mapping'!$A$2:$A$270,0)),"Not Mapped"))} -> Arun Raj | D51: {=IF(B51="","",IFERROR(INDEX('CLM & IM Mapping'!$C$2:$C$270,MATCH(TRIM(B51),'CLM & IM Mapping'!$A$2:$A$270,0)),"Not Mapped"))} -> Simon Manoharan | E51: SUPERSTORE | F51: No | G51: Bengaluru | H51: 12050 | I51: 0.7 | J51: 0.34 | K51: 0.98 | L51: 1 | M51: 0.98 | N51: 2 | O51: On track; will close by the 15th. | P51: 15th
A52: 46303 | B52: HBL-Vidhya Nagar | C52: {=IF(B52="","",IFERROR(INDEX('CLM & IM Mapping'!$B$2:$B$270,MATCH(TRIM(B52),'CLM & IM Mapping'!$A$2:$A$270,0)),"Not Mapped"))} -> Bangareppa CS | D52: {=IF(B52="","",IFERROR(INDEX('CLM & IM Mapping'!$C$2:$C$270,MATCH(TRIM(B52),'CLM & IM Mapping'!$A$2:$A$270,0)),"Not Mapped"))} -> Kishor K | E52: RETAIL_STORE | F52: No | G52: Hubballi | H52: 5252 | I52: 0.7 | J52: 0.34 | K52: 0.89 | L52: 0.97 | M52: 0.89 | N52: 2 | O52: CCA was cross-deployed during high order flow. Squad will be deployed from 9th Oct, and CC will be completed before the 11th. | P52: 11th
A53: 46303 | B53: KOC-Kalamassery | C53: {=IF(B53="","",IFERROR(INDEX('CLM & IM Mapping'!$B$2:$B$270,MATCH(TRIM(B53),'CLM & IM Mapping'!$A$2:$A$270,0)),"Not Mapped"))} -> Vishnu V | D53: {=IF(B53="","",IFERROR(INDEX('CLM & IM Mapping'!$C$2:$C$270,MATCH(TRIM(B53),'CLM & IM Mapping'!$A$2:$A$270,0)),"Not Mapped"))} -> Arivind S | E53: RETAIL_STORE | F53: Yes | G53: Kochi | H53: 5822 | I53: 0.7 | J53: 0.34 | K53: 0.83 | L53: 0.96 | M53: 0.83 | N53: 2 | O53: 1 CC was on unplanned leave for medical reasons. Squad support deployed; 500 bins per day. | P53: 15th Oct
A54: 46303 | B54: BEL-Khanapur Road | C54: {=IF(B54="","",IFERROR(INDEX('CLM & IM Mapping'!$B$2:$B$270,MATCH(TRIM(B54),'CLM & IM Mapping'!$A$2:$A$270,0)),"Not Mapped"))} -> Majid Kakatikar | D54: {=IF(B54="","",IFERROR(INDEX('CLM & IM Mapping'!$C$2:$C$270,MATCH(TRIM(B54),'CLM & IM Mapping'!$A$2:$A$270,0)),"Not Mapped"))} -> Kishor K | E54: RETAIL_STORE | F54: No | G54: Belgavi | H54: 6826 | I54: 0.7 | J54: 0.35 | K54: 0.95 | L54: 0.97 | M54: 0.95 | N54: 2 | O54: 1 CCA at the store and one more CCA has been hired; 1,000 bins will be covered per day. | P54: 12th
A55: 46303 | B55: BLR-Nelmagala Town | C55: {=IF(B55="","",IFERROR(INDEX('CLM & IM Mapping'!$B$2:$B$270,MATCH(TRIM(B55),'CLM & IM Mapping'!$A$2:$A$270,0)),"Not Mapped"))} -> Akshay P | D55: {=IF(B55="","",IFERROR(INDEX('CLM & IM Mapping'!$C$2:$C$270,MATCH(TRIM(B55),'CLM & IM Mapping'!$A$2:$A$270,0)),"Not Mapped"))} -> Srittam Dhal | E55: RETAIL_STORE | F55: No | G55: Bengaluru | H55: 6949 | I55: 0.7 | J55: 0.35 | K55: 0.95 | L55: 0.98 | O55: New store launched last month; CC hiring is not yet done. Nomination has been given and will be closed by the 15th of this month. | P55: 15th
A56: 46303 | B56: BLR-Bommanahalli | C56: {=IF(B56="","",IFERROR(INDEX('CLM & IM Mapping'!$B$2:$B$270,MATCH(TRIM(B56),'CLM & IM Mapping'!$A$2:$A$270,0)),"Not Mapped"))} -> Raghavendra Vernekar | D56: {=IF(B56="","",IFERROR(INDEX('CLM & IM Mapping'!$C$2:$C$270,MATCH(TRIM(B56),'CLM & IM Mapping'!$A$2:$A$270,0)),"Not Mapped"))} -> Prakash BS | E56: RETAIL_STORE | F56: No | G56: Bengaluru | H56: 10820 | I56: 0.7 | J56: 0.35 | K56: 0.96 | L56: 0.96 | O56: FR store manpower has still not been deployed for the CC associate role; deployment is in progress.
A57: 46303 | B57: BLR-Bannerghatta SS | C57: {=IF(B57="","",IFERROR(INDEX('CLM & IM Mapping'!$B$2:$B$270,MATCH(TRIM(B57),'CLM & IM Mapping'!$A$2:$A$270,0)),"Not Mapped"))} -> Arun Raj | D57: {=IF(B57="","",IFERROR(INDEX('CLM & IM Mapping'!$C$2:$C$270,MATCH(TRIM(B57),'CLM & IM Mapping'!$A$2:$A$270,0)),"Not Mapped"))} -> Simon Manoharan | E57: SUPERSTORE | F57: No | G57: Bengaluru | H57: 10225 | I57: 0.7 | J57: 0.35 | K57: 0.97 | L57: 0.99 | M57: 0.97 | N57: 2 | O57: On track; will close by the 15th. | P57: 15th
A58: 46303 | B58: BLR-Jakkur New | C58: {=IF(B58="","",IFERROR(INDEX('CLM & IM Mapping'!$B$2:$B$270,MATCH(TRIM(B58),'CLM & IM Mapping'!$A$2:$A$270,0)),"Not Mapped"))} -> Girish N | D58: {=IF(B58="","",IFERROR(INDEX('CLM & IM Mapping'!$C$2:$C$270,MATCH(TRIM(B58),'CLM & IM Mapping'!$A$2:$A$270,0)),"Not Mapped"))} -> Un Mapped | E58: RETAIL_STORE | F58: Yes | G58: Bengaluru | H58: 6163 | I58: 0.7 | J58: 0.35 | K58: 0.72 | L58: 0.85 | M58: 0.72 | N58: 4 | O58: 2 CCA delta and 1 CCA on unplanned absenteeism; an inventory squad has been requested for the W2W audit. Overall, the store has a 17 MP delta. | P58: 20th Oct
A59: 46303 | B59: BLR-Peenya SS | C59: {=IF(B59="","",IFERROR(INDEX('CLM & IM Mapping'!$B$2:$B$270,MATCH(TRIM(B59),'CLM & IM Mapping'!$A$2:$A$270,0)),"Not Mapped"))} -> Arun Raj | D59: {=IF(B59="","",IFERROR(INDEX('CLM & IM Mapping'!$C$2:$C$270,MATCH(TRIM(B59),'CLM & IM Mapping'!$A$2:$A$270,0)),"Not Mapped"))} -> Simon Manoharan | E59: SUPERSTORE | F59: No | G59: Bengaluru | H59: 9572 | I59: 0.7 | J59: 0.36 | K59: 0.96 | L59: 0.99 | M59: 0.96 | N59: 3 | O59: On track; will close by the 15th. | P59: 15th
A60: 46303 | B60: BLR-Gunjur New | C60: {=IF(B60="","",IFERROR(INDEX('CLM & IM Mapping'!$B$2:$B$270,MATCH(TRIM(B60),'CLM & IM Mapping'!$A$2:$A$270,0)),"Not Mapped"))} -> Sundaresh S | D60: {=IF(B60="","",IFERROR(INDEX('CLM & IM Mapping'!$C$2:$C$270,MATCH(TRIM(B60),'CLM & IM Mapping'!$A$2:$A$270,0)),"Not Mapped"))} -> Un Mapped | E60: RETAIL_STORE | F60: Yes | G60: Bengaluru | H60: 6860 | I60: 0.7 | J60: 0.36 | K60: 0.84 | L60: 0.93 | M60: 0.84 | N60: 4
A61: 46303 | B61: BLR-Varthur | C61: {=IF(B61="","",IFERROR(INDEX('CLM & IM Mapping'!$B$2:$B$270,MATCH(TRIM(B61),'CLM & IM Mapping'!$A$2:$A$270,0)),"Not Mapped"))} -> Sundaresh S | D61: {=IF(B61="","",IFERROR(INDEX('CLM & IM Mapping'!$C$2:$C$270,MATCH(TRIM(B61),'CLM & IM Mapping'!$A$2:$A$270,0)),"Not Mapped"))} -> Un Mapped | E61: RETAIL_STORE | F61: Yes | G61: Bengaluru | H61: 5933 | I61: 0.7 | J61: 0.36 | K61: 0.85 | L61: 0.97 | M61: 0.85 | N61: 3
A62: 46303 | B62: BLR-BELLANDUR-4 | C62: {=IF(B62="","",IFERROR(INDEX('CLM & IM Mapping'!$B$2:$B$270,MATCH(TRIM(B62),'CLM & IM Mapping'!$A$2:$A$270,0)),"Not Mapped"))} -> Ashwath S | D62: {=IF(B62="","",IFERROR(INDEX('CLM & IM Mapping'!$C$2:$C$270,MATCH(TRIM(B62),'CLM & IM Mapping'!$A$2:$A$270,0)),"Not Mapped"))} -> Kantha Kumar | E62: RETAIL_STORE | F62: Yes | G62: Bengaluru | H62: 5551 | I62: 0.7 | J62: 0.37 | K62: 0.85 | L62: 0.95 | M62: 0.85 | N62: 4
A63: 46303 | B63: BLR-Bellandur-3 | C63: {=IF(B63="","",IFERROR(INDEX('CLM & IM Mapping'!$B$2:$B$270,MATCH(TRIM(B63),'CLM & IM Mapping'!$A$2:$A$270,0)),"Not Mapped"))} -> Ashwath S | D63: {=IF(B63="","",IFERROR(INDEX('CLM & IM Mapping'!$C$2:$C$270,MATCH(TRIM(B63),'CLM & IM Mapping'!$A$2:$A$270,0)),"Not Mapped"))} -> Kantha Kumar | E63: RETAIL_STORE | F63: Yes | G63: Bengaluru | H63: 7376 | I63: 0.7 | J63: 0.37 | K63: 0.8 | L63: 0.62 | M63: 0.8 | N63: 4
A64: 46303 | B64: BLR-JAYANAGAR New | C64: {=IF(B64="","",IFERROR(INDEX('CLM & IM Mapping'!$B$2:$B$270,MATCH(TRIM(B64),'CLM & IM Mapping'!$A$2:$A$270,0)),"Not Mapped"))} -> Suhas N | D64: {=IF(B64="","",IFERROR(INDEX('CLM & IM Mapping'!$C$2:$C$270,MATCH(TRIM(B64),'CLM & IM Mapping'!$A$2:$A$270,0)),"Not Mapped"))} -> Aravind S | E64: RETAIL_STORE | F64: Yes | G64: Bengaluru | H64: 5627 | I64: 0.7 | J64: 0.37 | K64: 0.79 | L64: 0.94 | M64: 0.79 | N64: 4
A65: 46303 | B65: BLR-Singasandra SS | C65: {=IF(B65="","",IFERROR(INDEX('CLM & IM Mapping'!$B$2:$B$270,MATCH(TRIM(B65),'CLM & IM Mapping'!$A$2:$A$270,0)),"Not Mapped"))} -> Arun Raj | D65: {=IF(B65="","",IFERROR(INDEX('CLM & IM Mapping'!$C$2:$C$270,MATCH(TRIM(B65),'CLM & IM Mapping'!$A$2:$A$270,0)),"Not Mapped"))} -> Simon Manoharan | E65: SUPERSTORE | F65: No | G65: Bengaluru | H65: 12266 | I65: 0.7 | J65: 0.37 | K65: 0.97 | L65: 0.99 | M65: 0.97 | N65: 1 | O65: On track; will close by the 15th. | P65: 15th
A66: 46303 | B66: HBL-Keshwapura | C66: {=IF(B66="","",IFERROR(INDEX('CLM & IM Mapping'!$B$2:$B$270,MATCH(TRIM(B66),'CLM & IM Mapping'!$A$2:$A$270,0)),"Not Mapped"))} -> Bangareppa CS | D66: {=IF(B66="","",IFERROR(INDEX('CLM & IM Mapping'!$C$2:$C$270,MATCH(TRIM(B66),'CLM & IM Mapping'!$A$2:$A$270,0)),"Not Mapped"))} -> Kishor K | E66: RETAIL_STORE | F66: No | G66: Hubballi | H66: 6805 | I66: 0.7 | J66: 0.37 | K66: 0.92 | L66: 0.98 | M66: 0.92 | N66: 2 | O66: CCA was cross-deployed due to OB delta and high order flow. Squad (for one day) and 2 CCAs will be deployed, covering 800 bins per day. | P66: 12th
A67: 46303 | B67: BLR-Kasavanahalli | C67: {=IF(B67="","",IFERROR(INDEX('CLM & IM Mapping'!$B$2:$B$270,MATCH(TRIM(B67),'CLM & IM Mapping'!$A$2:$A$270,0)),"Not Mapped"))} -> Saddam Hussain | D67: {=IF(B67="","",IFERROR(INDEX('CLM & IM Mapping'!$C$2:$C$270,MATCH(TRIM(B67),'CLM & IM Mapping'!$A$2:$A$270,0)),"Not Mapped"))} -> Un Mapped | E67: RETAIL_STORE | F67: Yes | G67: Bengaluru | H67: 4890 | I67: 0.7 | J67: 0.38 | K67: 0.94 | L67: 0.98 | M67: 0.94 | N67: 3 | O67: 2 CCAs left the job by 1st Oct; 2 CCA conversions done – targeting completion of 500 bins per day. | P67: 13th Oct
A68: 46303 | B68: BLR-Budigere Cross | C68: {=IF(B68="","",IFERROR(INDEX('CLM & IM Mapping'!$B$2:$B$270,MATCH(TRIM(B68),'CLM & IM Mapping'!$A$2:$A$270,0)),"Not Mapped"))} -> Ashwath S | D68: {=IF(B68="","",IFERROR(INDEX('CLM & IM Mapping'!$C$2:$C$270,MATCH(TRIM(B68),'CLM & IM Mapping'!$A$2:$A$270,0)),"Not Mapped"))} -> Kantha Kumar | E68: RETAIL_STORE | F68: No | G68: Bengaluru | H68: 5484 | I68: 0.7 | J68: 0.38 | K68: 0.87 | L68: 0.93 | M68: 0.87 | N68: 3
A69: 46303 | B69: BLR-Chikkajala | C69: {=IF(B69="","",IFERROR(INDEX('CLM & IM Mapping'!$B$2:$B$270,MATCH(TRIM(B69),'CLM & IM Mapping'!$A$2:$A$270,0)),"Not Mapped"))} -> Adhavan Subramani | D69: {=IF(B69="","",IFERROR(INDEX('CLM & IM Mapping'!$C$2:$C$270,MATCH(TRIM(B69),'CLM & IM Mapping'!$A$2:$A$270,0)),"Not Mapped"))} -> Mohammed Akbar | E69: RETAIL_STORE | F69: Yes | G69: Bengaluru | H69: 5790 | I69: 0.7 | J69: 0.38 | K69: 0.97 | L69: 0.82 | O69: New store launched last month. A squad has been deployed for CC. | P69: 15th Oct
A70: 46303 | B70: BLR-Choodasandra | C70: {=IF(B70="","",IFERROR(INDEX('CLM & IM Mapping'!$B$2:$B$270,MATCH(TRIM(B70),'CLM & IM Mapping'!$A$2:$A$270,0)),"Not Mapped"))} -> Saddam Hussain | D70: {=IF(B70="","",IFERROR(INDEX('CLM & IM Mapping'!$C$2:$C$270,MATCH(TRIM(B70),'CLM & IM Mapping'!$A$2:$A$270,0)),"Not Mapped"))} -> Un Mapped | E70: RETAIL_STORE | F70: Yes | G70: Bengaluru | H70: 6238 | I70: 0.7 | J70: 0.39 | K70: 0.83 | L70: 0.94 | M70: 0.83 | N70: 4 | O70: 1 CCA was cross-utilized due to non-availability of the SI and 1 CCA was on leave. 3 CCAs are now available and are being deployed to complete 600 bins per day. | P70: 12th Oct
A71: 46303 | B71: BLR-HSR SS | C71: {=IF(B71="","",IFERROR(INDEX('CLM & IM Mapping'!$B$2:$B$270,MATCH(TRIM(B71),'CLM & IM Mapping'!$A$2:$A$270,0)),"Not Mapped"))} -> Arun Raj | D71: {=IF(B71="","",IFERROR(INDEX('CLM & IM Mapping'!$C$2:$C$270,MATCH(TRIM(B71),'CLM & IM Mapping'!$A$2:$A$270,0)),"Not Mapped"))} -> Simon Manoharan | E71: SUPERSTORE | F71: No | G71: Bengaluru | H71: 11819 | I71: 0.7 | J71: 0.39 | K71: 0.93 | L71: 0.99 | M71: 0.93 | N71: 2 | O71: On track; will close by the 15th. | P71: 15th
A72: 46303 | B72: BLR-Ullal | C72: {=IF(B72="","",IFERROR(INDEX('CLM & IM Mapping'!$B$2:$B$270,MATCH(TRIM(B72),'CLM & IM Mapping'!$A$2:$A$270,0)),"Not Mapped"))} -> Ravishankar gowda | D72: {=IF(B72="","",IFERROR(INDEX('CLM & IM Mapping'!$C$2:$C$270,MATCH(TRIM(B72),'CLM & IM Mapping'!$A$2:$A$270,0)),"Not Mapped"))} -> Kishor K | E72: RETAIL_STORE | F72: No | G72: Bengaluru | H72: 5717 | I72: 0.7 | J72: 0.39 | K72: 0.93 | L72: 0.96 | M72: 0.93 | N72: 3 | O72: CCA was cross-deployed during high order flow; 3 CCAs and an IBA will be deployed, and 800 bins per day will be covered. | P72: 11th
A73: 46303 | B73: BLR-Manjunatha layout | C73: {=IF(B73="","",IFERROR(INDEX('CLM & IM Mapping'!$B$2:$B$270,MATCH(TRIM(B73),'CLM & IM Mapping'!$A$2:$A$270,0)),"Not Mapped"))} -> Sundaresh S | D73: {=IF(B73="","",IFERROR(INDEX('CLM & IM Mapping'!$C$2:$C$270,MATCH(TRIM(B73),'CLM & IM Mapping'!$A$2:$A$270,0)),"Not Mapped"))} -> Un Mapped | E73: RETAIL_STORE | F73: Yes | G73: Bengaluru | H73: 4675 | I73: 0.7 | J73: 0.39 | K73: 0.74 | L73: 0.94 | M73: 0.74 | N73: 10 | O73: CCAs have been converted to peak associates. 2 CCAs were hired 2 days ago. Moving 2 CCAs from Aswath Nagar, and 3 MP will be deployed from the store, covering 1000 bins per day. | P73: 13th Oct
A74: 46303 | B74: BLR-Devasandra Extension | C74: {=IF(B74="","",IFERROR(INDEX('CLM & IM Mapping'!$B$2:$B$270,MATCH(TRIM(B74),'CLM & IM Mapping'!$A$2:$A$270,0)),"Not Mapped"))} -> Richard Harris | D74: {=IF(B74="","",IFERROR(INDEX('CLM & IM Mapping'!$C$2:$C$270,MATCH(TRIM(B74),'CLM & IM Mapping'!$A$2:$A$270,0)),"Not Mapped"))} -> Kantha Kumar | E74: RETAIL_STORE | F74: No | G74: Bengaluru | H74: 5086 | I74: 0.7 | J74: 0.39 | K74: 0.84 | L74: 0.99 | M74: 0.84 | N74: 2
A75: 46303 | B75: BLR-Kalyan Nagar Network | C75: {=IF(B75="","",IFERROR(INDEX('CLM & IM Mapping'!$B$2:$B$270,MATCH(TRIM(B75),'CLM & IM Mapping'!$A$2:$A$270,0)),"Not Mapped"))} -> Silambarasan E | D75: {=IF(B75="","",IFERROR(INDEX('CLM & IM Mapping'!$C$2:$C$270,MATCH(TRIM(B75),'CLM & IM Mapping'!$A$2:$A$270,0)),"Not Mapped"))} -> Arivind S | E75: RETAIL_STORE | F75: Yes | G75: Bengaluru | H75: 5558 | I75: 0.7 | J75: 0.39 | K75: 0.81 | L75: 0.96 | M75: 0.81 | N75: 3 | O75: 1 CCA was on marriage leave for 4 days; only 2 were reporting, covering 600 bins daily. | P75: 15th Oct
A76: 46303 | B76: COI-Sai baba colony | C76: {=IF(B76="","",IFERROR(INDEX('CLM & IM Mapping'!$B$2:$B$270,MATCH(TRIM(B76),'CLM & IM Mapping'!$A$2:$A$270,0)),"Not Mapped"))} -> John Britto | D76: {=IF(B76="","",IFERROR(INDEX('CLM & IM Mapping'!$C$2:$C$270,MATCH(TRIM(B76),'CLM & IM Mapping'!$A$2:$A$270,0)),"Not Mapped"))} -> Aravind S | E76: RETAIL_STORE | F76: Yes | G76: Coimbatore | H76: 5441 | I76: 0.7 | J76: 0.39 | K76: 0.84 | L76: 0.97 | M76: 0.84 | N76: 2
A77: 46303 | B77: PAL-Pallipuram | C77: {=IF(B77="","",IFERROR(INDEX('CLM & IM Mapping'!$B$2:$B$270,MATCH(TRIM(B77),'CLM & IM Mapping'!$A$2:$A$270,0)),"Not Mapped"))} -> Vishnu V | D77: {=IF(B77="","",IFERROR(INDEX('CLM & IM Mapping'!$C$2:$C$270,MATCH(TRIM(B77),'CLM & IM Mapping'!$A$2:$A$270,0)),"Not Mapped"))} -> Arivind S | E77: RETAIL_STORE | F77: Yes | G77: Palakkad | H77: 6776 | I77: 0.7 | J77: 0.39 | K77: 0.97 | L77: 0.99 | M77: 0.97 | N77: 2 | O77: 1 CC associate was on unplanned leave; planning to replace the associate. 600 bins being closed per day. | P77: 17th Oct
A78: 46303 | B78: BLR-RWF Yelahanka | C78: {=IF(B78="","",IFERROR(INDEX('CLM & IM Mapping'!$B$2:$B$270,MATCH(TRIM(B78),'CLM & IM Mapping'!$A$2:$A$270,0)),"Not Mapped"))} -> Akshay P | D78: {=IF(B78="","",IFERROR(INDEX('CLM & IM Mapping'!$C$2:$C$270,MATCH(TRIM(B78),'CLM & IM Mapping'!$A$2:$A$270,0)),"Not Mapped"))} -> Srittam Dhal | E78: RETAIL_STORE | F78: No | G78: Bengaluru | H78: 6639 | I78: 0.7 | J78: 0.4 | K78: 0.87 | L78: 0.97 | M78: 0.87 | N78: 6 | O78: DHM adherence issue, and the DHM has resigned; SIs are not monitoring properly. Discussed with the CLM, and another store's DHM has been aligned for monitoring. | P78: 15th
A79: 46303 | B79: BLR- Sonnenahalli New | C79: {=IF(B79="","",IFERROR(INDEX('CLM & IM Mapping'!$B$2:$B$270,MATCH(TRIM(B79),'CLM & IM Mapping'!$A$2:$A$270,0)),"Not Mapped"))} -> Narasimhamurthy R | D79: {=IF(B79="","",IFERROR(INDEX('CLM & IM Mapping'!$C$2:$C$270,MATCH(TRIM(B79),'CLM & IM Mapping'!$A$2:$A$270,0)),"Not Mapped"))} -> Kishor K | E79: RETAIL_STORE | F79: Yes | G79: Bengaluru | H79: 5305 | I79: 0.7 | J79: 0.4 | K79: 0.99 | L79: 0.98 | M79: 0.99 | N79: 2 | O79: 1 CCA and a QCA left the job; 3 CCAs and an IBA will be deployed, and 1,000 bins per day will be covered. | P79: 10th
A80: 46303 | B80: BLR-Hope Farm SS | C80: {=IF(B80="","",IFERROR(INDEX('CLM & IM Mapping'!$B$2:$B$270,MATCH(TRIM(B80),'CLM & IM Mapping'!$A$2:$A$270,0)),"Not Mapped"))} -> Arun Raj | D80: {=IF(B80="","",IFERROR(INDEX('CLM & IM Mapping'!$C$2:$C$270,MATCH(TRIM(B80),'CLM & IM Mapping'!$A$2:$A$270,0)),"Not Mapped"))} -> Simon Manoharan | E80: SUPERSTORE | F80: No | G80: Bengaluru | H80: 12736 | I80: 0.7 | J80: 0.4 | K80: 0.99 | L80: 1 | M80: 0.99 | N80: 1 | O80: On track; will close by the 15th. | P80: 15th
A81: 46303 | B81: BLR-BASAVANAPURA NETWORK 2 | C81: {=IF(B81="","",IFERROR(INDEX('CLM & IM Mapping'!$B$2:$B$270,MATCH(TRIM(B81),'CLM & IM Mapping'!$A$2:$A$270,0)),"Not Mapped"))} -> Richard Harris | D81: {=IF(B81="","",IFERROR(INDEX('CLM & IM Mapping'!$C$2:$C$270,MATCH(TRIM(B81),'CLM & IM Mapping'!$A$2:$A$270,0)),"Not Mapped"))} -> Kantha Kumar | E81: RETAIL_STORE | F81: Yes | G81: Bengaluru | H81: 5302 | I81: 0.7 | J81: 0.4 | K81: 0.81 | L81: 0.94 | M81: 0.81 | N81: 3
A82: 46303 | B82: BLR-Kannamangala | C82: {=IF(B82="","",IFERROR(INDEX('CLM & IM Mapping'!$B$2:$B$270,MATCH(TRIM(B82),'CLM & IM Mapping'!$A$2:$A$270,0)),"Not Mapped"))} -> Ashwath S | D82: {=IF(B82="","",IFERROR(INDEX('CLM & IM Mapping'!$C$2:$C$270,MATCH(TRIM(B82),'CLM & IM Mapping'!$A$2:$A$270,0)),"Not Mapped"))} -> Kantha Kumar | E82: RETAIL_STORE | F82: No | G82: Bengaluru | H82: 5785 | I82: 0.7 | J82: 0.4 | K82: 0.76 | L82: 0.89 | M82: 0.76 | N82: 2
A83: 46303 | B83: BLR-Hennur Main | C83: {=IF(B83="","",IFERROR(INDEX('CLM & IM Mapping'!$B$2:$B$270,MATCH(TRIM(B83),'CLM & IM Mapping'!$A$2:$A$270,0)),"Not Mapped"))} -> Adhavan Subramani | D83: {=IF(B83="","",IFERROR(INDEX('CLM & IM Mapping'!$C$2:$C$270,MATCH(TRIM(B83),'CLM & IM Mapping'!$A$2:$A$270,0)),"Not Mapped"))} -> Mohammed Akbar | E83: RETAIL_STORE | F83: No | G83: Bengaluru | H83: 12257 | I83: 0.7 | J83: 0.4 | K83: 0.97 | L83: 0.99 | N83: 2 | O83: 2 CCAs will be deployed, covering 1000 bins. | P83: 15th Oct
A84: 46303 | B84: BLR-Margosa road | C84: {=IF(B84="","",IFERROR(INDEX('CLM & IM Mapping'!$B$2:$B$270,MATCH(TRIM(B84),'CLM & IM Mapping'!$A$2:$A$270,0)),"Not Mapped"))} -> Vijay M | D84: {=IF(B84="","",IFERROR(INDEX('CLM & IM Mapping'!$C$2:$C$270,MATCH(TRIM(B84),'CLM & IM Mapping'!$A$2:$A$270,0)),"Not Mapped"))} -> Kantha Kumar | E84: RETAIL_STORE | F84: Yes | G84: Bengaluru | H84: 4480 | I84: 0.7 | J84: 0.41 | K84: 0.83 | L84: 0.95 | M84: 0.83 | N84: 4
A85: 46303 | B85: BLR-RAMAMURTHY NAGAR NEW | C85: {=IF(B85="","",IFERROR(INDEX('CLM & IM Mapping'!$B$2:$B$270,MATCH(TRIM(B85),'CLM & IM Mapping'!$A$2:$A$270,0)),"Not Mapped"))} -> Rizwan Ahmed | D85: {=IF(B85="","",IFERROR(INDEX('CLM & IM Mapping'!$C$2:$C$270,MATCH(TRIM(B85),'CLM & IM Mapping'!$A$2:$A$270,0)),"Not Mapped"))} -> Un Mapped | E85: RETAIL_STORE | F85: Yes | G85: Bengaluru | H85: 5959 | I85: 0.7 | J85: 0.41 | K85: 0.82 | L85: 0.96 | M85: 0.82 | N85: 3
A86: 46303 | B86: BLR-Garudachar Palya | C86: {=IF(B86="","",IFERROR(INDEX('CLM & IM Mapping'!$B$2:$B$270,MATCH(TRIM(B86),'CLM & IM Mapping'!$A$2:$A$270,0)),"Not Mapped"))} -> Silambarasan E | D86: {=IF(B86="","",IFERROR(INDEX('CLM & IM Mapping'!$C$2:$C$270,MATCH(TRIM(B86),'CLM & IM Mapping'!$A$2:$A$270,0)),"Not Mapped"))} -> Arivind S | E86: RETAIL_STORE | F86: Yes | G86: Bengaluru | H86: 6001 | I86: 0.7 | J86: 0.41 | K86: 0.81 | L86: 0.94 | M86: 0.81 | N86: 5 | O86: CC associate was cross-deployed to a nearby store for shrinkage recovery; 1500 bins per day. | P86: 12th Oct
A87: 46303 | B87: BLR-RAGHAVENDRA LAYOUT | C87: {=IF(B87="","",IFERROR(INDEX('CLM & IM Mapping'!$B$2:$B$270,MATCH(TRIM(B87),'CLM & IM Mapping'!$A$2:$A$270,0)),"Not Mapped"))} -> Suhas N | D87: {=IF(B87="","",IFERROR(INDEX('CLM & IM Mapping'!$C$2:$C$270,MATCH(TRIM(B87),'CLM & IM Mapping'!$A$2:$A$270,0)),"Not Mapped"))} -> Aravind S | E87: RETAIL_STORE | F87: Yes | G87: Bengaluru | H87: 4834 | I87: 0.7 | J87: 0.42 | K87: 0.77 | L87: 0.92 | M87: 0.77 | N87: 2
A88: 46303 | B88: BLR-RK Hegde Nagar | C88: {=IF(B88="","",IFERROR(INDEX('CLM & IM Mapping'!$B$2:$B$270,MATCH(TRIM(B88),'CLM & IM Mapping'!$A$2:$A$270,0)),"Not Mapped"))} -> Mohaideen DH | D88: {=IF(B88="","",IFERROR(INDEX('CLM & IM Mapping'!$C$2:$C$270,MATCH(TRIM(B88),'CLM & IM Mapping'!$A$2:$A$270,0)),"Not Mapped"))} -> Mohammed Akbar | E88: RETAIL_STORE | F88: Yes | G88: Bengaluru | H88: 5619 | I88: 0.7 | J88: 0.42 | K88: 0.84 | L88: 0.94 | N88: 1 | O88: 2 CCAs absconding for the last 3 days – hiring today; 2 CCAs + DHM will be aligned for CC, covering 600 bins per day. | P88: 12th Oct
A89: 46303 | B89: BLR-Electronic city network | C89: {=IF(B89="","",IFERROR(INDEX('CLM & IM Mapping'!$B$2:$B$270,MATCH(TRIM(B89),'CLM & IM Mapping'!$A$2:$A$270,0)),"Not Mapped"))} -> Balaji G | D89: {=IF(B89="","",IFERROR(INDEX('CLM & IM Mapping'!$C$2:$C$270,MATCH(TRIM(B89),'CLM & IM Mapping'!$A$2:$A$270,0)),"Not Mapped"))} -> Mohammed Akbar | E89: RETAIL_STORE | F89: Yes | G89: Bengaluru | H89: 5336 | I89: 0.7 | J89: 0.42 | K89: 0.79 | L89: 0.95 | M89: 0.79 | N89: 5 | O89: Store is enabled with the ATA model for CCAs; SBC will be assigned to CCAs by default through the system. | P89: 12th Oct
A90: 46303 | B90: BLR-JP Nagar New | C90: {=IF(B90="","",IFERROR(INDEX('CLM & IM Mapping'!$B$2:$B$270,MATCH(TRIM(B90),'CLM & IM Mapping'!$A$2:$A$270,0)),"Not Mapped"))} -> Manjunatha V | D90: {=IF(B90="","",IFERROR(INDEX('CLM & IM Mapping'!$C$2:$C$270,MATCH(TRIM(B90),'CLM & IM Mapping'!$A$2:$A$270,0)),"Not Mapped"))} -> Un Mapped | E90: RETAIL_STORE | F90: Yes | G90: Bengaluru | H90: 5714 | I90: 0.7 | J90: 0.43 | K90: 0.84 | L90: 0.97 | M90: 0.84 | N90: 4
A91: 46303 | B91: BLR-HBR Layout | C91: {=IF(B91="","",IFERROR(INDEX('CLM & IM Mapping'!$B$2:$B$270,MATCH(TRIM(B91),'CLM & IM Mapping'!$A$2:$A$270,0)),"Not Mapped"))} -> Girish N | D91: {=IF(B91="","",IFERROR(INDEX('CLM & IM Mapping'!$C$2:$C$270,MATCH(TRIM(B91),'CLM & IM Mapping'!$A$2:$A$270,0)),"Not Mapped"))} -> Un Mapped | E91: RETAIL_STORE | F91: Yes | G91: Bengaluru | H91: 5124 | I91: 0.7 | J91: 0.43 | K91: 0.84 | L91: 0.9 | M91: 0.84 | N91: 3
A92: 46303 | B92: BLR-BASAVANAPURA SS | C92: {=IF(B92="","",IFERROR(INDEX('CLM & IM Mapping'!$B$2:$B$270,MATCH(TRIM(B92),'CLM & IM Mapping'!$A$2:$A$270,0)),"Not Mapped"))} -> Arun Raj | D92: {=IF(B92="","",IFERROR(INDEX('CLM & IM Mapping'!$C$2:$C$270,MATCH(TRIM(B92),'CLM & IM Mapping'!$A$2:$A$270,0)),"Not Mapped"))} -> Simon Manoharan | E92: SUPERSTORE | F92: No | G92: Bengaluru | H92: 13185 | I92: 0.7 | J92: 0.43 | K92: 1 | L92: 1 | M92: 1 | N92: 4 | O92: On track; will close by the 15th. | P92: 15th
A93: 46303 | B93: BLR-Thyagaraja Nagar | C93: {=IF(B93="","",IFERROR(INDEX('CLM & IM Mapping'!$B$2:$B$270,MATCH(TRIM(B93),'CLM & IM Mapping'!$A$2:$A$270,0)),"Not Mapped"))} -> Suhas N | D93: {=IF(B93="","",IFERROR(INDEX('CLM & IM Mapping'!$C$2:$C$270,MATCH(TRIM(B93),'CLM & IM Mapping'!$A$2:$A$270,0)),"Not Mapped"))} -> Aravind S | E93: RETAIL_STORE | F93: Yes | G93: Bengaluru | H93: 6444 | I93: 0.7 | J93: 0.45 | K93: 0.82 | L93: 0.96 | M93: 0.82 | N93: 4
A94: 46303 | B94: BLR-Ramamurthy Nagar Network | C94: {=IF(B94="","",IFERROR(INDEX('CLM & IM Mapping'!$B$2:$B$270,MATCH(TRIM(B94),'CLM & IM Mapping'!$A$2:$A$270,0)),"Not Mapped"))} -> Rizwan Ahmed | D94: {=IF(B94="","",IFERROR(INDEX('CLM & IM Mapping'!$C$2:$C$270,MATCH(TRIM(B94),'CLM & IM Mapping'!$A$2:$A$270,0)),"Not Mapped"))} -> Un Mapped | E94: RETAIL_STORE | F94: No | G94: Bengaluru | H94: 4945 | I94: 0.7 | J94: 0.46 | K94: 0.94 | L94: 0.99 | M94: 0.94 | N94: 1
A95: 46303 | B95: BLR-Nagondanahalli | C95: {=IF(B95="","",IFERROR(INDEX('CLM & IM Mapping'!$B$2:$B$270,MATCH(TRIM(B95),'CLM & IM Mapping'!$A$2:$A$270,0)),"Not Mapped"))} -> Ashwath S | D95: {=IF(B95="","",IFERROR(INDEX('CLM & IM Mapping'!$C$2:$C$270,MATCH(TRIM(B95),'CLM & IM Mapping'!$A$2:$A$270,0)),"Not Mapped"))} -> Kantha Kumar | E95: RETAIL_STORE | F95: Yes | G95: Bengaluru | H95: 5883 | I95: 0.7 | J95: 0.48 | K95: 0.88 | L95: 0.94 | M95: 0.88 | N95: 2
A96: 46303 | B96: BLR-CV RAMAN NAGAR NEW | C96: {=IF(B96="","",IFERROR(INDEX('CLM & IM Mapping'!$B$2:$B$270,MATCH(TRIM(B96),'CLM & IM Mapping'!$A$2:$A$270,0)),"Not Mapped"))} -> Silambarasan E | D96: {=IF(B96="","",IFERROR(INDEX('CLM & IM Mapping'!$C$2:$C$270,MATCH(TRIM(B96),'CLM & IM Mapping'!$A$2:$A$270,0)),"Not Mapped"))} -> Arivind S | E96: RETAIL_STORE | F96: Yes | G96: Bengaluru | H96: 6034 | I96: 0.7 | J96: 0.48 | K96: 0.86 | L96: 0.95 | M96: 0.86 | N96: 6 | O96: CC associate was cross-deployed to a nearby store for shrinkage recovery; 1500 bins per day. | P96: 12th
A97: 46303 | B97: BLR-Basavanapura Network | C97: {=IF(B97="","",IFERROR(INDEX('CLM & IM Mapping'!$B$2:$B$270,MATCH(TRIM(B97),'CLM & IM Mapping'!$A$2:$A$270,0)),"Not Mapped"))} -> Richard Harris | D97: {=IF(B97="","",IFERROR(INDEX('CLM & IM Mapping'!$C$2:$C$270,MATCH(TRIM(B97),'CLM & IM Mapping'!$A$2:$A$270,0)),"Not Mapped"))} -> Kantha Kumar | E97: RETAIL_STORE | F97: Yes | G97: Bengaluru | H97: 7642 | I97: 0.7 | J97: 0.48 | K97: 0.85 | L97: 0.97 | M97: 0.85 | N97: 5
A98: 46303 | B98: BLR-CV Raman Nagar Network | C98: {=IF(B98="","",IFERROR(INDEX('CLM & IM Mapping'!$B$2:$B$270,MATCH(TRIM(B98),'CLM & IM Mapping'!$A$2:$A$270,0)),"Not Mapped"))} -> Silambarasan E | D98: {=IF(B98="","",IFERROR(INDEX('CLM & IM Mapping'!$C$2:$C$270,MATCH(TRIM(B98),'CLM & IM Mapping'!$A$2:$A$270,0)),"Not Mapped"))} -> Arivind S | E98: RETAIL_STORE | F98: Yes | G98: Bengaluru | H98: 5228 | I98: 0.7 | J98: 0.48 | K98: 0.86 | L98: 0.97 | M98: 0.86 | N98: 5
A99: 46303 | B99: KOC-Friendship nagar | C99: {=IF(B99="","",IFERROR(INDEX('CLM & IM Mapping'!$B$2:$B$270,MATCH(TRIM(B99),'CLM & IM Mapping'!$A$2:$A$270,0)),"Not Mapped"))} -> Vishnu V | D99: {=IF(B99="","",IFERROR(INDEX('CLM & IM Mapping'!$C$2:$C$270,MATCH(TRIM(B99),'CLM & IM Mapping'!$A$2:$A$270,0)),"Not Mapped"))} -> Arivind S | E99: RETAIL_STORE | F99: Yes | G99: Kochi | H99: 7790 | I99: 0.7 | J99: 0.48 | K99: 0.88 | L99: 0.97 | M99: 0.88 | N99: 3
A100: 46303 | B100: BLR-Whitefield Network-2 | C100: {=IF(B100="","",IFERROR(INDEX('CLM & IM Mapping'!$B$2:$B$270,MATCH(TRIM(B100),'CLM & IM Mapping'!$A$2:$A$270,0)),"Not Mapped"))} -> Basil Scariya | D100: {=IF(B100="","",IFERROR(INDEX('CLM & IM Mapping'!$C$2:$C$270,MATCH(TRIM(B100),'CLM & IM Mapping'!$A$2:$A$270,0)),"Not Mapped"))} -> Prakash BS | E100: RETAIL_STORE | F100: Yes | G100: Bengaluru | H100: 5311 | I100: 0.7 | J100: 0.49 | K100: 0.85 | L100: 0.96 | M100: 0.85 | N100: 3 | O100: The old CC associate left the job on the 2nd of this month; 2 new CC associates have been deployed recently. | P100: 46366
...

Sheet CLM & IM Mapping
A1: Store Names | B1: CLM Updated | C1: New IM Mapping
A2: BLR-Sarjapur New | B2: Saddam Hussain | C2: Un Mapped
A3: BLR-Agrahara Road | B3: Saddam Hussain | C3: Un Mapped
A4: BLR-Sarjapur-2 | B4: Saddam Hussain | C4: Un Mapped
A5: BLR-Doddakannelli | B5: Sundaresh S | C5: Un Mapped
A6: BLR-Carmelaram | B6: Sundaresh S | C6: Un Mapped
A7: BLR-Kasavanahalli | B7: Saddam Hussain | C7: Un Mapped
A8: BLR-Kasturinagar New | B8: Rizwan Ahmed | C8: Un Mapped
A9: BLR-Dooravani Nagar | B9: Rizwan Ahmed | C9: Un Mapped
A10: BLR-TC Palaya | B10: Rizwan Ahmed | C10: Un Mapped
A11: BLR-Banjara Layout | B11: Rizwan Ahmed | C11: Un Mapped
A12: BLR-Ramamurthy Nagar Network | B12: Rizwan Ahmed | C12: Un Mapped
... A270: TIR-Thiru VK Nagar Road | B270: John Britto | C270: Aravind S

Sheet RSTO > 48hrs
A1: Date | B1: Row Labels | C1: CLM | D1: IM | E1: c) 48-72 hr | F1: d) 72-96 hr | G1: e) >96 hr | H1: Grand Total | I1: Grand Total | J1: RCA & POA | K1: ETA
A2: 46303 | B2: BLR-Hennur New | C2: {=IF(B2="","",IFERROR(INDEX('CLM & IM Mapping'!$B$2:$B$270,MATCH(TRIM(B2),'CLM & IM Mapping'!$A$2:$A$270,0)),"Not Mapped"))} -> Adhavan Subramani | D2: {=IF(B2="","",IFERROR(INDEX('CLM & IM Mapping'!$C$2:$C$270,MATCH(TRIM(B2),'CLM & IM Mapping'!$A$2:$A$270,0)),"Not Mapped"))} -> Mohammed Akbar | G2: 1632 | H2: 1632 | I2: 107843.72 | J2: Store closed; picking in progress. | K2: Dispatching tomorrow – 9th Oct.
A3: 46303 | B3: BLR-JC Nagar | C3: {=IF(B3="","",IFERROR(INDEX('CLM & IM Mapping'!$B$2:$B$270,MATCH(TRIM(B3),'CLM & IM Mapping'!$A$2:$A$270,0)),"Not Mapped"))} -> Manoj Kj | D3: {=IF(B3="","",IFERROR(INDEX('CLM & IM Mapping'!$C$2:$C$270,MATCH(TRIM(B3),'CLM & IM Mapping'!$A$2:$A$270,0)),"Not Mapped"))} -> Srittam Dhal | G3: 882 | H3: 882 | I3: 104241.31 | J3: Store closed; picking in progress.
A4: 46303 | B4: BLR-ITPL Layout | C4: {=IF(B4="","",IFERROR(INDEX('CLM & IM Mapping'!$B$2:$B$270,MATCH(TRIM(B4),'CLM & IM Mapping'!$A$2:$A$270,0)),"Not Mapped"))} -> Rizwan Ahmed | D4: {=IF(B4="","",IFERROR(INDEX('CLM & IM Mapping'!$C$2:$C$270,MATCH(TRIM(B4),'CLM & IM Mapping'!$A$2:$A$270,0)),"Not Mapped"))} -> Prakash BS | E4: 62 | G4: 383 | H4: 445 | I4: 97053.76 | J4: Out of 445 qty, only 225 qty is pending, and this qty has been mapped to Milapura MH. A request has been raised to the central team to change the mapping; once the mapping is done, picking and dispatch will be completed.
A5: 46303 | B5: BLR-Marathalli SS | C5: {=IF(B5="","",IFERROR(INDEX('CLM & IM Mapping'!$B$2:$B$270,MATCH(TRIM(B5),'CLM & IM Mapping'!$A$2:$A$270,0)),"Not Mapped"))} -> Arun Raj | D5: {=IF(B5="","",IFERROR(INDEX('CLM & IM Mapping'!$C$2:$C$270,MATCH(TRIM(B5),'CLM & IM Mapping'!$A$2:$A$270,0)),"Not Mapped"))} -> Simon Manoharan | E5: 74 | G5: 143 | H5: 217 | I5: 90995.49 | J5: Pharma is pending; will be closed by 8th Oct. | K5: 8th Oct
A6: 46303 | B6: BLR-Banjara Layout | C6: {=IF(B6="","",IFERROR(INDEX('CLM & IM Mapping'!$B$2:$B$270,MATCH(TRIM(B6),'CLM & IM Mapping'!$A$2:$A$270,0)),"Not Mapped"))} -> Rizwan Ahmed | D6: {=IF(B6="","",IFERROR(INDEX('CLM & IM Mapping'!$C$2:$C$270,MATCH(TRIM(B6),'CLM & IM Mapping'!$A$2:$A$270,0)),"Not Mapped"))} -> Un Mapped | E6: 111 | G6: 1055 | H6: 1166 | I6: 81078.71
A7: 46303 | B7: BLR-Dooravani Nagar | C7: {=IF(B7="","",IFERROR(INDEX('CLM & IM Mapping'!$B$2:$B$270,MATCH(TRIM(B7),'CLM & IM Mapping'!$A$2:$A$270,0)),"Not Mapped"))} -> Rizwan Ahmed | D7: {=IF(B7="","",IFERROR(INDEX('CLM & IM Mapping'!$C$2:$C$270,MATCH(TRIM(B7),'CLM & IM Mapping'!$A$2:$A$270,0)),"Not Mapped"))} -> Un Mapped | E7: 514 | G7: 32 | H7: 546 | I7: 68476.09
A8: 46303 | B8: BLR-Nehru Nagar | C8: {=IF(B8="","",IFERROR(INDEX('CLM & IM Mapping'!$B$2:$B$270,MATCH(TRIM(B8),'CLM & IM Mapping'!$A$2:$A$270,0)),"Not Mapped"))} -> Akshay P | D8: {=IF(B8="","",IFERROR(INDEX('CLM & IM Mapping'!$C$2:$C$270,MATCH(TRIM(B8),'CLM & IM Mapping'!$A$2:$A$270,0)),"Not Mapped"))} -> Srittam Dhal | E8: 221 | G8: 486 | H8: 707 | I8: 54546.34
A9: 46303 | B9: BLR-Malleshwaram new | C9: {=IF(B9="","",IFERROR(INDEX('CLM & IM Mapping'!$B$2:$B$270,MATCH(TRIM(B9),'CLM & IM Mapping'!$A$2:$A$270,0)),"Not Mapped"))} -> Vijay M | D9: {=IF(B9="","",IFERROR(INDEX('CLM & IM Mapping'!$C$2:$C$270,MATCH(TRIM(B9),'CLM & IM Mapping'!$A$2:$A$270,0)),"Not Mapped"))} -> Kantha Kumar | E9: 407 | H9: 407 | I9: 45794.29
A10: 46303 | B10: BLR-JP Nagar SS | C10: {=IF(B10="","",IFERROR(INDEX('CLM & IM Mapping'!$B$2:$B$270,MATCH(TRIM(B10),'CLM & IM Mapping'!$A$2:$A$270,0)),"Not Mapped"))} -> Arun Raj | D10: {=IF(B10="","",IFERROR(INDEX('CLM & IM Mapping'!$C$2:$C$270,MATCH(TRIM(B10),'CLM & IM Mapping'!$A$2:$A$270,0)),"Not Mapped"))} -> Simon Manoharan | G10: 235 | H10: 235 | I10: 45393.64 | J10: All MH vehicles are on hold due to Balagere SS RTV.
A11: 46303 | B11: BLR-Arekere | C11: {=IF(B11="","",IFERROR(INDEX('CLM & IM Mapping'!$B$2:$B$270,MATCH(TRIM(B11),'CLM & IM Mapping'!$A$2:$A$270,0)),"Not Mapped"))} -> Manjunatha V | D11: {=IF(B11="","",IFERROR(INDEX('CLM & IM Mapping'!$C$2:$C$270,MATCH(TRIM(B11),'CLM & IM Mapping'!$A$2:$A$270,0)),"Not Mapped"))} -> Un Mapped | E11: 343 | G11: 304 | H11: 647 | I11: 45135.89
A12: 46303 | B12: BLR-Marathahalli New | C12: {=IF(B12="","",IFERROR(INDEX('CLM & IM Mapping'!$B$2:$B$270,MATCH(TRIM(B12),'CLM & IM Mapping'!$A$2:$A$270,0)),"Not Mapped"))} -> Basil Scariya | D12: {=IF(B12="","",IFERROR(INDEX('CLM & IM Mapping'!$C$2:$C$270,MATCH(TRIM(B12),'CLM & IM Mapping'!$A$2:$A$270,0)),"Not Mapped"))} -> Prakash BS | E12: 83 | G12: 334 | H12: 417 | I12: 40392.6 | J12: DHM monitoring issue.
A13: 46303 | B13: BLR-Balagere SS | C13: {=IF(B13="","",IFERROR(INDEX('CLM & IM Mapping'!$B$2:$B$270,MATCH(TRIM(B13),'CLM & IM Mapping'!$A$2:$A$270,0)),"Not Mapped"))} -> Arun Raj | D13: {=IF(B13="","",IFERROR(INDEX('CLM & IM Mapping'!$C$2:$C$270,MATCH(TRIM(B13),'CLM & IM Mapping'!$A$2:$A$270,0)),"Not Mapped"))} -> Simon Manoharan | G13: 131 | H13: 131 | I13: 40273.88 | J13: Store is currently moving RTV to the MH, and the last vehicle will carry the RSTO. | K13: 15th Oct
A14: 46303 | B14: BLR-Murugeshpalya | C14: {=IF(B14="","",IFERROR(INDEX('CLM & IM Mapping'!$B$2:$B$270,MATCH(TRIM(B14),'CLM & IM Mapping'!$A$2:$A$270,0)),"Not Mapped"))} -> Keshav G | D14: {=IF(B14="","",IFERROR(INDEX('CLM & IM Mapping'!$C$2:$C$270,MATCH(TRIM(B14),'CLM & IM Mapping'!$A$2:$A$270,0)),"Not Mapped"))} -> Mohammed Akbar | E14: 48 | F14: 15 | G14: 580 | H14: 643 | I14: 32712.68
A15: 46303 | B15: BLR-JP Nagar Network-2 | C15: {=IF(B15="","",IFERROR(INDEX('CLM & IM Mapping'!$B$2:$B$270,MATCH(TRIM(B15),'CLM & IM Mapping'!$A$2:$A$270,0)),"Not Mapped"))} -> Manjunatha V | D15: {=IF(B15="","",IFERROR(INDEX('CLM & IM Mapping'!$C$2:$C$270,MATCH(TRIM(B15),'CLM & IM Mapping'!$A$2:$A$270,0)),"Not Mapped"))} -> Un Mapped | G15: 267 | H15: 267 | I15: 31035.39
A16: 46303 | B16: BLR-Brookfield Network-2 | C16: {=IF(B16="","",IFERROR(INDEX('CLM & IM Mapping'!$B$2:$B$270,MATCH(TRIM(B16),'CLM & IM Mapping'!$A$2:$A$270,0)),"Not Mapped"))} -> Silambarasan E | D16: {=IF(B16="","",IFERROR(INDEX('CLM & IM Mapping'!$C$2:$C$270,MATCH(TRIM(B16),'CLM & IM Mapping'!$A$2:$A$270,0)),"Not Mapped"))} -> Arivind S | G16: 150 | H16: 150 | I16: 29719.31
A17: 46303 | B17: BLR-Bagalakunte | C17: {=IF(B17="","",IFERROR(INDEX('CLM & IM Mapping'!$B$2:$B$270,MATCH(TRIM(B17),'CLM & IM Mapping'!$A$2:$A$270,0)),"Not Mapped"))} -> Akshay P | D17: {=IF(B17="","",IFERROR(INDEX('CLM & IM Mapping'!$C$2:$C$270,MATCH(TRIM(B17),'CLM & IM Mapping'!$A$2:$A$270,0)),"Not Mapped"))} -> Srittam Dhal | E17: 300 | G17: 122 | H17: 422 | I17: 29420.75
A18: 46303 | B18: BLR-Tippenahalli | C18: {=IF(B18="","",IFERROR(INDEX('CLM & IM Mapping'!$B$2:$B$270,MATCH(TRIM(B18),'CLM & IM Mapping'!$A$2:$A$270,0)),"Not Mapped"))} -> Akshay P | D18: {=IF(B18="","",IFERROR(INDEX('CLM & IM Mapping'!$C$2:$C$270,MATCH(TRIM(B18),'CLM & IM Mapping'!$A$2:$A$270,0)),"Not Mapped"))} -> Srittam Dhal | E18: 103 | F18: 143 | H18: 246 | I18: 28773.12
A19: 46303 | B19: BLR- Brookefield SS | C19: {=IF(B19="","",IFERROR(INDEX('CLM & IM Mapping'!$B$2:$B$270,MATCH(TRIM(B19),'CLM & IM Mapping'!$A$2:$A$270,0)),"Not Mapped"))} -> Arun Raj | D19: {=IF(B19="","",IFERROR(INDEX('CLM & IM Mapping'!$C$2:$C$270,MATCH(TRIM(B19),'CLM & IM Mapping'!$A$2:$A$270,0)),"Not Mapped"))} -> Simon Manoharan | G19: 113 | H19: 113 | I19: 27828.42 | J19: Pharma is pending; will be closed by 8th Oct. | K19: 8th Oct
A20: 46303 | B20: BLR-Mathikere | C20: {=IF(B20="","",IFERROR(INDEX('CLM & IM Mapping'!$B$2:$B$270,MATCH(TRIM(B20),'CLM & IM Mapping'!$A$2:$A$270,0)),"Not Mapped"))} -> Manoj Kj | D20: {=IF(B20="","",IFERROR(INDEX('CLM & IM Mapping'!$C$2:$C$270,MATCH(TRIM(B20),'CLM & IM Mapping'!$A$2:$A$270,0)),"Not Mapped"))} -> Srittam Dhal | G20: 516 | H20: 516 | I20: 27752.88
A21: 46303 | B21: BLR-CV RAMAN NAGAR NEW | C21: {=IF(B21="","",IFERROR(INDEX('CLM & IM Mapping'!$B$2:$B$270,MATCH(TRIM(B21),'CLM & IM Mapping'!$A$2:$A$270,0)),"Not Mapped"))} -> Silambarasan E | D21: {=IF(B21="","",IFERROR(INDEX('CLM & IM Mapping'!$C$2:$C$270,MATCH(TRIM(B21),'CLM & IM Mapping'!$A$2:$A$270,0)),"Not Mapped"))} -> Arivind S | E21: 3 | G21: 264 | H21: 267 | I21: 25563.77 | K21: 0.70833333
A22: 46303 | B22: BLR-SHIVAJI NAGAR Network | C22: {=IF(B22="","",IFERROR(INDEX('CLM & IM Mapping'!$B$2:$B$270,MATCH(TRIM(B22),'CLM & IM Mapping'!$A$2:$A$270,0)),"Not Mapped"))} -> Vijay M | D22: {=IF(B22="","",IFERROR(INDEX('CLM & IM Mapping'!$C$2:$C$270,MATCH(TRIM(B22),'CLM & IM Mapping'!$A$2:$A$270,0)),"Not Mapped"))} -> Kantha Kumar | E22: 37 | F22: 46 | G22: 159 | H22: 242 | I22: 24100.68
A23: 46303 | B23: BLR-RK Hegde Nagar | C23: {=IF(B23="","",IFERROR(INDEX('CLM & IM Mapping'!$B$2:$B$270,MATCH(TRIM(B23),'CLM & IM Mapping'!$A$2:$A$270,0)),"Not Mapped"))} -> Mohaideen DH | D23: {=IF(B23="","",IFERROR(INDEX('CLM & IM Mapping'!$C$2:$C$270,MATCH(TRIM(B23),'CLM & IM Mapping'!$A$2:$A$270,0)),"Not Mapped"))} -> Mohammed Akbar | E23: 248 | F23: 1 | H23: 249 | I23: 23064.55 | J23: Picking in progress; closing at 4 PM. | K23: 0.875
A24: 46303 | B24: BLR-BHADRAPPA LAYOUT NETWORK | C24: {=IF(B24="","",IFERROR(INDEX('CLM & IM Mapping'!$B$2:$B$270,MATCH(TRIM(B24),'CLM & IM Mapping'!$A$2:$A$270,0)),"Not Mapped"))} -> Mohaideen DH | D24: {=IF(B24="","",IFERROR(INDEX('CLM & IM Mapping'!$C$2:$C$270,MATCH(TRIM(B24),'CLM & IM Mapping'!$A$2:$A$270,0)),"Not Mapped"))} -> Mohammed Akbar | F24: 41 | G24: 75 | H24: 116 | I24: 21903.32 | J24: Picking in progress; closing by 5 PM. | K24: 0.875
A25: 46303 | B25: BLR-Shivaji nagar New | C25: {=IF(B25="","",IFERROR(INDEX('CLM & IM Mapping'!$B$2:$B$270,MATCH(TRIM(B25),'CLM & IM Mapping'!$A$2:$A$270,0)),"Not Mapped"))} -> Vijay M | D25: {=IF(B25="","",IFERROR(INDEX('CLM & IM Mapping'!$C$2:$C$270,MATCH(TRIM(B25),'CLM & IM Mapping'!$A$2:$A$270,0)),"Not Mapped"))} -> Kantha Kumar | F25: 171 | G25: 79 | H25: 250 | I25: 20254.73
A26: 46303 | B26: BLR-Malleshpalya | C26: {=IF(B26="","",IFERROR(INDEX('CLM & IM Mapping'!$B$2:$B$270,MATCH(TRIM(B26),'CLM & IM Mapping'!$A$2:$A$270,0)),"Not Mapped"))} -> Silambarasan E | D26: {=IF(B26="","",IFERROR(INDEX('CLM & IM Mapping'!$C$2:$C$270,MATCH(TRIM(B26),'CLM & IM Mapping'!$A$2:$A$270,0)),"Not Mapped"))} -> Arivind S | E26: 166 | F26: 1 | G26: 240 | H26: 407 | I26: 19335.48 | J26: 240 qty aged more than 96 hours was in packed status with only dispatch pending; it will be closed today. | K26: 0.75
A27: 46303 | B27: BLR-Narayanapura | C27: {=IF(B27="","",IFERROR(INDEX('CLM & IM Mapping'!$B$2:$B$270,MATCH(TRIM(B27),'CLM & IM Mapping'!$A$2:$A$270,0)),"Not Mapped"))} -> Adhavan Subramani | D27: {=IF(B27="","",IFERROR(INDEX('CLM & IM Mapping'!$C$2:$C$270,MATCH(TRIM(B27),'CLM & IM Mapping'!$A$2:$A$270,0)),"Not Mapped"))} -> Mohammed Akbar | E27: 247 | G27: 16 | H27: 263 | I27: 19258.09 | J27: DH miss; picking will be closed by 4:00 PM. | K27: 0.70833333
A28: 46303 | B28: BLR-Whitefield New | C28: {=IF(B28="","",IFERROR(INDEX('CLM & IM Mapping'!$B$2:$B$270,MATCH(TRIM(B28),'CLM & IM Mapping'!$A$2:$A$270,0)),"Not Mapped"))} -> Basil Scariya | D28: {=IF(B28="","",IFERROR(INDEX('CLM & IM Mapping'!$C$2:$C$270,MATCH(TRIM(B28),'CLM & IM Mapping'!$A$2:$A$270,0)),"Not Mapped"))} -> Prakash BS | E28: 32 | G28: 3 | H28: 35 | I28: 13998.49 | J28: Picking in progress; will be closed by EOD.
A29: 46303 | B29: BLR-JAYANAGAR New | C29: {=IF(B29="","",IFERROR(INDEX('CLM & IM Mapping'!$B$2:$B$270,MATCH(TRIM(B29),'CLM & IM Mapping'!$A$2:$A$270,0)),"Not Mapped"))} -> Suhas N | D29: {=IF(B29="","",IFERROR(INDEX('CLM & IM Mapping'!$C$2:$C$270,MATCH(TRIM(B29),'CLM & IM Mapping'!$A$2:$A$270,0)),"Not Mapped"))} -> Aravind S | E29: 30 | F29: 10 | G29: 57 | H29: 97 | I29: 13851.48 | J29: Tech issue: unable to dispatch F&V.
A30: 46303 | B30: BLR-Seegehalli | C30: {=IF(B30="","",IFERROR(INDEX('CLM & IM Mapping'!$B$2:$B$270,MATCH(TRIM(B30),'CLM & IM Mapping'!$A$2:$A$270,0)),"Not Mapped"))} -> Richard Harris | D30: {=IF(B30="","",IFERROR(INDEX('CLM & IM Mapping'!$C$2:$C$270,MATCH(TRIM(B30),'CLM & IM Mapping'!$A$2:$A$270,0)),"Not Mapped"))} -> Kantha Kumar | G30: 42 | H30: 42 | I30: 13670.67
A31: 46303 | B31: BLR-Aswath Nagar | C31: {=IF(B31="","",IFERROR(INDEX('CLM & IM Mapping'!$B$2:$B$270,MATCH(TRIM(B31),'CLM & IM Mapping'!$A$2:$A$270,0)),"Not Mapped"))} -> Sundaresh S | D31: {=IF(B31="","",IFERROR(INDEX('CLM & IM Mapping'!$C$2:$C$270,MATCH(TRIM(B31),'CLM & IM Mapping'!$A$2:$A$270,0)),"Not Mapped"))} -> Un Mapped | E31: 79 | G31: 12 | H31: 91 | I31: 13577.18
A32: 46303 | B32: BLR-Malleshwaram SS | C32: {=IF(B32="","",IFERROR(INDEX('CLM & IM Mapping'!$B$2:$B$270,MATCH(TRIM(B32),'CLM & IM Mapping'!$A$2:$A$270,0)),"Not Mapped"))} -> Arun Raj | D32: {=IF(B32="","",IFERROR(INDEX('CLM & IM Mapping'!$C$2:$C$270,MATCH(TRIM(B32),'CLM & IM Mapping'!$A$2:$A$270,0)),"Not Mapped"))} -> Simon Manoharan | G32: 58 | H32: 58 | I32: 12880.59 | J32: Only ad hoc vehicles are being placed by the MH; we have requested a regular vehicle today. | K32: 8th Oct
A33: 46303 | B33: BLR-Thyagaraja Nagar | C33: {=IF(B33="","",IFERROR(INDEX('CLM & IM Mapping'!$B$2:$B$270,MATCH(TRIM(B33),'CLM & IM Mapping'!$A$2:$A$270,0)),"Not Mapped"))} -> Suhas N | D33: {=IF(B33="","",IFERROR(INDEX('CLM & IM Mapping'!$C$2:$C$270,MATCH(TRIM(B33),'CLM & IM Mapping'!$A$2:$A$270,0)),"Not Mapped"))} -> Aravind S | F33: 112 | H33: 112 | I33: 12850.85 | J33: Tech issue: document generation failed.
A34: 46303 | B34: BLR-Kamakshipalya | C34: {=IF(B34="","",IFERROR(INDEX('CLM & IM Mapping'!$B$2:$B$270,MATCH(TRIM(B34),'CLM & IM Mapping'!$A$2:$A$270,0)),"Not Mapped"))} -> Manoj Kj | D34: {=IF(B34="","",IFERROR(INDEX('CLM & IM Mapping'!$C$2:$C$270,MATCH(TRIM(B34),'CLM & IM Mapping'!$A$2:$A$270,0)),"Not Mapped"))} -> Srittam Dhal | E34: 163 | G34: 93 | H34: 256 | I34: 12819.34
A35: 46303 | B35: BLR-Kadarenahalli | C35: {=IF(B35="","",IFERROR(INDEX('CLM & IM Mapping'!$B$2:$B$270,MATCH(TRIM(B35),'CLM & IM Mapping'!$A$2:$A$270,0)),"Not Mapped"))} -> Raghavendra Vernekar | D35: {=IF(B35="","",IFERROR(INDEX('CLM & IM Mapping'!$C$2:$C$270,MATCH(TRIM(B35),'CLM & IM Mapping'!$A$2:$A$270,0)),"Not Mapped"))} -> Prakash BS | E35: 39 | G35: 108 | H35: 147 | I35: 11961.78 | J35: Picking in progress; will be closed by EOD.
A36: 46303 | B36: BLR-CV Raman Nagar Network-2 | C36: {=IF(B36="","",IFERROR(INDEX('CLM & IM Mapping'!$B$2:$B$270,MATCH(TRIM(B36),'CLM & IM Mapping'!$A$2:$A$270,0)),"Not Mapped"))} -> Silambarasan E | D36: {=IF(B36="","",IFERROR(INDEX('CLM & IM Mapping'!$C$2:$C$270,MATCH(TRIM(B36),'CLM & IM Mapping'!$A$2:$A$270,0)),"Not Mapped"))} -> Arivind S | E36: 178 | H36: 178 | I36: 11834.6
A37: 46303 | B37: BLR-Yelenahalli | C37: {=IF(B37="","",IFERROR(INDEX('CLM & IM Mapping'!$B$2:$B$270,MATCH(TRIM(B37),'CLM & IM Mapping'!$A$2:$A$270,0)),"Not Mapped"))} -> Manjunatha V | D37: {=IF(B37="","",IFERROR(INDEX('CLM & IM Mapping'!$C$2:$C$270,MATCH(TRIM(B37),'CLM & IM Mapping'!$A$2:$A$270,0)),"Not Mapped"))} -> Un Mapped | E37: 56 | G37: 38 | H37: 94 | I37: 11658.72
A38: 46303 | B38: BLR-GUNJUR Network | C38: {=IF(B38="","",IFERROR(INDEX('CLM & IM Mapping'!$B$2:$B$270,MATCH(TRIM(B38),'CLM & IM Mapping'!$A$2:$A$270,0)),"Not Mapped"))} -> Sundaresh S | D38: {=IF(B38="","",IFERROR(INDEX('CLM & IM Mapping'!$C$2:$C$270,MATCH(TRIM(B38),'CLM & IM Mapping'!$A$2:$A$270,0)),"Not Mapped"))} -> Un Mapped | E38: 2 | G38: 11 | H38: 13 | I38: 11027.58
A39: 46303 | B39: BLR-Hennur Main | C39: {=IF(B39="","",IFERROR(INDEX('CLM & IM Mapping'!$B$2:$B$270,MATCH(TRIM(B39),'CLM & IM Mapping'!$A$2:$A$270,0)),"Not Mapped"))} -> Adhavan Subramani | D39: {=IF(B39="","",IFERROR(INDEX('CLM & IM Mapping'!$C$2:$C$270,MATCH(TRIM(B39),'CLM & IM Mapping'!$A$2:$A$270,0)),"Not Mapped"))} -> Mohammed Akbar | E39: 94 | H39: 94 | I39: 10939.86 | J39: Packed. | K39: 0.95833333
A40: 46303 | B40: BLR-TC Palaya | C40: {=IF(B40="","",IFERROR(INDEX('CLM & IM Mapping'!$B$2:$B$270,MATCH(TRIM(B40),'CLM & IM Mapping'!$A$2:$A$270,0)),"Not Mapped"))} -> Rizwan Ahmed | D40: {=IF(B40="","",IFERROR(INDEX('CLM & IM Mapping'!$C$2:$C$270,MATCH(TRIM(B40),'CLM & IM Mapping'!$A$2:$A$270,0)),"Not Mapped"))} -> Un Mapped | G40: 69 | H40: 69 | I40: 10330.25
A41: 46303 | B41: BLR-Eldorado | C41: {=IF(B41="","",IFERROR(INDEX('CLM & IM Mapping'!$B$2:$B$270,MATCH(TRIM(B41),'CLM & IM Mapping'!$A$2:$A$270,0)),"Not Mapped"))} -> Adhavan Subramani | D41: {=IF(B41="","",IFERROR(INDEX('CLM & IM Mapping'!$C$2:$C$270,MATCH(TRIM(B41),'CLM & IM Mapping'!$A$2:$A$270,0)),"Not Mapped"))} -> Mohammed Akbar | F41: 2 | G41: 128 | H41: 130 | I41: 9870.32 | J41: Packer assigned. | K41: 0.041666667
A42: 46303 | B42: BLR-Cholayanakanalli | C42: {=IF(B42="","",IFERROR(INDEX('CLM & IM Mapping'!$B$2:$B$270,MATCH(TRIM(B42),'CLM & IM Mapping'!$A$2:$A$270,0)),"Not Mapped"))} -> Akshay P | D42: {=IF(B42="","",IFERROR(INDEX('CLM & IM Mapping'!$C$2:$C$270,MATCH(TRIM(B42),'CLM & IM Mapping'!$A$2:$A$270,0)),"Not Mapped"))} -> Srittam Dhal | G42: 58 | H42: 58 | I42: 9337.94
A43: 46303 | B43: BLR-BTM-3 | C43: {=IF(B43="","",IFERROR(INDEX('CLM & IM Mapping'!$B$2:$B$270,MATCH(TRIM(B43),'CLM & IM Mapping'!$A$2:$A$270,0)),"Not Mapped"))} -> Raghavendra Vernekar | D43: {=IF(B43="","",IFERROR(INDEX('CLM & IM Mapping'!$C$2:$C$270,MATCH(TRIM(B43),'CLM & IM Mapping'!$A$2:$A$270,0)),"Not Mapped"))} -> Prakash BS | E43: 69 | G43: 69 | H43: 138 | I43: 9025.76 | J43: Picking in progress; will be closed by EOD.
A44: 46303 | B44: BLR-BROOKEFIELD | C44: {=IF(B44="","",IFERROR(INDEX('CLM & IM Mapping'!$B$2:$B$270,MATCH(TRIM(B44),'CLM & IM Mapping'!$A$2:$A$270,0)),"Not Mapped"))} -> Basil Scariya | D44: {=IF(B44="","",IFERROR(INDEX('CLM & IM Mapping'!$C$2:$C$270,MATCH(TRIM(B44),'CLM & IM Mapping'!$A$2:$A$270,0)),"Not Mapped"))} -> Prakash BS | G44: 44 | H44: 44 | I44: 8292.26 | J44: Picking in progress; will be closed by EOD.
A45: 46303 | B45: BLR-Kannamangala | C45: {=IF(B45="","",IFERROR(INDEX('CLM & IM Mapping'!$B$2:$B$270,MATCH(TRIM(B45),'CLM & IM Mapping'!$A$2:$A$270,0)),"Not Mapped"))} -> Ashwath S | D45: {=IF(B45="","",IFERROR(INDEX('CLM & IM Mapping'!$C$2:$C$270,MATCH(TRIM(B45),'CLM & IM Mapping'!$A$2:$A$270,0)),"Not Mapped"))} -> Kantha Kumar | G45: 67 | H45: 67 | I45: 8262.07
A46: 46303 | B46: BLR-Basavanapura Network | C46: {=IF(B46="","",IFERROR(INDEX('CLM & IM Mapping'!$B$2:$B$270,MATCH(TRIM(B46),'CLM & IM Mapping'!$A$2:$A$270,0)),"Not Mapped"))} -> Richard Harris | D46: {=IF(B46="","",IFERROR(INDEX('CLM & IM Mapping'!$C$2:$C$270,MATCH(TRIM(B46),'CLM & IM Mapping'!$A$2:$A$270,0)),"Not Mapped"))} -> Kantha Kumar | E46: 9 | H46: 9 | I46: 8055.75
A47: 46303 | B47: BLR-RICHMOND TOWN SS | C47: {=IF(B47="","",IFERROR(INDEX('CLM & IM Mapping'!$B$2:$B$270,MATCH(TRIM(B47),'CLM & IM Mapping'!$A$2:$A$270,0)),"Not Mapped"))} -> Arun Raj | D47: {=IF(B47="","",IFERROR(INDEX('CLM & IM Mapping'!$C$2:$C$270,MATCH(TRIM(B47),'CLM & IM Mapping'!$A$2:$A$270,0)),"Not Mapped"))} -> Simon Manoharan | G47: 30 | H47: 30 | I47: 8012.12
A48: 46303 | B48: BLR-Bommasandra | C48: {=IF(B48="","",IFERROR(INDEX('CLM & IM Mapping'!$B$2:$B$270,MATCH(TRIM(B48),'CLM & IM Mapping'!$A$2:$A$270,0)),"Not Mapped"))} -> Balaji G | D48: {=IF(B48="","",IFERROR(INDEX('CLM & IM Mapping'!$C$2:$C$270,MATCH(TRIM(B48),'CLM & IM Mapping'!$A$2:$A$270,0)),"Not Mapped"))} -> Mohammed Akbar | E48: 67 | H48: 67 | I48: 6954.88 | J48: Packed; dispatching today. | K48: 0.66666667
A49: 46303 | B49: BLR-Narayanapura Network | C49: {=IF(B49="","",IFERROR(INDEX('CLM & IM Mapping'!$B$2:$B$270,MATCH(TRIM(B49),'CLM & IM Mapping'!$A$2:$A$270,0)),"Not Mapped"))} -> Adhavan Subramani | D49: {=IF(B49="","",IFERROR(INDEX('CLM & IM Mapping'!$C$2:$C$270,MATCH(TRIM(B49),'CLM & IM Mapping'!$A$2:$A$270,0)),"Not Mapped"))} -> Mohammed Akbar | E49: 2 | G49: 39 | H49: 41 | I49: 6943.72 | J49: Packed | K49: 0
A50: 46303 | B50: BLR-Dooravani Nagar SS | C50: {=IF(B50="","",IFERROR(INDEX('CLM & IM Mapping'!$B$2:$B$270,MATCH(TRIM(B50),'CLM & IM Mapping'!$A$2:$A$270,0)),"Not Mapped"))} -> Arun Raj | D50: {=IF(B50="","",IFERROR(INDEX('CLM & IM Mapping'!$C$2:$C$270,MATCH(TRIM(B50),'CLM & IM Mapping'!$A$2:$A$270,0)),"Not Mapped"))} -> Simon Manoharan | G50: 26 | H50: 26 | I50: 6287.3
A51: 46303 | B51: BLR-HSR-3 | C51: {=IF(B51="","",IFERROR(INDEX('CLM & IM Mapping'!$B$2:$B$270,MATCH(TRIM(B51),'CLM & IM Mapping'!$A$2:$A$270,0)),"Not Mapped"))} -> Saddam Hussain | D51: {=IF(B51="","",IFERROR(INDEX('CLM & IM Mapping'!$C$2:$C$270,MATCH(TRIM(B51),'CLM & IM Mapping'!$A$2:$A$270,0)),"Not Mapped"))} -> Un Mapped | G51: 19 | H51: 19 | I51: 6121.96
A52: 46303 | B52: BLR-RWF Yelahanka | C52: {=IF(B52="","",IFERROR(INDEX('CLM & IM Mapping'!$B$2:$B$270,MATCH(TRIM(B52),'CLM & IM Mapping'!$A$2:$A$270,0)),"Not Mapped"))} -> Akshay P | D52: {=IF(B52="","",IFERROR(INDEX('CLM & IM Mapping'!$C$2:$C$270,MATCH(TRIM(B52),'CLM & IM Mapping'!$A$2:$A$270,0)),"Not Mapped"))} -> Srittam Dhal | F52: 48 | G52: 52 | H52: 100 | I52: 6079.39
A53: 46303 | B53: BLR-Peenya SS | C53: {=IF(B53="","",IFERROR(INDEX('CLM & IM Mapping'!$B$2:$B$270,MATCH(TRIM(B53),'CLM & IM Mapping'!$A$2:$A$270,0)),"Not Mapped"))} -> Arun Raj | D53: {=IF(B53="","",IFERROR(INDEX('CLM & IM Mapping'!$C$2:$C$270,MATCH(TRIM(B53),'CLM & IM Mapping'!$A$2:$A$270,0)),"Not Mapped"))} -> Simon Manoharan | G53: 35 | H53: 35 | I53: 5858.75
A54: 46303 | B54: BLR-Sarjapur-2 | C54: {=IF(B54="","",IFERROR(INDEX('CLM & IM Mapping'!$B$2:$B$270,MATCH(TRIM(B54),'CLM & IM Mapping'!$A$2:$A$270,0)),"Not Mapped"))} -> Saddam Hussain | D54: {=IF(B54="","",IFERROR(INDEX('CLM & IM Mapping'!$C$2:$C$270,MATCH(TRIM(B54),'CLM & IM Mapping'!$A$2:$A$270,0)),"Not Mapped"))} -> Un Mapped | G54: 11 | H54: 11 | I54: 5405.32
A55: 46303 | B55: BLR-Bellandur-3 | C55: {=IF(B55="","",IFERROR(INDEX('CLM & IM Mapping'!$B$2:$B$270,MATCH(TRIM(B55),'CLM & IM Mapping'!$A$2:$A$270,0)),"Not Mapped"))} -> Ashwath S | D55: {=IF(B55="","",IFERROR(INDEX('CLM & IM Mapping'!$C$2:$C$270,MATCH(TRIM(B55),'CLM & IM Mapping'!$A$2:$A$270,0)),"Not Mapped"))} -> Kantha Kumar | E55: 54 | G55: 7 | H55: 61 | I55: 5404.3
A56: 46303 | B56: BLR-RR Nagar Network | C56: {=IF(B56="","",IFERROR(INDEX('CLM & IM Mapping'!$B$2:$B$270,MATCH(TRIM(B56),'CLM & IM Mapping'!$A$2:$A$270,0)),"Not Mapped"))} -> Ravishankar gowda | D56: {=IF(B56="","",IFERROR(INDEX('CLM & IM Mapping'!$C$2:$C$270,MATCH(TRIM(B56),'CLM & IM Mapping'!$A$2:$A$270,0)),"Not Mapped"))} -> Kishor K | G56: 47 | H56: 47 | I56: 5337.87 | J56: Dispatched | K56: Dispatched
A57: 46303 | B57: BLR-Hope Farm New | C57: {=IF(B57="","",IFERROR(INDEX('CLM & IM Mapping'!$B$2:$B$270,MATCH(TRIM(B57),'CLM & IM Mapping'!$A$2:$A$270,0)),"Not Mapped"))} -> Ashwath S | D57: {=IF(B57="","",IFERROR(INDEX('CLM & IM Mapping'!$C$2:$C$270,MATCH(TRIM(B57),'CLM & IM Mapping'!$A$2:$A$270,0)),"Not Mapped"))} -> Kantha Kumar | G57: 14 | H57: 14 | I57: 5024.04
A58: 46303 | B58: BLR-Varthur | C58: {=IF(B58="","",IFERROR(INDEX('CLM & IM Mapping'!$B$2:$B$270,MATCH(TRIM(B58),'CLM & IM Mapping'!$A$2:$A$270,0)),"Not Mapped"))} -> Sundaresh S | D58: {=IF(B58="","",IFERROR(INDEX('CLM & IM Mapping'!$C$2:$C$270,MATCH(TRIM(B58),'CLM & IM Mapping'!$A$2:$A$270,0)),"Not Mapped"))} -> Un Mapped | E58: 127 | H58: 127 | I58: 4907.14
A59: 46303 | B59: BLR-JP Nagar Network | C59: {=IF(B59="","",IFERROR(INDEX('CLM & IM Mapping'!$B$2:$B$270,MATCH(TRIM(B59),'CLM & IM Mapping'!$A$2:$A$270,0)),"Not Mapped"))} -> Manjunatha V | D59: {=IF(B59="","",IFERROR(INDEX('CLM & IM Mapping'!$C$2:$C$270,MATCH(TRIM(B59),'CLM & IM Mapping'!$A$2:$A$270,0)),"Not Mapped"))} -> Un Mapped | F59: 3 | H59: 3 | I59: 4739.25
A60: 46303 | B60: BLR-Manjunatha layout | C60: {=IF(B60="","",IFERROR(INDEX('CLM & IM Mapping'!$B$2:$B$270,MATCH(TRIM(B60),'CLM & IM Mapping'!$A$2:$A$270,0)),"Not Mapped"))} -> Sundaresh S | D60: {=IF(B60="","",IFERROR(INDEX('CLM & IM Mapping'!$C$2:$C$270,MATCH(TRIM(B60),'CLM & IM Mapping'!$A$2:$A$270,0)),"Not Mapped"))} -> Un Mapped | G60: 9 | H60: 9 | I60: 4633.28
A61: 46303 | B61: BLR-Dasarahalli | C61: {=IF(B61="","",IFERROR(INDEX('CLM & IM Mapping'!$B$2:$B$270,MATCH(TRIM(B61),'CLM & IM Mapping'!$A$2:$A$270,0)),"Not Mapped"))} -> Mohaideen DH | D61: {=IF(B61="","",IFERROR(INDEX('CLM & IM Mapping'!$C$2:$C$270,MATCH(TRIM(B61),'CLM & IM Mapping'!$A$2:$A$270,0)),"Not Mapped"))} -> Mohammed Akbar | E61: 48 | H61: 48 | I61: 4449.23 | J61: Picking in progress; closing by 5 PM. | K61: 0.875
A62: 46303 | B62: BLR-Electronic City Network-2 | C62: {=IF(B62="","",IFERROR(INDEX('CLM & IM Mapping'!$B$2:$B$270,MATCH(TRIM(B62),'CLM & IM Mapping'!$A$2:$A$270,0)),"Not Mapped"))} -> Balaji G | D62: {=IF(B62="","",IFERROR(INDEX('CLM & IM Mapping'!$C$2:$C$270,MATCH(TRIM(B62),'CLM & IM Mapping'!$A$2:$A$270,0)),"Not Mapped"))} -> Mohammed Akbar | G62: 10 | H62: 10 | I62: 4213.19 | J62: DHM miss – picking in progress. | K62: 0.66666667
A63: 46303 | B63: BLR-BELLANDUR-4 | C63: {=IF(B63="","",IFERROR(INDEX('CLM & IM Mapping'!$B$2:$B$270,MATCH(TRIM(B63),'CLM & IM Mapping'!$A$2:$A$270,0)),"Not Mapped"))} -> Ashwath S | D63: {=IF(B63="","",IFERROR(INDEX('CLM & IM Mapping'!$C$2:$C$270,MATCH(TRIM(B63),'CLM & IM Mapping'!$A$2:$A$270,0)),"Not Mapped"))} -> Kantha Kumar | G63: 7 | H63: 7 | I63: 4126.03
A64: 46303 | B64: BLR-Marathahalli-3 | C64: {=IF(B64="","",IFERROR(INDEX('CLM & IM Mapping'!$B$2:$B$270,MATCH(TRIM(B64),'CLM & IM Mapping'!$A$2:$A$270,0)),"Not Mapped"))} -> Sundaresh S | D64: {=IF(B64="","",IFERROR(INDEX('CLM & IM Mapping'!$C$2:$C$270,MATCH(TRIM(B64),'CLM & IM Mapping'!$A$2:$A$270,0)),"Not Mapped"))} -> Un Mapped | F64: 13 | H64: 13 | I64: 3959.47
A65: 46303 | B65: BLR-Kannika Nagar | C65: {=IF(B65="","",IFERROR(INDEX('CLM & IM Mapping'!$B$2:$B$270,MATCH(TRIM(B65),'CLM & IM Mapping'!$A$2:$A$270,0)),"Not Mapped"))} -> Balaji G | D65: {=IF(B65="","",IFERROR(INDEX('CLM & IM Mapping'!$C$2:$C$270,MATCH(TRIM(B65),'CLM & IM Mapping'!$A$2:$A$270,0)),"Not Mapped"))} -> Mohammed Akbar | E65: 2 | G65: 11 | H65: 13 | I65: 3875.48 | J65: Picking in progress; dispatching today. | K65: 0.66666667
A66: 46303 | B66: BLR - Bhadrappa Layout | C66: {=IF(B66="","",IFERROR(INDEX('CLM & IM Mapping'!$B$2:$B$270,MATCH(TRIM(B66),'CLM & IM Mapping'!$A$2:$A$270,0)),"Not Mapped"))} -> Mohaideen DH | D66: {=IF(B66="","",IFERROR(INDEX('CLM & IM Mapping'!$C$2:$C$270,MATCH(TRIM(B66),'CLM & IM Mapping'!$A$2:$A$270,0)),"Not Mapped"))} -> Mohammed Akbar | G66: 71 | H66: 71 | I66: 3855.48 | J66: Picking in progress; closing by 5 PM. | K66: 0.70833333
A67: 46303 | B67: BLR-Electronic City SS | C67: {=IF(B67="","",IFERROR(INDEX('CLM & IM Mapping'!$B$2:$B$270,MATCH(TRIM(B67),'CLM & IM Mapping'!$A$2:$A$270,0)),"Not Mapped"))} -> Arun Raj | D67: {=IF(B67="","",IFERROR(INDEX('CLM & IM Mapping'!$C$2:$C$270,MATCH(TRIM(B67),'CLM & IM Mapping'!$A$2:$A$270,0)),"Not Mapped"))} -> Simon Manoharan | G67: 17 | H67: 17 | I67: 3817.58
A68: 46303 | B68: BLR-Bommanahalli | C68: {=IF(B68="","",IFERROR(INDEX('CLM & IM Mapping'!$B$2:$B$270,MATCH(TRIM(B68),'CLM & IM Mapping'!$A$2:$A$270,0)),"Not Mapped"))} -> Raghavendra Vernekar | D68: {=IF(B68="","",IFERROR(INDEX('CLM & IM Mapping'!$C$2:$C$270,MATCH(TRIM(B68),'CLM & IM Mapping'!$A$2:$A$270,0)),"Not Mapped"))} -> Prakash BS | E68: 15 | G68: 12 | H68: 27 | I68: 3730.43 | J68: Picking in progress; will be closed by EOD.
A69: 46303 | B69: BLR-Belathur | C69: {=IF(B69="","",IFERROR(INDEX('CLM & IM Mapping'!$B$2:$B$270,MATCH(TRIM(B69),'CLM & IM Mapping'!$A$2:$A$270,0)),"Not Mapped"))} -> Ashwath S | D69: {=IF(B69="","",IFERROR(INDEX('CLM & IM Mapping'!$C$2:$C$270,MATCH(TRIM(B69),'CLM & IM Mapping'!$A$2:$A$270,0)),"Not Mapped"))} -> Kantha Kumar | G69: 21 | H69: 21 | I69: 3728.64
A70: 46303 | B70: BLR-Brookfield Network | C70: {=IF(B70="","",IFERROR(INDEX('CLM & IM Mapping'!$B$2:$B$270,MATCH(TRIM(B70),'CLM & IM Mapping'!$A$2:$A$270,0)),"Not Mapped"))} -> Silambarasan E | D70: {=IF(B70="","",IFERROR(INDEX('CLM & IM Mapping'!$C$2:$C$270,MATCH(TRIM(B70),'CLM & IM Mapping'!$A$2:$A$270,0)),"Not Mapped"))} -> Arivind S | E70: 17 | F70: 30 | G70: 2 | H70: 49 | I70: 3710.89
A71: 46303 | B71: BLR-Doddakannelli SS | C71: {=IF(B71="","",IFERROR(INDEX('CLM & IM Mapping'!$B$2:$B$270,MATCH(TRIM(B71),'CLM & IM Mapping'!$A$2:$A$270,0)),"Not Mapped"))} -> Arun Raj | D71: {=IF(B71="","",IFERROR(INDEX('CLM & IM Mapping'!$C$2:$C$270,MATCH(TRIM(B71),'CLM & IM Mapping'!$A$2:$A$270,0)),"Not Mapped"))} -> Simon Manoharan | G71: 19 | H71: 19 | I71: 3706.88
A72: 46303 | B72: BLR-Doddakannelli | C72: {=IF(B72="","",IFERROR(INDEX('CLM & IM Mapping'!$B$2:$B$270,MATCH(TRIM(B72),'CLM & IM Mapping'!$A$2:$A$270,0)),"Not Mapped"))} -> Sundaresh S | D72: {=IF(B72="","",IFERROR(INDEX('CLM & IM Mapping'!$C$2:$C$270,MATCH(TRIM(B72),'CLM & IM Mapping'!$A$2:$A$270,0)),"Not Mapped"))} -> Un Mapped | G72: 38 | H72: 38 | I72: 3684.21
A73: 46303 | B73: HBL-Gokul Road | C73: {=IF(B73="","",IFERROR(INDEX('CLM & IM Mapping'!$B$2:$B$270,MATCH(TRIM(B73),'CLM & IM Mapping'!$A$2:$A$270,0)),"Not Mapped"))} -> Bangareppa CS | D73: {=IF(B73="","",IFERROR(INDEX('CLM & IM Mapping'!$C$2:$C$270,MATCH(TRIM(B73),'CLM & IM Mapping'!$A$2:$A$270,0)),"Not Mapped"))} -> Kishor K | F73: 59 | G73: 99 | H73: 158 | I73: 3513.86 | J73: SI & DHM monitoring gap; stock not dispatched even after multiple reminders. | K73: 8th
A74: 46303 | B74: MYQ-Hudco | C74: {=IF(B74="","",IFERROR(INDEX('CLM & IM Mapping'!$B$2:$B$270,MATCH(TRIM(B74),'CLM & IM Mapping'!$A$2:$A$270,0)),"Not Mapped"))} -> Santhosha M | D74: {=IF(B74="","",IFERROR(INDEX('CLM & IM Mapping'!$C$2:$C$270,MATCH(TRIM(B74),'CLM & IM Mapping'!$A$2:$A$270,0)),"Not Mapped"))} -> Aravind S | G74: 11 | H74: 11 | I74: 3275.33 | J74: All dispatched.
A75: 46303 | B75: BLR-Doddathoguru | C75: {=IF(B75="","",IFERROR(INDEX('CLM & IM Mapping'!$B$2:$B$270,MATCH(TRIM(B75),'CLM & IM Mapping'!$A$2:$A$270,0)),"Not Mapped"))} -> Balaji G | D75: {=IF(B75="","",IFERROR(INDEX('CLM & IM Mapping'!$C$2:$C$270,MATCH(TRIM(B75),'CLM & IM Mapping'!$A$2:$A$270,0)),"Not Mapped"))} -> Mohammed Akbar | G75: 17 | H75: 17 | I75: 3153.75 | J75: Packed | K75: 0.75
A76: 46303 | B76: MYQ-Mahadevpura | C76: {=IF(B76="","",IFERROR(INDEX('CLM & IM Mapping'!$B$2:$B$270,MATCH(TRIM(B76),'CLM & IM Mapping'!$A$2:$A$270,0)),"Not Mapped"))} -> Santhosha M | D76: {=IF(B76="","",IFERROR(INDEX('CLM & IM Mapping'!$C$2:$C$270,MATCH(TRIM(B76),'CLM & IM Mapping'!$A$2:$A$270,0)),"Not Mapped"))} -> Aravind S | F76: 11 | G76: 5 | H76: 16 | I76: 3112.14 | J76: DH issues. | K76: 46303
A77: 46303 | B77: BLR-Bellandur 6 | C77: {=IF(B77="","",IFERROR(INDEX('CLM & IM Mapping'!$B$2:$B$270,MATCH(TRIM(B77),'CLM & IM Mapping'!$A$2:$A$270,0)),"Not Mapped"))} -> Ashwath S | D77: {=IF(B77="","",IFERROR(INDEX('CLM & IM Mapping'!$C$2:$C$270,MATCH(TRIM(B77),'CLM & IM Mapping'!$A$2:$A$270,0)),"Not Mapped"))} -> Kantha Kumar | G77: 52 | H77: 52 | I77: 3027.07
A78: 46303 | B78: BLR-Marathahalli 2 | C78: {=IF(B78="","",IFERROR(INDEX('CLM & IM Mapping'!$B$2:$B$270,MATCH(TRIM(B78),'CLM & IM Mapping'!$A$2:$A$270,0)),"Not Mapped"))} -> Basil Scariya | D78: {=IF(B78="","",IFERROR(INDEX('CLM & IM Mapping'!$C$2:$C$270,MATCH(TRIM(B78),'CLM & IM Mapping'!$A$2:$A$270,0)),"Not Mapped"))} -> Prakash BS | G78: 9 | H78: 9 | I78: 2813.68 | J78: Picking in progress; will be closed by EOD.
A79: 46303 | B79: BLR-BASAVANAPURA SS | C79: {=IF(B79="","",IFERROR(INDEX('CLM & IM Mapping'!$B$2:$B$270,MATCH(TRIM(B79),'CLM & IM Mapping'!$A$2:$A$270,0)),"Not Mapped"))} -> Arun Raj | D79: {=IF(B79="","",IFERROR(INDEX('CLM & IM Mapping'!$C$2:$C$270,MATCH(TRIM(B79),'CLM & IM Mapping'!$A$2:$A$270,0)),"Not Mapped"))} -> Simon Manoharan | G79: 14 | H79: 14 | I79: 2672.66
A80: 46303 | B80: BLR-Vijay Nagar Network | C80: {=IF(B80="","",IFERROR(INDEX('CLM & IM Mapping'!$B$2:$B$270,MATCH(TRIM(B80),'CLM & IM Mapping'!$A$2:$A$270,0)),"Not Mapped"))} -> Narasimhamurthy R | D80: {=IF(B80="","",IFERROR(INDEX('CLM & IM Mapping'!$C$2:$C$270,MATCH(TRIM(B80),'CLM & IM Mapping'!$A$2:$A$270,0)),"Not Mapped"))} -> Kishor K | G80: 47 | H80: 47 | I80: 2601.46 | J80: SI & DHM monitoring gap; stock not dispatched even after multiple reminders. | K80: 8th
A81: 46303 | B81: BLR-Mico layout network-2 | C81: {=IF(B81="","",IFERROR(INDEX('CLM & IM Mapping'!$B$2:$B$270,MATCH(TRIM(B81),'CLM & IM Mapping'!$A$2:$A$270,0)),"Not Mapped"))} -> Raghavendra Vernekar | D81: {=IF(B81="","",IFERROR(INDEX('CLM & IM Mapping'!$C$2:$C$270,MATCH(TRIM(B81),'CLM & IM Mapping'!$A$2:$A$270,0)),"Not Mapped"))} -> Prakash BS | G81: 15 | H81: 15 | I81: 2595.44 | J81: Picking in progress; will be closed by EOD.
A82: 46303 | B82: BLR-Siddapura | C82: {=IF(B82="","",IFERROR(INDEX('CLM & IM Mapping'!$B$2:$B$270,MATCH(TRIM(B82),'CLM & IM Mapping'!$A$2:$A$270,0)),"Not Mapped"))} -> Basil Scariya | D82: {=IF(B82="","",IFERROR(INDEX('CLM & IM Mapping'!$C$2:$C$270,MATCH(TRIM(B82),'CLM & IM Mapping'!$A$2:$A$270,0)),"Not Mapped"))} -> Prakash BS | G82: 17 | H82: 17 | I82: 2532.25 | J82: Picking in progress; will be closed by EOD.
A83: 46303 | B83: BLR-HSR SS | C83: {=IF(B83="","",IFERROR(INDEX('CLM & IM Mapping'!$B$2:$B$270,MATCH(TRIM(B83),'CLM & IM Mapping'!$A$2:$A$270,0)),"Not Mapped"))} -> Arun Raj | D83: {=IF(B83="","",IFERROR(INDEX('CLM & IM Mapping'!$C$2:$C$270,MATCH(TRIM(B83),'CLM & IM Mapping'!$A$2:$A$270,0)),"Not Mapped"))} -> Simon Manoharan | G83: 10 | H83: 10 | I83: 2526.23
A84: 46303 | B84: BLR-Chickpet New | C84: {=IF(B84="","",IFERROR(INDEX('CLM & IM Mapping'!$B$2:$B$270,MATCH(TRIM(B84),'CLM & IM Mapping'!$A$2:$A$270,0)),"Not Mapped"))} -> Suhas N | D84: {=IF(B84="","",IFERROR(INDEX('CLM & IM Mapping'!$C$2:$C$270,MATCH(TRIM(B84),'CLM & IM Mapping'!$A$2:$A$270,0)),"Not Mapped"))} -> Aravind S | E84: 4 | G84: 43 | H84: 47 | I84: 2432.06 | J84: DH issues. | K84: 46303
A85: 46303 | B85: BLR-Hope Farm SS | C85: {=IF(B85="","",IFERROR(INDEX('CLM & IM Mapping'!$B$2:$B$270,MATCH(TRIM(B85),'CLM & IM Mapping'!$A$2:$A$270,0)),"Not Mapped"))} -> Arun Raj | D85: {=IF(B85="","",IFERROR(INDEX('CLM & IM Mapping'!$C$2:$C$270,MATCH(TRIM(B85),'CLM & IM Mapping'!$A$2:$A$270,0)),"Not Mapped"))} -> Simon Manoharan | G85: 7 | H85: 7 | I85: 2418.21
A86: 46303 | B86: BLR-Chikkajala | C86: {=IF(B86="","",IFERROR(INDEX('CLM & IM Mapping'!$B$2:$B$270,MATCH(TRIM(B86),'CLM & IM Mapping'!$A$2:$A$270,0)),"Not Mapped"))} -> Adhavan Subramani | D86: {=IF(B86="","",IFERROR(INDEX('CLM & IM Mapping'!$C$2:$C$270,MATCH(TRIM(B86),'CLM & IM Mapping'!$A$2:$A$270,0)),"Not Mapped"))} -> Mohammed Akbar | E86: 6 | F86: 11 | H86: 17 | I86: 2310.71 | J86: Picking in progress. | K86: 0.041666667
A87: 46303 | B87: BLR-INDIRANAGAR NEW | C87: {=IF(B87="","",IFERROR(INDEX('CLM & IM Mapping'!$B$2:$B$270,MATCH(TRIM(B87),'CLM & IM Mapping'!$A$2:$A$270,0)),"Not Mapped"))} -> Balaji G | D87: {=IF(B87="","",IFERROR(INDEX('CLM & IM Mapping'!$C$2:$C$270,MATCH(TRIM(B87),'CLM & IM Mapping'!$A$2:$A$270,0)),"Not Mapped"))} -> Mohammed Akbar | G87: 7 | H87: 7 | I87: 2210.11 | J87: Packed | K87: 0.58333333
A88: 46303 | B88: BLR-Anjanapura | C88: {=IF(B88="","",IFERROR(INDEX('CLM & IM Mapping'!$B$2:$B$270,MATCH(TRIM(B88),'CLM & IM Mapping'!$A$2:$A$270,0)),"Not Mapped"))} -> Suhas N | D88: {=IF(B88="","",IFERROR(INDEX('CLM & IM Mapping'!$C$2:$C$270,MATCH(TRIM(B88),'CLM & IM Mapping'!$A$2:$A$270,0)),"Not Mapped"))} -> Aravind S | F88: 64 | H88: 64 | I88: 2172.76 | J88: DH issues. | K88: 46303
A89: 46303 | B89: BLR-Channasandra | C89: {=IF(B89="","",IFERROR(INDEX('CLM & IM Mapping'!$B$2:$B$270,MATCH(TRIM(B89),'CLM & IM Mapping'!$A$2:$A$270,0)),"Not Mapped"))} -> Ashwath S | D89: {=IF(B89="","",IFERROR(INDEX('CLM & IM Mapping'!$C$2:$C$270,MATCH(TRIM(B89),'CLM & IM Mapping'!$A$2:$A$270,0)),"Not Mapped"))} -> Kantha Kumar | G89: 29 | H89: 29 | I89: 2155.87
A90: 46303 | B90: BLR-BEML Layout | C90: {=IF(B90="","",IFERROR(INDEX('CLM & IM Mapping'!$B$2:$B$270,MATCH(TRIM(B90),'CLM & IM Mapping'!$A$2:$A$270,0)),"Not Mapped"))} -> Ravishankar gowda | D90: {=IF(B90="","",IFERROR(INDEX('CLM & IM Mapping'!$C$2:$C$270,MATCH(TRIM(B90),'CLM & IM Mapping'!$A$2:$A$270,0)),"Not Mapped"))} -> Kishor K | G90: 6 | H90: 6 | I90: 2007.73 | J90: Pharma stock is pending and waiting for the vehicle. | K90: 9th
A91: 46303 | B91: BLR-BTM LAYOUT NEW | C91: {=IF(B91="","",IFERROR(INDEX('CLM & IM Mapping'!$B$2:$B$270,MATCH(TRIM(B91),'CLM & IM Mapping'!$A$2:$A$270,0)),"Not Mapped"))} -> Raghavendra Vernekar | D91: {=IF(B91="","",IFERROR(INDEX('CLM & IM Mapping'!$C$2:$C$270,MATCH(TRIM(B91),'CLM & IM Mapping'!$A$2:$A$270,0)),"Not Mapped"))} -> Prakash BS | E91: 5 | G91: 6 | H91: 11 | I91: 1904.4 | J91: Picking in progress; will be closed by EOD.
A92: 46303 | B92: BLR-Whitefield Network-2 | C92: {=IF(B92="","",IFERROR(INDEX('CLM & IM Mapping'!$B$2:$B$270,MATCH(TRIM(B92),'CLM & IM Mapping'!$A$2:$A$270,0)),"Not Mapped"))} -> Basil Scariya | D92: {=IF(B92="","",IFERROR(INDEX('CLM & IM Mapping'!$C$2:$C$270,MATCH(TRIM(B92),'CLM & IM Mapping'!$A$2:$A$270,0)),"Not Mapped"))} -> Prakash BS | G92: 69 | H92: 69 | I92: 1881.47 | J92: Picking in progress; will be closed by EOD.
A93: 46303 | B93: BLR-Shivaji Nagar SS | C93: {=IF(B93="","",IFERROR(INDEX('CLM & IM Mapping'!$B$2:$B$270,MATCH(TRIM(B93),'CLM & IM Mapping'!$A$2:$A$270,0)),"Not Mapped"))} -> Arun Raj | D93: {=IF(B93="","",IFERROR(INDEX('CLM & IM Mapping'!$C$2:$C$270,MATCH(TRIM(B93),'CLM & IM Mapping'!$A$2:$A$270,0)),"Not Mapped"))} -> Simon Manoharan | G93: 18 | H93: 18 | I93: 1764.67
A94: 46303 | B94: BLR-Sattava East SS | C94: {=IF(B94="","",IFERROR(INDEX('CLM & IM Mapping'!$B$2:$B$270,MATCH(TRIM(B94),'CLM & IM Mapping'!$A$2:$A$270,0)),"Not Mapped"))} -> Arun Raj | D94: {=IF(B94="","",IFERROR(INDEX('CLM & IM Mapping'!$C$2:$C$270,MATCH(TRIM(B94),'CLM & IM Mapping'!$A$2:$A$270,0)),"Not Mapped"))} -> Simon Manoharan | F94: 1 | G94: 3 | H94: 4 | I94: 1723.71
A95: 46303 | B95: BLR-Nelmagala Town | C95: {=IF(B95="","",IFERROR(INDEX('CLM & IM Mapping'!$B$2:$B$270,MATCH(TRIM(B95),'CLM & IM Mapping'!$A$2:$A$270,0)),"Not Mapped"))} -> Akshay P | D95: {=IF(B95="","",IFERROR(INDEX('CLM & IM Mapping'!$C$2:$C$270,MATCH(TRIM(B95),'CLM & IM Mapping'!$A$2:$A$270,0)),"Not Mapped"))} -> Srittam Dhal | E95: 42 | H95: 42 | I95: 1628.72
A96: 46303 | B96: BLR-BTM Layout Network-3 | C96: {=IF(B96="","",IFERROR(INDEX('CLM & IM Mapping'!$B$2:$B$270,MATCH(TRIM(B96),'CLM & IM Mapping'!$A$2:$A$270,0)),"Not Mapped"))} -> Raghavendra Vernekar | D96: {=IF(B96="","",IFERROR(INDEX('CLM & IM Mapping'!$C$2:$C$270,MATCH(TRIM(B96),'CLM & IM Mapping'!$A$2:$A$270,0)),"Not Mapped"))} -> Prakash BS | G96: 2 | H96: 2 | I96: 1602.13 | J96: Picking in progress; will be closed by EOD.
A97: 46303 | B97: BLR-RAMAMURTHY NAGAR NEW | C97: {=IF(B97="","",IFERROR(INDEX('CLM & IM Mapping'!$B$2:$B$270,MATCH(TRIM(B97),'CLM & IM Mapping'!$A$2:$A$270,0)),"Not Mapped"))} -> Rizwan Ahmed | D97: {=IF(B97="","",IFERROR(INDEX('CLM & IM Mapping'!$C$2:$C$270,MATCH(TRIM(B97),'CLM & IM Mapping'!$A$2:$A$270,0)),"Not Mapped"))} -> Un Mapped | G97: 5 | H97: 5 | I97: 1545.36
A98: 46303 | B98: BLR-Electronic city network | C98: {=IF(B98="","",IFERROR(INDEX('CLM & IM Mapping'!$B$2:$B$270,MATCH(TRIM(B98),'CLM & IM Mapping'!$A$2:$A$270,0)),"Not Mapped"))} -> Balaji G | D98: {=IF(B98="","",IFERROR(INDEX('CLM & IM Mapping'!$C$2:$C$270,MATCH(TRIM(B98),'CLM & IM Mapping'!$A$2:$A$270,0)),"Not Mapped"))} -> Mohammed Akbar | G98: 6 | H98: 6 | I98: 1426.91 | J98: Picking in progress; dispatching today. | K98: 0.70833333
A99: 46303 | B99: BLR-RAGHAVENDRA LAYOUT NETWORK 2 | C99: {=IF(B99="","",IFERROR(INDEX('CLM & IM Mapping'!$B$2:$B$270,MATCH(TRIM(B99),'CLM & IM Mapping'!$A$2:$A$270,0)),"Not Mapped"))} -> Suhas N | D99: {=IF(B99="","",IFERROR(INDEX('CLM & IM Mapping'!$C$2:$C$270,MATCH(TRIM(B99),'CLM & IM Mapping'!$A$2:$A$270,0)),"Not Mapped"))} -> Aravind S | G99: 10 | H99: 10 | I99: 1406.56
A100: 46303 | B100: BLR-Doomasandra | C100: {=IF(B100="","",IFERROR(INDEX('CLM & IM Mapping'!$B$2:$B$270,MATCH(TRIM(B100),'CLM & IM Mapping'!$A$2:$A$270,0)),"Not Mapped"))} -> Sundaresh S | D100: {=IF(B100="","",IFERROR(INDEX('CLM & IM Mapping'!$C$2:$C$270,MATCH(TRIM(B100),'CLM & IM Mapping'!$A$2:$A$270,0)),"Not Mapped"))} -> Un Mapped | E100: 20 | H100: 20 | I100: 1247.18
...

Sheet Recirculation > 24 hrs
A1: Date | B1: Row Labels | C1: CLM | D1: IM | E1: 24-48 hrs | F1: 48-72 hrs | G1: 72-96 hrs | H1: >96 hrs | I1: A2P | J1: P2D | K1: Grand Total | L1: RCA & POA | M1: ETA
A2: 46303 | B2: BLR-Hennur New | C2: {=IF(B2="","",IFERROR(INDEX('CLM & IM Mapping'!$B$2:$B$270,MATCH(TRIM(B2),'CLM & IM Mapping'!$A$2:$A$270,0)),"Not Mapped"))} -> Adhavan Subramani | D2: {=IF(B2="","",IFERROR(INDEX('CLM & IM Mapping'!$C$2:$C$270,MATCH(TRIM(B2),'CLM & IM Mapping'!$A$2:$A$270,0)),"Not Mapped"))} -> Mohammed Akbar | G2: 3010 | H2: 7631 | I2: 10641 | J2: 0 | K2: 10641 | L2: Store closed; 3K Qty connected today. Aligned 4 MP for picking, targeting to pick 3K Qty. | M2: All created recirculation will be dispatched to MH by the 11th.
A3: 46303 | B3: BLR-JP Nagar SS | C3: {=IF(B3="","",IFERROR(INDEX('CLM & IM Mapping'!$B$2:$B$270,MATCH(TRIM(B3),'CLM & IM Mapping'!$A$2:$A$270,0)),"Not Mapped"))} -> Arun Raj | D3: {=IF(B3="","",IFERROR(INDEX('CLM & IM Mapping'!$C$2:$C$270,MATCH(TRIM(B3),'CLM & IM Mapping'!$A$2:$A$270,0)),"Not Mapped"))} -> Simon Manoharan | H3: 4863 | I3: 4863 | J3: 0 | K3: 4863 | L3: All RTV on hold as per central alignment due to Balagere SS closure.
A4: 46303 | B4: BLR-Balagere SS | C4: {=IF(B4="","",IFERROR(INDEX('CLM & IM Mapping'!$B$2:$B$270,MATCH(TRIM(B4),'CLM & IM Mapping'!$A$2:$A$270,0)),"Not Mapped"))} -> Arun Raj | D4: {=IF(B4="","",IFERROR(INDEX('CLM & IM Mapping'!$C$2:$C$270,MATCH(TRIM(B4),'CLM & IM Mapping'!$A$2:$A$270,0)),"Not Mapped"))} -> Simon Manoharan | E4: 408 | G4: 4150 | H4: 1 | I4: 4538 | J4: 21 | K4: 4559 | L4: Store closure RTV will be closed by 15th Oct. | M4: 15th Oct
A5: 46303 | B5: BLR-Bannerghatta Network 2 | C5: {=IF(B5="","",IFERROR(INDEX('CLM & IM Mapping'!$B$2:$B$270,MATCH(TRIM(B5),'CLM & IM Mapping'!$A$2:$A$270,0)),"Not Mapped"))} -> Manjunatha V | D5: {=IF(B5="","",IFERROR(INDEX('CLM & IM Mapping'!$C$2:$C$270,MATCH(TRIM(B5),'CLM & IM Mapping'!$A$2:$A$270,0)),"Not Mapped"))} -> Un Mapped | E5: 1595 | G5: 382 | H5: 5 | I5: 1895 | J5: 87 | K5: 1982 | L5: 72-hour bucket packed; 24–48-hour bucket picking is in progress.
A6: 46303 | B6: BLR-JP Nagar New | C6: {=IF(B6="","",IFERROR(INDEX('CLM & IM Mapping'!$B$2:$B$270,MATCH(TRIM(B6),'CLM & IM Mapping'!$A$2:$A$270,0)),"Not Mapped"))} -> Manjunatha V | D6: {=IF(B6="","",IFERROR(INDEX('CLM & IM Mapping'!$C$2:$C$270,MATCH(TRIM(B6),'CLM & IM Mapping'!$A$2:$A$270,0)),"Not Mapped"))} -> Un Mapped | E6: 1822 | I6: 1822 | J6: 0 | K6: 1822
A7: 46303 | B7: BLR-Whitefield New | C7: {=IF(B7="","",IFERROR(INDEX('CLM & IM Mapping'!$B$2:$B$270,MATCH(TRIM(B7),'CLM & IM Mapping'!$A$2:$A$270,0)),"Not Mapped"))} -> Basil Scariya | D7: {=IF(B7="","",IFERROR(INDEX('CLM & IM Mapping'!$C$2:$C$270,MATCH(TRIM(B7),'CLM & IM Mapping'!$A$2:$A$270,0)),"Not Mapped"))} -> Prakash BS | E7: 1598 | G7: 1 | I7: 1599 | J7: 0 | K7: 1599 | L7: Picking in progress; will be closed by the 9th.
A8: 46303 | B8: BLR-Bommasandra | C8: {=IF(B8="","",IFERROR(INDEX('CLM & IM Mapping'!$B$2:$B$270,MATCH(TRIM(B8),'CLM & IM Mapping'!$A$2:$A$270,0)),"Not Mapped"))} -> Balaji G | D8: {=IF(B8="","",IFERROR(INDEX('CLM & IM Mapping'!$C$2:$C$270,MATCH(TRIM(B8),'CLM & IM Mapping'!$A$2:$A$270,0)),"Not Mapped"))} -> Mohammed Akbar | E8: 1509 | I8: 1509 | J8: 0 | K8: 1509 | L8: Picking in progress – picking will be closed by 4 PM. | M8: 0.66666667
A9: 46303 | B9: BLR-HSR Layout New | C9: {=IF(B9="","",IFERROR(INDEX('CLM & IM Mapping'!$B$2:$B$270,MATCH(TRIM(B9),'CLM & IM Mapping'!$A$2:$A$270,0)),"Not Mapped"))} -> Saddam Hussain | D9: {=IF(B9="","",IFERROR(INDEX('CLM & IM Mapping'!$C$2:$C$270,MATCH(TRIM(B9),'CLM & IM Mapping'!$A$2:$A$270,0)),"Not Mapped"))} -> Un Mapped | E9: 1489 | H9: 7 | I9: 1490 | J9: 6 | K9: 1496
A10: 46303 | B10: BLR-Hegganahalli | C10: {=IF(B10="","",IFERROR(INDEX('CLM & IM Mapping'!$B$2:$B$270,MATCH(TRIM(B10),'CLM & IM Mapping'!$A$2:$A$270,0)),"Not Mapped"))} -> Manoj Kj | D10: {=IF(B10="","",IFERROR(INDEX('CLM & IM Mapping'!$C$2:$C$270,MATCH(TRIM(B10),'CLM & IM Mapping'!$A$2:$A$270,0)),"Not Mapped"))} -> Srittam Dhal | E10: 1463 | I10: 1463 | J10: 0 | K10: 1463
A11: 46303 | B11: BLR-Mico layout network-2 | C11: {=IF(B11="","",IFERROR(INDEX('CLM & IM Mapping'!$B$2:$B$270,MATCH(TRIM(B11),'CLM & IM Mapping'!$A$2:$A$270,0)),"Not Mapped"))} -> Raghavendra Vernekar | D11: {=IF(B11="","",IFERROR(INDEX('CLM & IM Mapping'!$C$2:$C$270,MATCH(TRIM(B11),'CLM & IM Mapping'!$A$2:$A$270,0)),"Not Mapped"))} -> Prakash BS | E11: 1222 | G11: 230 | I11: 1426 | J11: 26 | K11: 1452 | L11: Picking in progress; will be closed by the 9th.
A12: 46303 | B12: BLR-Kadugodi | C12: {=IF(B12="","",IFERROR(INDEX('CLM & IM Mapping'!$B$2:$B$270,MATCH(TRIM(B12),'CLM & IM Mapping'!$A$2:$A$270,0)),"Not Mapped"))} -> Ashwath S | D12: {=IF(B12="","",IFERROR(INDEX('CLM & IM Mapping'!$C$2:$C$270,MATCH(TRIM(B12),'CLM & IM Mapping'!$A$2:$A$270,0)),"Not Mapped"))} -> Kantha Kumar | E12: 1451 | G12: 1 | I12: 1452 | J12: 0 | K12: 1452
A13: 46303 | B13: BLR-Vijay Nagar Network | C13: {=IF(B13="","",IFERROR(INDEX('CLM & IM Mapping'!$B$2:$B$270,MATCH(TRIM(B13),'CLM & IM Mapping'!$A$2:$A$270,0)),"Not Mapped"))} -> Narasimhamurthy R | D13: {=IF(B13="","",IFERROR(INDEX('CLM & IM Mapping'!$C$2:$C$270,MATCH(TRIM(B13),'CLM & IM Mapping'!$A$2:$A$270,0)),"Not Mapped"))} -> Kishor K | E13: 860 | G13: 259 | H13: 301 | I13: 1420 | J13: 0 | K13: 1420 | L13: SI & DHM monitoring gap; stock not dispatched even after multiple reminders. | M13: Stock older than 72 hrs will be dispatched today, and today's created stock will be dispatched by tomorrow.
A14: 46303 | B14: BLR-RAGHAVENDRA LAYOUT NETWORK | C14: {=IF(B14="","",IFERROR(INDEX('CLM & IM Mapping'!$B$2:$B$270,MATCH(TRIM(B14),'CLM & IM Mapping'!$A$2:$A$270,0)),"Not Mapped"))} -> Suhas N | D14: {=IF(B14="","",IFERROR(INDEX('CLM & IM Mapping'!$C$2:$C$270,MATCH(TRIM(B14),'CLM & IM Mapping'!$A$2:$A$270,0)),"Not Mapped"))} -> Aravind S | E14: 765 | G14: 352 | I14: 768 | J14: 349 | K14: 1117
A15: 46303 | B15: BLR-Richmond Town Network | C15: {=IF(B15="","",IFERROR(INDEX('CLM & IM Mapping'!$B$2:$B$270,MATCH(TRIM(B15),'CLM & IM Mapping'!$A$2:$A$270,0)),"Not Mapped"))} -> Vijay M | D15: {=IF(B15="","",IFERROR(INDEX('CLM & IM Mapping'!$C$2:$C$270,MATCH(TRIM(B15),'CLM & IM Mapping'!$A$2:$A$270,0)),"Not Mapped"))} -> Kantha Kumar | E15: 999 | G15: 8 | H15: 2 | I15: 1009 | J15: 0 | K15: 1009
A16: 46303 | B16: BLR-Malagala | C16: {=IF(B16="","",IFERROR(INDEX('CLM & IM Mapping'!$B$2:$B$270,MATCH(TRIM(B16),'CLM & IM Mapping'!$A$2:$A$270,0)),"Not Mapped"))} -> Narasimhamurthy R | D16: {=IF(B16="","",IFERROR(INDEX('CLM & IM Mapping'!$C$2:$C$270,MATCH(TRIM(B16),'CLM & IM Mapping'!$A$2:$A$270,0)),"Not Mapped"))} -> Kishor K | E16: 997 | I16: 997 | J16: 0 | K16: 997 | L16: 24-hour bucket stock is pending. | M16: 8th
A17: 46303 | B17: BLR-Narayanapura | C17: {=IF(B17="","",IFERROR(INDEX('CLM & IM Mapping'!$B$2:$B$270,MATCH(TRIM(B17),'CLM & IM Mapping'!$A$2:$A$270,0)),"Not Mapped"))} -> Adhavan Subramani | D17: {=IF(B17="","",IFERROR(INDEX('CLM & IM Mapping'!$C$2:$C$270,MATCH(TRIM(B17),'CLM & IM Mapping'!$A$2:$A$270,0)),"Not Mapped"))} -> Mohammed Akbar | E17: 993 | I17: 993 | J17: 0 | K17: 993 | L17: Picking in progress – closing by 10 PM. | M17: Dispatching tomorrow at 2:00 PM.
A18: 46303 | B18: BLR-BTM-3 | C18: {=IF(B18="","",IFERROR(INDEX('CLM & IM Mapping'!$B$2:$B$270,MATCH(TRIM(B18),'CLM & IM Mapping'!$A$2:$A$270,0)),"Not Mapped"))} -> Raghavendra Vernekar | D18: {=IF(B18="","",IFERROR(INDEX('CLM & IM Mapping'!$C$2:$C$270,MATCH(TRIM(B18),'CLM & IM Mapping'!$A$2:$A$270,0)),"Not Mapped"))} -> Prakash BS | E18: 876 | G18: 16 | I18: 875 | J18: 17 | K18: 892 | L18: Picking in progress; will be closed by the 9th.
A19: 46303 | B19: BLR- Sonnenahalli New | C19: {=IF(B19="","",IFERROR(INDEX('CLM & IM Mapping'!$B$2:$B$270,MATCH(TRIM(B19),'CLM & IM Mapping'!$A$2:$A$270,0)),"Not Mapped"))} -> Narasimhamurthy R | D19: {=IF(B19="","",IFERROR(INDEX('CLM & IM Mapping'!$C$2:$C$270,MATCH(TRIM(B19),'CLM & IM Mapping'!$A$2:$A$270,0)),"Not Mapped"))} -> Kishor K | E19: 804 | I19: 804 | J19: 0 | K19: 804 | L19: 24-hour bucket stock is pending. | M19: 9th
A20: 46303 | B20: BLR-Kambipura | C20: {=IF(B20="","",IFERROR(INDEX('CLM & IM Mapping'!$B$2:$B$270,MATCH(TRIM(B20),'CLM & IM Mapping'!$A$2:$A$270,0)),"Not Mapped"))} -> Ravishankar gowda | D20: {=IF(B20="","",IFERROR(INDEX('CLM & IM Mapping'!$C$2:$C$270,MATCH(TRIM(B20),'CLM & IM Mapping'!$A$2:$A$270,0)),"Not Mapped"))} -> Kishor K | E20: 622 | I20: 622 | J20: 0 | K20: 622 | L20: 24-hour bucket stock is pending. | M20: 8th
A21: 46303 | B21: BLR-HSR SS | C21: {=IF(B21="","",IFERROR(INDEX('CLM & IM Mapping'!$B$2:$B$270,MATCH(TRIM(B21),'CLM & IM Mapping'!$A$2:$A$270,0)),"Not Mapped"))} -> Arun Raj | D21: {=IF(B21="","",IFERROR(INDEX('CLM & IM Mapping'!$C$2:$C$270,MATCH(TRIM(B21),'CLM & IM Mapping'!$A$2:$A$270,0)),"Not Mapped"))} -> Simon Manoharan | E21: 399 | G21: 116 | H21: 38 | I21: 553 | J21: 0 | K21: 553 | L21: Only backdated Pharma is pending, due to ad hoc vehicles dispatched by the MH. | M21: 8th
A22: 46303 | B22: BLR-Tippenahalli | C22: {=IF(B22="","",IFERROR(INDEX('CLM & IM Mapping'!$B$2:$B$270,MATCH(TRIM(B22),'CLM & IM Mapping'!$A$2:$A$270,0)),"Not Mapped"))} -> Akshay P | D22: {=IF(B22="","",IFERROR(INDEX('CLM & IM Mapping'!$C$2:$C$270,MATCH(TRIM(B22),'CLM & IM Mapping'!$A$2:$A$270,0)),"Not Mapped"))} -> Srittam Dhal | G22: 498 | H22: 11 | I22: 5 | J22: 504 | K22: 509
A23: 46303 | B23: BLR-Sattava East | C23: {=IF(B23="","",IFERROR(INDEX('CLM & IM Mapping'!$B$2:$B$270,MATCH(TRIM(B23),'CLM & IM Mapping'!$A$2:$A$270,0)),"Not Mapped"))} -> Ashwath S | D23: {=IF(B23="","",IFERROR(INDEX('CLM & IM Mapping'!$C$2:$C$270,MATCH(TRIM(B23),'CLM & IM Mapping'!$A$2:$A$270,0)),"Not Mapped"))} -> Kantha Kumar | G23: 500 | I23: 500 | J23: 0 | K23: 500
A24: 46303 | B24: BLR-HBR Layout | C24: {=IF(B24="","",IFERROR(INDEX('CLM & IM Mapping'!$B$2:$B$270,MATCH(TRIM(B24),'CLM & IM Mapping'!$A$2:$A$270,0)),"Not Mapped"))} -> Girish N | D24: {=IF(B24="","",IFERROR(INDEX('CLM & IM Mapping'!$C$2:$C$270,MATCH(TRIM(B24),'CLM & IM Mapping'!$A$2:$A$270,0)),"Not Mapped"))} -> Un Mapped | G24: 498 | H24: 1 | I24: 481 | J24: 18 | K24: 499
A25: 46303 | B25: MYQ-Rajendra Nagar | C25: {=IF(B25="","",IFERROR(INDEX('CLM & IM Mapping'!$B$2:$B$270,MATCH(TRIM(B25),'CLM & IM Mapping'!$A$2:$A$270,0)),"Not Mapped"))} -> Santhosha M | D25: {=IF(B25="","",IFERROR(INDEX('CLM & IM Mapping'!$C$2:$C$270,MATCH(TRIM(B25),'CLM & IM Mapping'!$A$2:$A$270,0)),"Not Mapped"))} -> Aravind S | E25: 496 | I25: 496 | J25: 0 | K25: 496
A26: 46303 | B26: BLR-Electronic City Network-2 | C26: {=IF(B26="","",IFERROR(INDEX('CLM & IM Mapping'!$B$2:$B$270,MATCH(TRIM(B26),'CLM & IM Mapping'!$A$2:$A$270,0)),"Not Mapped"))} -> Balaji G | D26: {=IF(B26="","",IFERROR(INDEX('CLM & IM Mapping'!$C$2:$C$270,MATCH(TRIM(B26),'CLM & IM Mapping'!$A$2:$A$270,0)),"Not Mapped"))} -> Mohammed Akbar | E26: 477 | I26: 443 | J26: 34 | K26: 477 | L26: Packed; dispatching today. | M26: 0.75
A27: 46303 | B27: BLR-Malleshwaram SS | C27: {=IF(B27="","",IFERROR(INDEX('CLM & IM Mapping'!$B$2:$B$270,MATCH(TRIM(B27),'CLM & IM Mapping'!$A$2:$A$270,0)),"Not Mapped"))} -> Arun Raj | D27: {=IF(B27="","",IFERROR(INDEX('CLM & IM Mapping'!$C$2:$C$270,MATCH(TRIM(B27),'CLM & IM Mapping'!$A$2:$A$270,0)),"Not Mapped"))} -> Simon Manoharan | E27: 298 | G27: 102 | H27: 34 | I27: 322 | J27: 112 | K27: 434
A28: 46303 | B28: BLR-RR Nagar SS | C28: {=IF(B28="","",IFERROR(INDEX('CLM & IM Mapping'!$B$2:$B$270,MATCH(TRIM(B28),'CLM & IM Mapping'!$A$2:$A$270,0)),"Not Mapped"))} -> Arun Raj | D28: {=IF(B28="","",IFERROR(INDEX('CLM & IM Mapping'!$C$2:$C$270,MATCH(TRIM(B28),'CLM & IM Mapping'!$A$2:$A$270,0)),"Not Mapped"))} -> Simon Manoharan | E28: 300 | G28: 124 | I28: 300 | J28: 124 | K28: 424
A29: 46303 | B29: BLR-Sattava East SS | C29: {=IF(B29="","",IFERROR(INDEX('CLM & IM Mapping'!$B$2:$B$270,MATCH(TRIM(B29),'CLM & IM Mapping'!$A$2:$A$270,0)),"Not Mapped"))} -> Arun Raj | D29: {=IF(B29="","",IFERROR(INDEX('CLM & IM Mapping'!$C$2:$C$270,MATCH(TRIM(B29),'CLM & IM Mapping'!$A$2:$A$270,0)),"Not Mapped"))} -> Simon Manoharan | E29: 300 | G29: 103 | H29: 15 | I29: 418 | J29: 0 | K29: 418
A30: 46303 | B30: BLR-BASAVANAPURA SS | C30: {=IF(B30="","",IFERROR(INDEX('CLM & IM Mapping'!$B$2:$B$270,MATCH(TRIM(B30),'CLM & IM Mapping'!$A$2:$A$270,0)),"Not Mapped"))} -> Arun Raj | D30: {=IF(B30="","",IFERROR(INDEX('CLM & IM Mapping'!$C$2:$C$270,MATCH(TRIM(B30),'CLM & IM Mapping'!$A$2:$A$270,0)),"Not Mapped"))} -> Simon Manoharan | E30: 299 | G30: 117 | I30: 416 | J30: 0 | K30: 416
A31: 46303 | B31: BLR-Vijay Nagar SS | C31: {=IF(B31="","",IFERROR(INDEX('CLM & IM Mapping'!$B$2:$B$270,MATCH(TRIM(B31),'CLM & IM Mapping'!$A$2:$A$270,0)),"Not Mapped"))} -> Arun Raj | D31: {=IF(B31="","",IFERROR(INDEX('CLM & IM Mapping'!$C$2:$C$270,MATCH(TRIM(B31),'CLM & IM Mapping'!$A$2:$A$270,0)),"Not Mapped"))} -> Simon Manoharan | E31: 300 | G31: 105 | I31: 394 | J31: 11 | K31: 405
A32: 46303 | B32: BLR-Bellandur SS | C32: {=IF(B32="","",IFERROR(INDEX('CLM & IM Mapping'!$B$2:$B$270,MATCH(TRIM(B32),'CLM & IM Mapping'!$A$2:$A$270,0)),"Not Mapped"))} -> Arun Raj | D32: {=IF(B32="","",IFERROR(INDEX('CLM & IM Mapping'!$C$2:$C$270,MATCH(TRIM(B32),'CLM & IM Mapping'!$A$2:$A$270,0)),"Not Mapped"))} -> Simon Manoharan | E32: 300 | G32: 54 | I32: 274 | J32: 80 | K32: 354
A33: 46303 | B33: BLR-RICHMOND TOWN SS | C33: {=IF(B33="","",IFERROR(INDEX('CLM & IM Mapping'!$B$2:$B$270,MATCH(TRIM(B33),'CLM & IM Mapping'!$A$2:$A$270,0)),"Not Mapped"))} -> Arun Raj | D33: {=IF(B33="","",IFERROR(INDEX('CLM & IM Mapping'!$C$2:$C$270,MATCH(TRIM(B33),'CLM & IM Mapping'!$A$2:$A$270,0)),"Not Mapped"))} -> Simon Manoharan | E33: 300 | G33: 49 | I33: 349 | J33: 0 | K33: 349
A34: 46303 | B34: BLR-ITPL Layout | C34: {=IF(B34="","",IFERROR(INDEX('CLM & IM Mapping'!$B$2:$B$270,MATCH(TRIM(B34),'CLM & IM Mapping'!$A$2:$A$270,0)),"Not Mapped"))} -> Rizwan Ahmed | D34: {=IF(B34="","",IFERROR(INDEX('CLM & IM Mapping'!$C$2:$C$270,MATCH(TRIM(B34),'CLM & IM Mapping'!$A$2:$A$270,0)),"Not Mapped"))} -> Prakash BS | G34: 2 | H34: 335 | I34: 337 | J34: 0 | K34: 337 | L34: Picking in progress; will be closed by EOD.
A35: 46303 | B35: BLR- Brookefield SS | C35: {=IF(B35="","",IFERROR(INDEX('CLM & IM Mapping'!$B$2:$B$270,MATCH(TRIM(B35),'CLM & IM Mapping'!$A$2:$A$270,0)),"Not Mapped"))} -> Arun Raj | D35: {=IF(B35="","",IFERROR(INDEX('CLM & IM Mapping'!$C$2:$C$270,MATCH(TRIM(B35),'CLM & IM Mapping'!$A$2:$A$270,0)),"Not Mapped"))} -> Simon Manoharan | E35: 300 | H35: 8 | I35: 300 | J35: 8 | K35: 308
A36: 46303 | B36: BLR-Peenya SS | C36: {=IF(B36="","",IFERROR(INDEX('CLM & IM Mapping'!$B$2:$B$270,MATCH(TRIM(B36),'CLM & IM Mapping'!$A$2:$A$270,0)),"Not Mapped"))} -> Arun Raj | D36: {=IF(B36="","",IFERROR(INDEX('CLM & IM Mapping'!$C$2:$C$270,MATCH(TRIM(B36),'CLM & IM Mapping'!$A$2:$A$270,0)),"Not Mapped"))} -> Simon Manoharan | E36: 299 | G36: 7 | I36: 285 | J36: 21 | K36: 306
A37: 46303 | B37: BLR-Marathalli SS | C37: {=IF(B37="","",IFERROR(INDEX('CLM & IM Mapping'!$B$2:$B$270,MATCH(TRIM(B37),'CLM & IM Mapping'!$A$2:$A$270,0)),"Not Mapped"))} -> Arun Raj | D37: {=IF(B37="","",IFERROR(INDEX('CLM & IM Mapping'!$C$2:$C$270,MATCH(TRIM(B37),'CLM & IM Mapping'!$A$2:$A$270,0)),"Not Mapped"))} -> Simon Manoharan | E37: 300 | H37: 5 | I37: 305 | J37: 0 | K37: 305
A38: 46303 | B38: BLR-Bannerghatta SS | C38: {=IF(B38="","",IFERROR(INDEX('CLM & IM Mapping'!$B$2:$B$270,MATCH(TRIM(B38),'CLM & IM Mapping'!$A$2:$A$270,0)),"Not Mapped"))} -> Arun Raj | D38: {=IF(B38="","",IFERROR(INDEX('CLM & IM Mapping'!$C$2:$C$270,MATCH(TRIM(B38),'CLM & IM Mapping'!$A$2:$A$270,0)),"Not Mapped"))} -> Simon Manoharan | E38: 300 | G38: 4 | I38: 300 | J38: 4 | K38: 304
A39: 46303 | B39: BLR-Kadarenahalli SS | C39: {=IF(B39="","",IFERROR(INDEX('CLM & IM Mapping'!$B$2:$B$270,MATCH(TRIM(B39),'CLM & IM Mapping'!$A$2:$A$270,0)),"Not Mapped"))} -> Arun Raj | D39: {=IF(B39="","",IFERROR(INDEX('CLM & IM Mapping'!$C$2:$C$270,MATCH(TRIM(B39),'CLM & IM Mapping'!$A$2:$A$270,0)),"Not Mapped"))} -> Simon Manoharan | E39: 300 | G39: 1 | I39: 301 | J39: 0 | K39: 301
A40: 46303 | B40: BLR-Singasandra SS | C40: {=IF(B40="","",IFERROR(INDEX('CLM & IM Mapping'!$B$2:$B$270,MATCH(TRIM(B40),'CLM & IM Mapping'!$A$2:$A$270,0)),"Not Mapped"))} -> Arun Raj | D40: {=IF(B40="","",IFERROR(INDEX('CLM & IM Mapping'!$C$2:$C$270,MATCH(TRIM(B40),'CLM & IM Mapping'!$A$2:$A$270,0)),"Not Mapped"))} -> Simon Manoharan | E40: 300 | I40: 300 | J40: 0 | K40: 300
A41: 46303 | B41: BLR-Electronic City SS | C41: {=IF(B41="","",IFERROR(INDEX('CLM & IM Mapping'!$B$2:$B$270,MATCH(TRIM(B41),'CLM & IM Mapping'!$A$2:$A$270,0)),"Not Mapped"))} -> Arun Raj | D41: {=IF(B41="","",IFERROR(INDEX('CLM & IM Mapping'!$C$2:$C$270,MATCH(TRIM(B41),'CLM & IM Mapping'!$A$2:$A$270,0)),"Not Mapped"))} -> Simon Manoharan | E41: 300 | I41: 300 | J41: 0 | K41: 300
A42: 46303 | B42: BLR-Silver County SS | C42: {=IF(B42="","",IFERROR(INDEX('CLM & IM Mapping'!$B$2:$B$270,MATCH(TRIM(B42),'CLM & IM Mapping'!$A$2:$A$270,0)),"Not Mapped"))} -> Arun Raj | D42: {=IF(B42="","",IFERROR(INDEX('CLM & IM Mapping'!$C$2:$C$270,MATCH(TRIM(B42),'CLM & IM Mapping'!$A$2:$A$270,0)),"Not Mapped"))} -> Simon Manoharan | E42: 300 | I42: 300 | J42: 0 | K42: 300
A43: 46303 | B43: KOC-Kalamassery SS | C43: {=IF(B43="","",IFERROR(INDEX('CLM & IM Mapping'!$B$2:$B$270,MATCH(TRIM(B43),'CLM & IM Mapping'!$A$2:$A$270,0)),"Not Mapped"))} -> Vishnu V | D43: {=IF(B43="","",IFERROR(INDEX('CLM & IM Mapping'!$C$2:$C$270,MATCH(TRIM(B43),'CLM & IM Mapping'!$A$2:$A$270,0)),"Not Mapped"))} -> Arivind S | E43: 300 | I43: 300 | J43: 0 | K43: 300 | L43: The 300 qty has been in packed status in the store for 2 days; the vehicle comes only once every 2 days. | M43: 11th Oct
A44: 46303 | B44: BLR-Nikoo home SS | C44: {=IF(B44="","",IFERROR(INDEX('CLM & IM Mapping'!$B$2:$B$270,MATCH(TRIM(B44),'CLM & IM Mapping'!$A$2:$A$270,0)),"Not Mapped"))} -> Arun Raj | D44: {=IF(B44="","",IFERROR(INDEX('CLM & IM Mapping'!$C$2:$C$270,MATCH(TRIM(B44),'CLM & IM Mapping'!$A$2:$A$270,0)),"Not Mapped"))} -> Simon Manoharan | E44: 300 | I44: 1 | J44: 299 | K44: 300
A45: 46303 | B45: BLR-Hope Farm SS | C45: {=IF(B45="","",IFERROR(INDEX('CLM & IM Mapping'!$B$2:$B$270,MATCH(TRIM(B45),'CLM & IM Mapping'!$A$2:$A$270,0)),"Not Mapped"))} -> Arun Raj | D45: {=IF(B45="","",IFERROR(INDEX('CLM & IM Mapping'!$C$2:$C$270,MATCH(TRIM(B45),'CLM & IM Mapping'!$A$2:$A$270,0)),"Not Mapped"))} -> Simon Manoharan | E45: 299 | I45: 299 | J45: 0 | K45: 299
A46: 46303 | B46: BLR-Dooravani Nagar SS | C46: {=IF(B46="","",IFERROR(INDEX('CLM & IM Mapping'!$B$2:$B$270,MATCH(TRIM(B46),'CLM & IM Mapping'!$A$2:$A$270,0)),"Not Mapped"))} -> Arun Raj | D46: {=IF(B46="","",IFERROR(INDEX('CLM & IM Mapping'!$C$2:$C$270,MATCH(TRIM(B46),'CLM & IM Mapping'!$A$2:$A$270,0)),"Not Mapped"))} -> Simon Manoharan | E46: 299 | I46: 299 | J46: 0 | K46: 299
A47: 46303 | B47: BLR-CV Raman Nagar SS | C47: {=IF(B47="","",IFERROR(INDEX('CLM & IM Mapping'!$B$2:$B$270,MATCH(TRIM(B47),'CLM & IM Mapping'!$A$2:$A$270,0)),"Not Mapped"))} -> Arun Raj | D47: {=IF(B47="","",IFERROR(INDEX('CLM & IM Mapping'!$C$2:$C$270,MATCH(TRIM(B47),'CLM & IM Mapping'!$A$2:$A$270,0)),"Not Mapped"))} -> Simon Manoharan | E47: 299 | I47: 299 | J47: 0 | K47: 299
A48: 46303 | B48: BLR-Nehru Nagar SS | C48: {=IF(B48="","",IFERROR(INDEX('CLM & IM Mapping'!$B$2:$B$270,MATCH(TRIM(B48),'CLM & IM Mapping'!$A$2:$A$270,0)),"Not Mapped"))} -> Arun Raj | D48: {=IF(B48="","",IFERROR(INDEX('CLM & IM Mapping'!$C$2:$C$270,MATCH(TRIM(B48),'CLM & IM Mapping'!$A$2:$A$270,0)),"Not Mapped"))} -> Simon Manoharan | E48: 299 | I48: 299 | J48: 0 | K48: 299
A49: 46303 | B49: BLR-Doddakannelli SS | C49: {=IF(B49="","",IFERROR(INDEX('CLM & IM Mapping'!$B$2:$B$270,MATCH(TRIM(B49),'CLM & IM Mapping'!$A$2:$A$270,0)),"Not Mapped"))} -> Arun Raj | D49: {=IF(B49="","",IFERROR(INDEX('CLM & IM Mapping'!$C$2:$C$270,MATCH(TRIM(B49),'CLM & IM Mapping'!$A$2:$A$270,0)),"Not Mapped"))} -> Simon Manoharan | E49: 298 | I49: 298 | J49: 0 | K49: 298
A50: 46303 | B50: BLR-Shivaji Nagar SS | C50: {=IF(B50="","",IFERROR(INDEX('CLM & IM Mapping'!$B$2:$B$270,MATCH(TRIM(B50),'CLM & IM Mapping'!$A$2:$A$270,0)),"Not Mapped"))} -> Arun Raj | D50: {=IF(B50="","",IFERROR(INDEX('CLM & IM Mapping'!$C$2:$C$270,MATCH(TRIM(B50),'CLM & IM Mapping'!$A$2:$A$270,0)),"Not Mapped"))} -> Simon Manoharan | E50: 198 | G50: 80 | H50: 3 | I50: 202 | J50: 79 | K50: 281
A51: 46303 | B51: BLR-BELLANDUR-4 | C51: {=IF(B51="","",IFERROR(INDEX('CLM & IM Mapping'!$B$2:$B$270,MATCH(TRIM(B51),'CLM & IM Mapping'!$A$2:$A$270,0)),"Not Mapped"))} -> Ashwath S | D51: {=IF(B51="","",IFERROR(INDEX('CLM & IM Mapping'!$C$2:$C$270,MATCH(TRIM(B51),'CLM & IM Mapping'!$A$2:$A$270,0)),"Not Mapped"))} -> Kantha Kumar | G51: 8 | H51: 269 | I51: 277 | J51: 0 | K51: 277
A52: 46303 | B52: BLR-RWF Yelahanka | C52: {=IF(B52="","",IFERROR(INDEX('CLM & IM Mapping'!$B$2:$B$270,MATCH(TRIM(B52),'CLM & IM Mapping'!$A$2:$A$270,0)),"Not Mapped"))} -> Akshay P | D52: {=IF(B52="","",IFERROR(INDEX('CLM & IM Mapping'!$C$2:$C$270,MATCH(TRIM(B52),'CLM & IM Mapping'!$A$2:$A$270,0)),"Not Mapped"))} -> Srittam Dhal | H52: 236 | I52: 236 | J52: 0 | K52: 236
A53: 46303 | B53: BLR-BHADRAPPA LAYOUT NETWORK | C53: {=IF(B53="","",IFERROR(INDEX('CLM & IM Mapping'!$B$2:$B$270,MATCH(TRIM(B53),'CLM & IM Mapping'!$A$2:$A$270,0)),"Not Mapped"))} -> Mohaideen DH | D53: {=IF(B53="","",IFERROR(INDEX('CLM & IM Mapping'!$C$2:$C$270,MATCH(TRIM(B53),'CLM & IM Mapping'!$A$2:$A$270,0)),"Not Mapped"))} -> Mohammed Akbar | G53: 13 | H53: 210 | I53: 222 | J53: 1 | K53: 223 | L53: Packed | M53: 0.875
A54: 46303 | B54: BLR-Vidyaranyapura | C54: {=IF(B54="","",IFERROR(INDEX('CLM & IM Mapping'!$B$2:$B$270,MATCH(TRIM(B54),'CLM & IM Mapping'!$A$2:$A$270,0)),"Not Mapped"))} -> Akshay P | D54: {=IF(B54="","",IFERROR(INDEX('CLM & IM Mapping'!$C$2:$C$270,MATCH(TRIM(B54),'CLM & IM Mapping'!$A$2:$A$270,0)),"Not Mapped"))} -> Srittam Dhal | G54: 17 | H54: 118 | I54: 135 | J54: 0 | K54: 135
A55: 46303 | B55: BLR-Murugeshpalya | C55: {=IF(B55="","",IFERROR(INDEX('CLM & IM Mapping'!$B$2:$B$270,MATCH(TRIM(B55),'CLM & IM Mapping'!$A$2:$A$270,0)),"Not Mapped"))} -> Keshav G | D55: {=IF(B55="","",IFERROR(INDEX('CLM & IM Mapping'!$C$2:$C$270,MATCH(TRIM(B55),'CLM & IM Mapping'!$A$2:$A$270,0)),"Not Mapped"))} -> Mohammed Akbar | G55: 1 | H55: 129 | I55: 130 | J55: 0 | K55: 130
A56: 46303 | B56: BLR-Yelenahalli | C56: {=IF(B56="","",IFERROR(INDEX('CLM & IM Mapping'!$B$2:$B$270,MATCH(TRIM(B56),'CLM & IM Mapping'!$A$2:$A$270,0)),"Not Mapped"))} -> Manjunatha V | D56: {=IF(B56="","",IFERROR(INDEX('CLM & IM Mapping'!$C$2:$C$270,MATCH(TRIM(B56),'CLM & IM Mapping'!$A$2:$A$270,0)),"Not Mapped"))} -> Un Mapped | G56: 8 | H56: 87 | I56: 0 | J56: 95 | K56: 95
A57: 46303 | B57: BLR-Mathikere | C57: {=IF(B57="","",IFERROR(INDEX('CLM & IM Mapping'!$B$2:$B$270,MATCH(TRIM(B57),'CLM & IM Mapping'!$A$2:$A$270,0)),"Not Mapped"))} -> Manoj Kj | D57: {=IF(B57="","",IFERROR(INDEX('CLM & IM Mapping'!$C$2:$C$270,MATCH(TRIM(B57),'CLM & IM Mapping'!$A$2:$A$270,0)),"Not Mapped"))} -> Srittam Dhal | E57: 29 | H57: 50 | I57: 48 | J57: 31 | K57: 79
A58: 46303 | B58: BLR-Sanjaynagar | C58: {=IF(B58="","",IFERROR(INDEX('CLM & IM Mapping'!$B$2:$B$270,MATCH(TRIM(B58),'CLM & IM Mapping'!$A$2:$A$270,0)),"Not Mapped"))} -> Akshay P | D58: {=IF(B58="","",IFERROR(INDEX('CLM & IM Mapping'!$C$2:$C$270,MATCH(TRIM(B58),'CLM & IM Mapping'!$A$2:$A$270,0)),"Not Mapped"))} -> Srittam Dhal | G58: 2 | H58: 77 | I58: 67 | J58: 12 | K58: 79
A59: 46303 | B59: BLR-Chikkanagamangala | C59: {=IF(B59="","",IFERROR(INDEX('CLM & IM Mapping'!$B$2:$B$270,MATCH(TRIM(B59),'CLM & IM Mapping'!$A$2:$A$270,0)),"Not Mapped"))} -> Balaji G | D59: {=IF(B59="","",IFERROR(INDEX('CLM & IM Mapping'!$C$2:$C$270,MATCH(TRIM(B59),'CLM & IM Mapping'!$A$2:$A$270,0)),"Not Mapped"))} -> Mohammed Akbar | F59: 64 | I59: 0 | J59: 64 | K59: 64 | L59: Packed; dispatching today. | M59: 0.95833333
A60: 46303 | B60: BLR-Arekere | C60: {=IF(B60="","",IFERROR(INDEX('CLM & IM Mapping'!$B$2:$B$270,MATCH(TRIM(B60),'CLM & IM Mapping'!$A$2:$A$270,0)),"Not Mapped"))} -> Manjunatha V | D60: {=IF(B60="","",IFERROR(INDEX('CLM & IM Mapping'!$C$2:$C$270,MATCH(TRIM(B60),'CLM & IM Mapping'!$A$2:$A$270,0)),"Not Mapped"))} -> Un Mapped | G60: 15 | H60: 29 | I60: 38 | J60: 6 | K60: 44
A61: 46303 | B61: BLR-Hadosiddapura | C61: {=IF(B61="","",IFERROR(INDEX('CLM & IM Mapping'!$B$2:$B$270,MATCH(TRIM(B61),'CLM & IM Mapping'!$A$2:$A$270,0)),"Not Mapped"))} -> Sundaresh S | D61: {=IF(B61="","",IFERROR(INDEX('CLM & IM Mapping'!$C$2:$C$270,MATCH(TRIM(B61),'CLM & IM Mapping'!$A$2:$A$270,0)),"Not Mapped"))} -> Un Mapped | F61: 43 | I61: 0 | J61: 43 | K61: 43
A62: 46303 | B62: BLR-27th Main Road | C62: {=IF(B62="","",IFERROR(INDEX('CLM & IM Mapping'!$B$2:$B$270,MATCH(TRIM(B62),'CLM & IM Mapping'!$A$2:$A$270,0)),"Not Mapped"))} -> Saddam Hussain | D62: {=IF(B62="","",IFERROR(INDEX('CLM & IM Mapping'!$C$2:$C$270,MATCH(TRIM(B62),'CLM & IM Mapping'!$A$2:$A$270,0)),"Not Mapped"))} -> Un Mapped | G62: 24 | H62: 18 | I62: 42 | J62: 0 | K62: 42
A63: 46303 | B63: BLR-Shivaji nagar New | C63: {=IF(B63="","",IFERROR(INDEX('CLM & IM Mapping'!$B$2:$B$270,MATCH(TRIM(B63),'CLM & IM Mapping'!$A$2:$A$270,0)),"Not Mapped"))} -> Vijay M | D63: {=IF(B63="","",IFERROR(INDEX('CLM & IM Mapping'!$C$2:$C$270,MATCH(TRIM(B63),'CLM & IM Mapping'!$A$2:$A$270,0)),"Not Mapped"))} -> Kantha Kumar | G63: 5 | H63: 27 | I63: 32 | J63: 0 | K63: 32
A64: 46303 | B64: KOC-Thengod | C64: {=IF(B64="","",IFERROR(INDEX('CLM & IM Mapping'!$B$2:$B$270,MATCH(TRIM(B64),'CLM & IM Mapping'!$A$2:$A$270,0)),"Not Mapped"))} -> Vishnu V | D64: {=IF(B64="","",IFERROR(INDEX('CLM & IM Mapping'!$C$2:$C$270,MATCH(TRIM(B64),'CLM & IM Mapping'!$A$2:$A$270,0)),"Not Mapped"))} -> Arivind S | G64: 7 | H64: 23 | I64: 30 | J64: 0 | K64: 30
A65: 46303 | B65: BLR-Garudachar Palya | C65: {=IF(B65="","",IFERROR(INDEX('CLM & IM Mapping'!$B$2:$B$270,MATCH(TRIM(B65),'CLM & IM Mapping'!$A$2:$A$270,0)),"Not Mapped"))} -> Silambarasan E | D65: {=IF(B65="","",IFERROR(INDEX('CLM & IM Mapping'!$C$2:$C$270,MATCH(TRIM(B65),'CLM & IM Mapping'!$A$2:$A$270,0)),"Not Mapped"))} -> Arivind S | F65: 11 | G65: 4 | H65: 10 | I65: 0 | J65: 25 | K65: 25
A66: 46303 | B66: BLR-Doddathoguru | C66: {=IF(B66="","",IFERROR(INDEX('CLM & IM Mapping'!$B$2:$B$270,MATCH(TRIM(B66),'CLM & IM Mapping'!$A$2:$A$270,0)),"Not Mapped"))} -> Balaji G | D66: {=IF(B66="","",IFERROR(INDEX('CLM & IM Mapping'!$C$2:$C$270,MATCH(TRIM(B66),'CLM & IM Mapping'!$A$2:$A$270,0)),"Not Mapped"))} -> Mohammed Akbar | H66: 25 | I66: 25 | J66: 0 | K66: 25 | L66: Dispatched, but still reflecting as pending in WMS due to a tech issue.
A67: 46303 | B67: BLR-Kadarenahalli | C67: {=IF(B67="","",IFERROR(INDEX('CLM & IM Mapping'!$B$2:$B$270,MATCH(TRIM(B67),'CLM & IM Mapping'!$A$2:$A$270,0)),"Not Mapped"))} -> Raghavendra Vernekar | D67: {=IF(B67="","",IFERROR(INDEX('CLM & IM Mapping'!$C$2:$C$270,MATCH(TRIM(B67),'CLM & IM Mapping'!$A$2:$A$270,0)),"Not Mapped"))} -> Prakash BS | G67: 24 | I67: 24 | J67: 0 | K67: 24 | L67: Picking in progress; will be closed by EOD.
A68: 46303 | B68: BLR-Malleshpalya | C68: {=IF(B68="","",IFERROR(INDEX('CLM & IM Mapping'!$B$2:$B$270,MATCH(TRIM(B68),'CLM & IM Mapping'!$A$2:$A$270,0)),"Not Mapped"))} -> Silambarasan E | D68: {=IF(B68="","",IFERROR(INDEX('CLM & IM Mapping'!$C$2:$C$270,MATCH(TRIM(B68),'CLM & IM Mapping'!$A$2:$A$270,0)),"Not Mapped"))} -> Arivind S | G68: 6 | H68: 17 | I68: 6 | J68: 17 | K68: 23
A69: 46303 | B69: BLR-JP Nagar Network-2 | C69: {=IF(B69="","",IFERROR(INDEX('CLM & IM Mapping'!$B$2:$B$270,MATCH(TRIM(B69),'CLM & IM Mapping'!$A$2:$A$270,0)),"Not Mapped"))} -> Manjunatha V | D69: {=IF(B69="","",IFERROR(INDEX('CLM & IM Mapping'!$C$2:$C$270,MATCH(TRIM(B69),'CLM & IM Mapping'!$A$2:$A$270,0)),"Not Mapped"))} -> Un Mapped | G69: 22 | I69: 22 | J69: 0 | K69: 22
A70: 46303 | B70: BLR-BASAVANAPURA NETWORK 2 | C70: {=IF(B70="","",IFERROR(INDEX('CLM & IM Mapping'!$B$2:$B$270,MATCH(TRIM(B70),'CLM & IM Mapping'!$A$2:$A$270,0)),"Not Mapped"))} -> Richard Harris | D70: {=IF(B70="","",IFERROR(INDEX('CLM & IM Mapping'!$C$2:$C$270,MATCH(TRIM(B70),'CLM & IM Mapping'!$A$2:$A$270,0)),"Not Mapped"))} -> Kantha Kumar | G70: 21 | I70: 21 | J70: 0 | K70: 21
A71: 46303 | B71: BLR-Avalahalli Main | C71: {=IF(B71="","",IFERROR(INDEX('CLM & IM Mapping'!$B$2:$B$270,MATCH(TRIM(B71),'CLM & IM Mapping'!$A$2:$A$270,0)),"Not Mapped"))} -> Suhas N | D71: {=IF(B71="","",IFERROR(INDEX('CLM & IM Mapping'!$C$2:$C$270,MATCH(TRIM(B71),'CLM & IM Mapping'!$A$2:$A$270,0)),"Not Mapped"))} -> Aravind S | G71: 19 | H71: 1 | I71: 19 | J71: 1 | K71: 20
A72: 46303 | B72: BLR-Hope Farm New | C72: {=IF(B72="","",IFERROR(INDEX('CLM & IM Mapping'!$B$2:$B$270,MATCH(TRIM(B72),'CLM & IM Mapping'!$A$2:$A$270,0)),"Not Mapped"))} -> Ashwath S | D72: {=IF(B72="","",IFERROR(INDEX('CLM & IM Mapping'!$C$2:$C$270,MATCH(TRIM(B72),'CLM & IM Mapping'!$A$2:$A$270,0)),"Not Mapped"))} -> Kantha Kumar | G72: 19 | I72: 19 | J72: 0 | K72: 19
A73: 46303 | B73: BLR-Singapura | C73: {=IF(B73="","",IFERROR(INDEX('CLM & IM Mapping'!$B$2:$B$270,MATCH(TRIM(B73),'CLM & IM Mapping'!$A$2:$A$270,0)),"Not Mapped"))} -> Akshay P | D73: {=IF(B73="","",IFERROR(INDEX('CLM & IM Mapping'!$C$2:$C$270,MATCH(TRIM(B73),'CLM & IM Mapping'!$A$2:$A$270,0)),"Not Mapped"))} -> Srittam Dhal | G73: 12 | H73: 7 | I73: 19 | J73: 0 | K73: 19
A74: 46303 | B74: BLR-Yallapa Garden | C74: {=IF(B74="","",IFERROR(INDEX('CLM & IM Mapping'!$B$2:$B$270,MATCH(TRIM(B74),'CLM & IM Mapping'!$A$2:$A$270,0)),"Not Mapped"))} -> Narasimhamurthy R | D74: {=IF(B74="","",IFERROR(INDEX('CLM & IM Mapping'!$C$2:$C$270,MATCH(TRIM(B74),'CLM & IM Mapping'!$A$2:$A$270,0)),"Not Mapped"))} -> Kishor K | G74: 18 | I74: 18 | J74: 0 | K74: 18 | L74: Missed out by SI. | M74: 8th
A75: 46303 | B75: BLR-Anjanapura | C75: {=IF(B75="","",IFERROR(INDEX('CLM & IM Mapping'!$B$2:$B$270,MATCH(TRIM(B75),'CLM & IM Mapping'!$A$2:$A$270,0)),"Not Mapped"))} -> Suhas N | D75: {=IF(B75="","",IFERROR(INDEX('CLM & IM Mapping'!$C$2:$C$270,MATCH(TRIM(B75),'CLM & IM Mapping'!$A$2:$A$270,0)),"Not Mapped"))} -> Aravind S | G75: 17 | I75: 17 | J75: 0 | K75: 17
A76: 46303 | B76: BLR-RAGHAVENDRA LAYOUT NETWORK 2 | C76: {=IF(B76="","",IFERROR(INDEX('CLM & IM Mapping'!$B$2:$B$270,MATCH(TRIM(B76),'CLM & IM Mapping'!$A$2:$A$270,0)),"Not Mapped"))} -> Suhas N | D76: {=IF(B76="","",IFERROR(INDEX('CLM & IM Mapping'!$C$2:$C$270,MATCH(TRIM(B76),'CLM & IM Mapping'!$A$2:$A$270,0)),"Not Mapped"))} -> Aravind S | G76: 16 | H76: 1 | I76: 17 | J76: 0 | K76: 17
A77: 46303 | B77: BLR-Mathikere New | C77: {=IF(B77="","",IFERROR(INDEX('CLM & IM Mapping'!$B$2:$B$270,MATCH(TRIM(B77),'CLM & IM Mapping'!$A$2:$A$270,0)),"Not Mapped"))} -> Manoj Kj | D77: {=IF(B77="","",IFERROR(INDEX('CLM & IM Mapping'!$C$2:$C$270,MATCH(TRIM(B77),'CLM & IM Mapping'!$A$2:$A$270,0)),"Not Mapped"))} -> Srittam Dhal | F77: 16 | I77: 16 | J77: 0 | K77: 16
A78: 46303 | B78: BLR-Doddanekundi | C78: {=IF(B78="","",IFERROR(INDEX('CLM & IM Mapping'!$B$2:$B$270,MATCH(TRIM(B78),'CLM & IM Mapping'!$A$2:$A$270,0)),"Not Mapped"))} -> Basil Scariya | D78: {=IF(B78="","",IFERROR(INDEX('CLM & IM Mapping'!$C$2:$C$270,MATCH(TRIM(B78),'CLM & IM Mapping'!$A$2:$A$270,0)),"Not Mapped"))} -> Prakash BS | G78: 1 | H78: 14 | I78: 15 | J78: 0 | K78: 15 | L78: Picking in progress; will be closed by EOD.
A79: 46303 | B79: BLR-TC Palaya | C79: {=IF(B79="","",IFERROR(INDEX('CLM & IM Mapping'!$B$2:$B$270,MATCH(TRIM(B79),'CLM & IM Mapping'!$A$2:$A$270,0)),"Not Mapped"))} -> Rizwan Ahmed | D79: {=IF(B79="","",IFERROR(INDEX('CLM & IM Mapping'!$C$2:$C$270,MATCH(TRIM(B79),'CLM & IM Mapping'!$A$2:$A$270,0)),"Not Mapped"))} -> Un Mapped | G79: 10 | H79: 3 | I79: 11 | J79: 2 | K79: 13
A80: 46303 | B80: BLR-Soukya | C80: {=IF(B80="","",IFERROR(INDEX('CLM & IM Mapping'!$B$2:$B$270,MATCH(TRIM(B80),'CLM & IM Mapping'!$A$2:$A$270,0)),"Not Mapped"))} -> Ashwath S | D80: {=IF(B80="","",IFERROR(INDEX('CLM & IM Mapping'!$C$2:$C$270,MATCH(TRIM(B80),'CLM & IM Mapping'!$A$2:$A$270,0)),"Not Mapped"))} -> Kantha Kumar | G80: 7 | H80: 6 | I80: 13 | J80: 0 | K80: 13
A81: 46303 | B81: BLR-CV RAMAN NAGAR NEW | C81: {=IF(B81="","",IFERROR(INDEX('CLM & IM Mapping'!$B$2:$B$270,MATCH(TRIM(B81),'CLM & IM Mapping'!$A$2:$A$270,0)),"Not Mapped"))} -> Silambarasan E | D81: {=IF(B81="","",IFERROR(INDEX('CLM & IM Mapping'!$C$2:$C$270,MATCH(TRIM(B81),'CLM & IM Mapping'!$A$2:$A$270,0)),"Not Mapped"))} -> Arivind S | H81: 12 | I81: 0 | J81: 12 | K81: 12
A82: 46303 | B82: BLR-Peenya Network | C82: {=IF(B82="","",IFERROR(INDEX('CLM & IM Mapping'!$B$2:$B$270,MATCH(TRIM(B82),'CLM & IM Mapping'!$A$2:$A$270,0)),"Not Mapped"))} -> Akshay P | D82: {=IF(B82="","",IFERROR(INDEX('CLM & IM Mapping'!$C$2:$C$270,MATCH(TRIM(B82),'CLM & IM Mapping'!$A$2:$A$270,0)),"Not Mapped"))} -> Srittam Dhal | G82: 12 | I82: 0 | J82: 12 | K82: 12
A83: 46303 | B83: BLR-Channasandra | C83: {=IF(B83="","",IFERROR(INDEX('CLM & IM Mapping'!$B$2:$B$270,MATCH(TRIM(B83),'CLM & IM Mapping'!$A$2:$A$270,0)),"Not Mapped"))} -> Ashwath S | D83: {=IF(B83="","",IFERROR(INDEX('CLM & IM Mapping'!$C$2:$C$270,MATCH(TRIM(B83),'CLM & IM Mapping'!$A$2:$A$270,0)),"Not Mapped"))} -> Kantha Kumar | G83: 8 | H83: 3 | I83: 11 | J83: 0 | K83: 11
