Workbook

Sheet City Split
A1: Select Date ▶ | B1: 46304 | C1: =IF($B$1="All","<>",$B$1) | D1: (pick a date or "All" from the dropdown)
A3: DH - City Split
A4: Type | B4: City | C4: Store Count | D4: Total Bins | E4: CC MTD % | F4: BA MTD % | G4: IA MTD % | H4: CC ACC % | I4: PD % | J4: Inv Health | K4: CC MTD Target | L4: CC MTD Achieved %
A5: DH | B5: Bengaluru | C5: =COUNTIFS('Raw Data'!$Q$2:$Q$10000,"No",'Raw Data'!$A$2:$A$10000,$C$1,'Raw Data'!$N$2:$N$10000,"DH",'Raw Data'!$E$2:$E$10000,$B5) | D5: =SUMIFS('Raw Data'!$F$2:$F$10000,'Raw Data'!$Q$2:$Q$10000,"No",'Raw Data'!$A$2:$A$10000,$C$1,'Raw Data'!$N$2:$N$10000,"DH",'Raw Data'!$E$2:$E$10000,$B5) | E5: =IFERROR(AVERAGEIFS('Raw Data'!$G$2:$G$10000,'Raw Data'!$Q$2:$Q$10000,"No",'Raw Data'!$A$2:$A$10000,$C$1,'Raw Data'!$N$2:$N$10000,"DH",'Raw Data'!$E$2:$E$10000,$B5),"") | F5: =IFERROR(AVERAGEIFS('Raw Data'!$H$2:$H$10000,'Raw Data'!$Q$2:$Q$10000,"No",'Raw Data'!$A$2:$A$10000,$C$1,'Raw Data'!$N$2:$N$10000,"DH",'Raw Data'!$E$2:$E$10000,$B5),"") | G5: =IFERROR(AVERAGEIFS('Raw Data'!$I$2:$I$10000,'Raw Data'!$Q$2:$Q$10000,"No",'Raw Data'!$A$2:$A$10000,$C$1,'Raw Data'!$N$2:$N$10000,"DH",'Raw Data'!$E$2:$E$10000,$B5),"") | H5: =IFERROR(AVERAGEIFS('Raw Data'!$J$2:$J$10000,'Raw Data'!$Q$2:$Q$10000,"No",'Raw Data'!$A$2:$A$10000,$C$1,'Raw Data'!$N$2:$N$10000,"DH",'Raw Data'!$E$2:$E$10000,$B5),"") | I5: =IFERROR(AVERAGEIFS('Raw Data'!$K$2:$K$10000,'Raw Data'!$Q$2:$Q$10000,"No",'Raw Data'!$A$2:$A$10000,$C$1,'Raw Data'!$N$2:$N$10000,"DH",'Raw Data'!$E$2:$E$10000,$B5),"") | J5: =IFERROR(AVERAGEIFS('Raw Data'!$L$2:$L$10000,'Raw Data'!$Q$2:$Q$10000,"No",'Raw Data'!$A$2:$A$10000,$C$1,'Raw Data'!$N$2:$N$10000,"DH",'Raw Data'!$E$2:$E$10000,$B5),"") | K5: =IFERROR(AVERAGEIFS('Raw Data'!$R$2:$R$10000,'Raw Data'!$Q$2:$Q$10000,"No",'Raw Data'!$A$2:$A$10000,$C$1,'Raw Data'!$N$2:$N$10000,"DH",'Raw Data'!$E$2:$E$10000,$B5),"") | L5: =IFERROR(AVERAGEIFS('Raw Data'!$S$2:$S$10000,'Raw Data'!$Q$2:$Q$10000,"No",'Raw Data'!$A$2:$A$10000,$C$1,'Raw Data'!$N$2:$N$10000,"DH",'Raw Data'!$E$2:$E$10000,$B5),"")
A6: DH | B6: Kochi | C6: =COUNTIFS('Raw Data'!$Q$2:$Q$10000,"No",'Raw Data'!$A$2:$A$10000,$C$1,'Raw Data'!$N$2:$N$10000,"DH",'Raw Data'!$E$2:$E$10000,$B6) | D6: =SUMIFS('Raw Data'!$F$2:$F$10000,'Raw Data'!$Q$2:$Q$10000,"No",'Raw Data'!$A$2:$A$10000,$C$1,'Raw Data'!$N$2:$N$10000,"DH",'Raw Data'!$E$2:$E$10000,$B6) | E6: =IFERROR(AVERAGEIFS('Raw Data'!$G$2:$G$10000,'Raw Data'!$Q$2:$Q$10000,"No",'Raw Data'!$A$2:$A$10000,$C$1,'Raw Data'!$N$2:$N$10000,"DH",'Raw Data'!$E$2:$E$10000,$B6),"") | F6: =IFERROR(AVERAGEIFS('Raw Data'!$H$2:$H$10000,'Raw Data'!$Q$2:$Q$10000,"No",'Raw Data'!$A$2:$A$10000,$C$1,'Raw Data'!$N$2:$N$10000,"DH",'Raw Data'!$E$2:$E$10000,$B6),"") | G6: =IFERROR(AVERAGEIFS('Raw Data'!$I$2:$I$10000,'Raw Data'!$Q$2:$Q$10000,"No",'Raw Data'!$A$2:$A$10000,$C$1,'Raw Data'!$N$2:$N$10000,"DH",'Raw Data'!$E$2:$E$10000,$B6),"") | H6: =IFERROR(AVERAGEIFS('Raw Data'!$J$2:$J$10000,'Raw Data'!$Q$2:$Q$10000,"No",'Raw Data'!$A$2:$A$10000,$C$1,'Raw Data'!$N$2:$N$10000,"DH",'Raw Data'!$E$2:$E$10000,$B6),"") | I6: =IFERROR(AVERAGEIFS('Raw Data'!$K$2:$K$10000,'Raw Data'!$Q$2:$Q$10000,"No",'Raw Data'!$A$2:$A$10000,$C$1,'Raw Data'!$N$2:$N$10000,"DH",'Raw Data'!$E$2:$E$10000,$B6),"") | J6: =IFERROR(AVERAGEIFS('Raw Data'!$L$2:$L$10000,'Raw Data'!$Q$2:$Q$10000,"No",'Raw Data'!$A$2:$A$10000,$C$1,'Raw Data'!$N$2:$N$10000,"DH",'Raw Data'!$E$2:$E$10000,$B6),"") | K6: =IFERROR(AVERAGEIFS('Raw Data'!$R$2:$R$10000,'Raw Data'!$Q$2:$Q$10000,"No",'Raw Data'!$A$2:$A$10000,$C$1,'Raw Data'!$N$2:$N$10000,"DH",'Raw Data'!$E$2:$E$10000,$B6),"") | L6: =IFERROR(AVERAGEIFS('Raw Data'!$S$2:$S$10000,'Raw Data'!$Q$2:$Q$10000,"No",'Raw Data'!$A$2:$A$10000,$C$1,'Raw Data'!$N$2:$N$10000,"DH",'Raw Data'!$E$2:$E$10000,$B6),"")
A7: DH | B7: Coimbatore | C7: =COUNTIFS('Raw Data'!$Q$2:$Q$10000,"No",'Raw Data'!$A$2:$A$10000,$C$1,'Raw Data'!$N$2:$N$10000,"DH",'Raw Data'!$E$2:$E$10000,$B7) | D7: =SUMIFS('Raw Data'!$F$2:$F$10000,'Raw Data'!$Q$2:$Q$10000,"No",'Raw Data'!$A$2:$A$10000,$C$1,'Raw Data'!$N$2:$N$10000,"DH",'Raw Data'!$E$2:$E$10000,$B7) | E7: =IFERROR(AVERAGEIFS('Raw Data'!$G$2:$G$10000,'Raw Data'!$Q$2:$Q$10000,"No",'Raw Data'!$A$2:$A$10000,$C$1,'Raw Data'!$N$2:$N$10000,"DH",'Raw Data'!$E$2:$E$10000,$B7),"") | F7: =IFERROR(AVERAGEIFS('Raw Data'!$H$2:$H$10000,'Raw Data'!$Q$2:$Q$10000,"No",'Raw Data'!$A$2:$A$10000,$C$1,'Raw Data'!$N$2:$N$10000,"DH",'Raw Data'!$E$2:$E$10000,$B7),"") | G7: =IFERROR(AVERAGEIFS('Raw Data'!$I$2:$I$10000,'Raw Data'!$Q$2:$Q$10000,"No",'Raw Data'!$A$2:$A$10000,$C$1,'Raw Data'!$N$2:$N$10000,"DH",'Raw Data'!$E$2:$E$10000,$B7),"") | H7: =IFERROR(AVERAGEIFS('Raw Data'!$J$2:$J$10000,'Raw Data'!$Q$2:$Q$10000,"No",'Raw Data'!$A$2:$A$10000,$C$1,'Raw Data'!$N$2:$N$10000,"DH",'Raw Data'!$E$2:$E$10000,$B7),"") | I7: =IFERROR(AVERAGEIFS('Raw Data'!$K$2:$K$10000,'Raw Data'!$Q$2:$Q$10000,"No",'Raw Data'!$A$2:$A$10000,$C$1,'Raw Data'!$N$2:$N$10000,"DH",'Raw Data'!$E$2:$E$10000,$B7),"") | J7: =IFERROR(AVERAGEIFS('Raw Data'!$L$2:$L$10000,'Raw Data'!$Q$2:$Q$10000,"No",'Raw Data'!$A$2:$A$10000,$C$1,'Raw Data'!$N$2:$N$10000,"DH",'Raw Data'!$E$2:$E$10000,$B7),"") | K7: =IFERROR(AVERAGEIFS('Raw Data'!$R$2:$R$10000,'Raw Data'!$Q$2:$Q$10000,"No",'Raw Data'!$A$2:$A$10000,$C$1,'Raw Data'!$N$2:$N$10000,"DH",'Raw Data'!$E$2:$E$10000,$B7),"") | L7: =IFERROR(AVERAGEIFS('Raw Data'!$S$2:$S$10000,'Raw Data'!$Q$2:$Q$10000,"No",'Raw Data'!$A$2:$A$10000,$C$1,'Raw Data'!$N$2:$N$10000,"DH",'Raw Data'!$E$2:$E$10000,$B7),"")
A8: DH | B8: Mysuru | C8: =COUNTIFS('Raw Data'!$Q$2:$Q$10000,"No",'Raw Data'!$A$2:$A$10000,$C$1,'Raw Data'!$N$2:$N$10000,"DH",'Raw Data'!$E$2:$E$10000,$B8) | D8: =SUMIFS('Raw Data'!$F$2:$F$10000,'Raw Data'!$Q$2:$Q$10000,"No",'Raw Data'!$A$2:$A$10000,$C$1,'Raw Data'!$N$2:$N$10000,"DH",'Raw Data'!$E$2:$E$10000,$B8) | E8: =IFERROR(AVERAGEIFS('Raw Data'!$G$2:$G$10000,'Raw Data'!$Q$2:$Q$10000,"No",'Raw Data'!$A$2:$A$10000,$C$1,'Raw Data'!$N$2:$N$10000,"DH",'Raw Data'!$E$2:$E$10000,$B8),"") | F8: =IFERROR(AVERAGEIFS('Raw Data'!$H$2:$H$10000,'Raw Data'!$Q$2:$Q$10000,"No",'Raw Data'!$A$2:$A$10000,$C$1,'Raw Data'!$N$2:$N$10000,"DH",'Raw Data'!$E$2:$E$10000,$B8),"") | G8: =IFERROR(AVERAGEIFS('Raw Data'!$I$2:$I$10000,'Raw Data'!$Q$2:$Q$10000,"No",'Raw Data'!$A$2:$A$10000,$C$1,'Raw Data'!$N$2:$N$10000,"DH",'Raw Data'!$E$2:$E$10000,$B8),"") | H8: =IFERROR(AVERAGEIFS('Raw Data'!$J$2:$J$10000,'Raw Data'!$Q$2:$Q$10000,"No",'Raw Data'!$A$2:$A$10000,$C$1,'Raw Data'!$N$2:$N$10000,"DH",'Raw Data'!$E$2:$E$10000,$B8),"") | I8: =IFERROR(AVERAGEIFS('Raw Data'!$K$2:$K$10000,'Raw Data'!$Q$2:$Q$10000,"No",'Raw Data'!$A$2:$A$10000,$C$1,'Raw Data'!$N$2:$N$10000,"DH",'Raw Data'!$E$2:$E$10000,$B8),"") | J8: =IFERROR(AVERAGEIFS('Raw Data'!$L$2:$L$10000,'Raw Data'!$Q$2:$Q$10000,"No",'Raw Data'!$A$2:$A$10000,$C$1,'Raw Data'!$N$2:$N$10000,"DH",'Raw Data'!$E$2:$E$10000,$B8),"") | K8: =IFERROR(AVERAGEIFS('Raw Data'!$R$2:$R$10000,'Raw Data'!$Q$2:$Q$10000,"No",'Raw Data'!$A$2:$A$10000,$C$1,'Raw Data'!$N$2:$N$10000,"DH",'Raw Data'!$E$2:$E$10000,$B8),"") | L8: =IFERROR(AVERAGEIFS('Raw Data'!$S$2:$S$10000,'Raw Data'!$Q$2:$Q$10000,"No",'Raw Data'!$A$2:$A$10000,$C$1,'Raw Data'!$N$2:$N$10000,"DH",'Raw Data'!$E$2:$E$10000,$B8),"")
A9: DH | B9: Hubballi | C9: =COUNTIFS('Raw Data'!$Q$2:$Q$10000,"No",'Raw Data'!$A$2:$A$10000,$C$1,'Raw Data'!$N$2:$N$10000,"DH",'Raw Data'!$E$2:$E$10000,$B9) | D9: =SUMIFS('Raw Data'!$F$2:$F$10000,'Raw Data'!$Q$2:$Q$10000,"No",'Raw Data'!$A$2:$A$10000,$C$1,'Raw Data'!$N$2:$N$10000,"DH",'Raw Data'!$E$2:$E$10000,$B9) | E9: =IFERROR(AVERAGEIFS('Raw Data'!$G$2:$G$10000,'Raw Data'!$Q$2:$Q$10000,"No",'Raw Data'!$A$2:$A$10000,$C$1,'Raw Data'!$N$2:$N$10000,"DH",'Raw Data'!$E$2:$E$10000,$B9),"") | F9: =IFERROR(AVERAGEIFS('Raw Data'!$H$2:$H$10000,'Raw Data'!$Q$2:$Q$10000,"No",'Raw Data'!$A$2:$A$10000,$C$1,'Raw Data'!$N$2:$N$10000,"DH",'Raw Data'!$E$2:$E$10000,$B9),"") | G9: =IFERROR(AVERAGEIFS('Raw Data'!$I$2:$I$10000,'Raw Data'!$Q$2:$Q$10000,"No",'Raw Data'!$A$2:$A$10000,$C$1,'Raw Data'!$N$2:$N$10000,"DH",'Raw Data'!$E$2:$E$10000,$B9),"") | H9: =IFERROR(AVERAGEIFS('Raw Data'!$J$2:$J$10000,'Raw Data'!$Q$2:$Q$10000,"No",'Raw Data'!$A$2:$A$10000,$C$1,'Raw Data'!$N$2:$N$10000,"DH",'Raw Data'!$E$2:$E$10000,$B9),"") | I9: =IFERROR(AVERAGEIFS('Raw Data'!$K$2:$K$10000,'Raw Data'!$Q$2:$Q$10000,"No",'Raw Data'!$A$2:$A$10000,$C$1,'Raw Data'!$N$2:$N$10000,"DH",'Raw Data'!$E$2:$E$10000,$B9),"") | J9: =IFERROR(AVERAGEIFS('Raw Data'!$L$2:$L$10000,'Raw Data'!$Q$2:$Q$10000,"No",'Raw Data'!$A$2:$A$10000,$C$1,'Raw Data'!$N$2:$N$10000,"DH",'Raw Data'!$E$2:$E$10000,$B9),"") | K9: =IFERROR(AVERAGEIFS('Raw Data'!$R$2:$R$10000,'Raw Data'!$Q$2:$Q$10000,"No",'Raw Data'!$A$2:$A$10000,$C$1,'Raw Data'!$N$2:$N$10000,"DH",'Raw Data'!$E$2:$E$10000,$B9),"") | L9: =IFERROR(AVERAGEIFS('Raw Data'!$S$2:$S$10000,'Raw Data'!$Q$2:$Q$10000,"No",'Raw Data'!$A$2:$A$10000,$C$1,'Raw Data'!$N$2:$N$10000,"DH",'Raw Data'!$E$2:$E$10000,$B9),"")
A10: DH | B10: Palakkad | C10: =COUNTIFS('Raw Data'!$Q$2:$Q$10000,"No",'Raw Data'!$A$2:$A$10000,$C$1,'Raw Data'!$N$2:$N$10000,"DH",'Raw Data'!$E$2:$E$10000,$B10) | D10: =SUMIFS('Raw Data'!$F$2:$F$10000,'Raw Data'!$Q$2:$Q$10000,"No",'Raw Data'!$A$2:$A$10000,$C$1,'Raw Data'!$N$2:$N$10000,"DH",'Raw Data'!$E$2:$E$10000,$B10) | E10: =IFERROR(AVERAGEIFS('Raw Data'!$G$2:$G$10000,'Raw Data'!$Q$2:$Q$10000,"No",'Raw Data'!$A$2:$A$10000,$C$1,'Raw Data'!$N$2:$N$10000,"DH",'Raw Data'!$E$2:$E$10000,$B10),"") | F10: =IFERROR(AVERAGEIFS('Raw Data'!$H$2:$H$10000,'Raw Data'!$Q$2:$Q$10000,"No",'Raw Data'!$A$2:$A$10000,$C$1,'Raw Data'!$N$2:$N$10000,"DH",'Raw Data'!$E$2:$E$10000,$B10),"") | G10: =IFERROR(AVERAGEIFS('Raw Data'!$I$2:$I$10000,'Raw Data'!$Q$2:$Q$10000,"No",'Raw Data'!$A$2:$A$10000,$C$1,'Raw Data'!$N$2:$N$10000,"DH",'Raw Data'!$E$2:$E$10000,$B10),"") | H10: =IFERROR(AVERAGEIFS('Raw Data'!$J$2:$J$10000,'Raw Data'!$Q$2:$Q$10000,"No",'Raw Data'!$A$2:$A$10000,$C$1,'Raw Data'!$N$2:$N$10000,"DH",'Raw Data'!$E$2:$E$10000,$B10),"") | I10: =IFERROR(AVERAGEIFS('Raw Data'!$K$2:$K$10000,'Raw Data'!$Q$2:$Q$10000,"No",'Raw Data'!$A$2:$A$10000,$C$1,'Raw Data'!$N$2:$N$10000,"DH",'Raw Data'!$E$2:$E$10000,$B10),"") | J10: =IFERROR(AVERAGEIFS('Raw Data'!$L$2:$L$10000,'Raw Data'!$Q$2:$Q$10000,"No",'Raw Data'!$A$2:$A$10000,$C$1,'Raw Data'!$N$2:$N$10000,"DH",'Raw Data'!$E$2:$E$10000,$B10),"") | K10: =IFERROR(AVERAGEIFS('Raw Data'!$R$2:$R$10000,'Raw Data'!$Q$2:$Q$10000,"No",'Raw Data'!$A$2:$A$10000,$C$1,'Raw Data'!$N$2:$N$10000,"DH",'Raw Data'!$E$2:$E$10000,$B10),"") | L10: =IFERROR(AVERAGEIFS('Raw Data'!$S$2:$S$10000,'Raw Data'!$Q$2:$Q$10000,"No",'Raw Data'!$A$2:$A$10000,$C$1,'Raw Data'!$N$2:$N$10000,"DH",'Raw Data'!$E$2:$E$10000,$B10),"")
A11: DH | B11: Belgavi | C11: =COUNTIFS('Raw Data'!$Q$2:$Q$10000,"No",'Raw Data'!$A$2:$A$10000,$C$1,'Raw Data'!$N$2:$N$10000,"DH",'Raw Data'!$E$2:$E$10000,$B11) | D11: =SUMIFS('Raw Data'!$F$2:$F$10000,'Raw Data'!$Q$2:$Q$10000,"No",'Raw Data'!$A$2:$A$10000,$C$1,'Raw Data'!$N$2:$N$10000,"DH",'Raw Data'!$E$2:$E$10000,$B11) | E11: =IFERROR(AVERAGEIFS('Raw Data'!$G$2:$G$10000,'Raw Data'!$Q$2:$Q$10000,"No",'Raw Data'!$A$2:$A$10000,$C$1,'Raw Data'!$N$2:$N$10000,"DH",'Raw Data'!$E$2:$E$10000,$B11),"") | F11: =IFERROR(AVERAGEIFS('Raw Data'!$H$2:$H$10000,'Raw Data'!$Q$2:$Q$10000,"No",'Raw Data'!$A$2:$A$10000,$C$1,'Raw Data'!$N$2:$N$10000,"DH",'Raw Data'!$E$2:$E$10000,$B11),"") | G11: =IFERROR(AVERAGEIFS('Raw Data'!$I$2:$I$10000,'Raw Data'!$Q$2:$Q$10000,"No",'Raw Data'!$A$2:$A$10000,$C$1,'Raw Data'!$N$2:$N$10000,"DH",'Raw Data'!$E$2:$E$10000,$B11),"") | H11: =IFERROR(AVERAGEIFS('Raw Data'!$J$2:$J$10000,'Raw Data'!$Q$2:$Q$10000,"No",'Raw Data'!$A$2:$A$10000,$C$1,'Raw Data'!$N$2:$N$10000,"DH",'Raw Data'!$E$2:$E$10000,$B11),"") | I11: =IFERROR(AVERAGEIFS('Raw Data'!$K$2:$K$10000,'Raw Data'!$Q$2:$Q$10000,"No",'Raw Data'!$A$2:$A$10000,$C$1,'Raw Data'!$N$2:$N$10000,"DH",'Raw Data'!$E$2:$E$10000,$B11),"") | J11: =IFERROR(AVERAGEIFS('Raw Data'!$L$2:$L$10000,'Raw Data'!$Q$2:$Q$10000,"No",'Raw Data'!$A$2:$A$10000,$C$1,'Raw Data'!$N$2:$N$10000,"DH",'Raw Data'!$E$2:$E$10000,$B11),"") | K11: =IFERROR(AVERAGEIFS('Raw Data'!$R$2:$R$10000,'Raw Data'!$Q$2:$Q$10000,"No",'Raw Data'!$A$2:$A$10000,$C$1,'Raw Data'!$N$2:$N$10000,"DH",'Raw Data'!$E$2:$E$10000,$B11),"") | L11: =IFERROR(AVERAGEIFS('Raw Data'!$S$2:$S$10000,'Raw Data'!$Q$2:$Q$10000,"No",'Raw Data'!$A$2:$A$10000,$C$1,'Raw Data'!$N$2:$N$10000,"DH",'Raw Data'!$E$2:$E$10000,$B11),"")
A12: DH | B12: Davanagere | C12: =COUNTIFS('Raw Data'!$Q$2:$Q$10000,"No",'Raw Data'!$A$2:$A$10000,$C$1,'Raw Data'!$N$2:$N$10000,"DH",'Raw Data'!$E$2:$E$10000,$B12) | D12: =SUMIFS('Raw Data'!$F$2:$F$10000,'Raw Data'!$Q$2:$Q$10000,"No",'Raw Data'!$A$2:$A$10000,$C$1,'Raw Data'!$N$2:$N$10000,"DH",'Raw Data'!$E$2:$E$10000,$B12) | E12: =IFERROR(AVERAGEIFS('Raw Data'!$G$2:$G$10000,'Raw Data'!$Q$2:$Q$10000,"No",'Raw Data'!$A$2:$A$10000,$C$1,'Raw Data'!$N$2:$N$10000,"DH",'Raw Data'!$E$2:$E$10000,$B12),"") | F12: =IFERROR(AVERAGEIFS('Raw Data'!$H$2:$H$10000,'Raw Data'!$Q$2:$Q$10000,"No",'Raw Data'!$A$2:$A$10000,$C$1,'Raw Data'!$N$2:$N$10000,"DH",'Raw Data'!$E$2:$E$10000,$B12),"") | G12: =IFERROR(AVERAGEIFS('Raw Data'!$I$2:$I$10000,'Raw Data'!$Q$2:$Q$10000,"No",'Raw Data'!$A$2:$A$10000,$C$1,'Raw Data'!$N$2:$N$10000,"DH",'Raw Data'!$E$2:$E$10000,$B12),"") | H12: =IFERROR(AVERAGEIFS('Raw Data'!$J$2:$J$10000,'Raw Data'!$Q$2:$Q$10000,"No",'Raw Data'!$A$2:$A$10000,$C$1,'Raw Data'!$N$2:$N$10000,"DH",'Raw Data'!$E$2:$E$10000,$B12),"") | I12: =IFERROR(AVERAGEIFS('Raw Data'!$K$2:$K$10000,'Raw Data'!$Q$2:$Q$10000,"No",'Raw Data'!$A$2:$A$10000,$C$1,'Raw Data'!$N$2:$N$10000,"DH",'Raw Data'!$E$2:$E$10000,$B12),"") | J12: =IFERROR(AVERAGEIFS('Raw Data'!$L$2:$L$10000,'Raw Data'!$Q$2:$Q$10000,"No",'Raw Data'!$A$2:$A$10000,$C$1,'Raw Data'!$N$2:$N$10000,"DH",'Raw Data'!$E$2:$E$10000,$B12),"") | K12: =IFERROR(AVERAGEIFS('Raw Data'!$R$2:$R$10000,'Raw Data'!$Q$2:$Q$10000,"No",'Raw Data'!$A$2:$A$10000,$C$1,'Raw Data'!$N$2:$N$10000,"DH",'Raw Data'!$E$2:$E$10000,$B12),"") | L12: =IFERROR(AVERAGEIFS('Raw Data'!$S$2:$S$10000,'Raw Data'!$Q$2:$Q$10000,"No",'Raw Data'!$A$2:$A$10000,$C$1,'Raw Data'!$N$2:$N$10000,"DH",'Raw Data'!$E$2:$E$10000,$B12),"")
A13: DH | B13: Hosur | C13: =COUNTIFS('Raw Data'!$Q$2:$Q$10000,"No",'Raw Data'!$A$2:$A$10000,$C$1,'Raw Data'!$N$2:$N$10000,"DH",'Raw Data'!$E$2:$E$10000,$B13) | D13: =SUMIFS('Raw Data'!$F$2:$F$10000,'Raw Data'!$Q$2:$Q$10000,"No",'Raw Data'!$A$2:$A$10000,$C$1,'Raw Data'!$N$2:$N$10000,"DH",'Raw Data'!$E$2:$E$10000,$B13) | E13: =IFERROR(AVERAGEIFS('Raw Data'!$G$2:$G$10000,'Raw Data'!$Q$2:$Q$10000,"No",'Raw Data'!$A$2:$A$10000,$C$1,'Raw Data'!$N$2:$N$10000,"DH",'Raw Data'!$E$2:$E$10000,$B13),"") | F13: =IFERROR(AVERAGEIFS('Raw Data'!$H$2:$H$10000,'Raw Data'!$Q$2:$Q$10000,"No",'Raw Data'!$A$2:$A$10000,$C$1,'Raw Data'!$N$2:$N$10000,"DH",'Raw Data'!$E$2:$E$10000,$B13),"") | G13: =IFERROR(AVERAGEIFS('Raw Data'!$I$2:$I$10000,'Raw Data'!$Q$2:$Q$10000,"No",'Raw Data'!$A$2:$A$10000,$C$1,'Raw Data'!$N$2:$N$10000,"DH",'Raw Data'!$E$2:$E$10000,$B13),"") | H13: =IFERROR(AVERAGEIFS('Raw Data'!$J$2:$J$10000,'Raw Data'!$Q$2:$Q$10000,"No",'Raw Data'!$A$2:$A$10000,$C$1,'Raw Data'!$N$2:$N$10000,"DH",'Raw Data'!$E$2:$E$10000,$B13),"") | I13: =IFERROR(AVERAGEIFS('Raw Data'!$K$2:$K$10000,'Raw Data'!$Q$2:$Q$10000,"No",'Raw Data'!$A$2:$A$10000,$C$1,'Raw Data'!$N$2:$N$10000,"DH",'Raw Data'!$E$2:$E$10000,$B13),"") | J13: =IFERROR(AVERAGEIFS('Raw Data'!$L$2:$L$10000,'Raw Data'!$Q$2:$Q$10000,"No",'Raw Data'!$A$2:$A$10000,$C$1,'Raw Data'!$N$2:$N$10000,"DH",'Raw Data'!$E$2:$E$10000,$B13),"") | K13: =IFERROR(AVERAGEIFS('Raw Data'!$R$2:$R$10000,'Raw Data'!$Q$2:$Q$10000,"No",'Raw Data'!$A$2:$A$10000,$C$1,'Raw Data'!$N$2:$N$10000,"DH",'Raw Data'!$E$2:$E$10000,$B13),"") | L13: =IFERROR(AVERAGEIFS('Raw Data'!$S$2:$S$10000,'Raw Data'!$Q$2:$Q$10000,"No",'Raw Data'!$A$2:$A$10000,$C$1,'Raw Data'!$N$2:$N$10000,"DH",'Raw Data'!$E$2:$E$10000,$B13),"")
A14: DH | B14: Tumkuru | C14: =COUNTIFS('Raw Data'!$Q$2:$Q$10000,"No",'Raw Data'!$A$2:$A$10000,$C$1,'Raw Data'!$N$2:$N$10000,"DH",'Raw Data'!$E$2:$E$10000,$B14) | D14: =SUMIFS('Raw Data'!$F$2:$F$10000,'Raw Data'!$Q$2:$Q$10000,"No",'Raw Data'!$A$2:$A$10000,$C$1,'Raw Data'!$N$2:$N$10000,"DH",'Raw Data'!$E$2:$E$10000,$B14) | E14: =IFERROR(AVERAGEIFS('Raw Data'!$G$2:$G$10000,'Raw Data'!$Q$2:$Q$10000,"No",'Raw Data'!$A$2:$A$10000,$C$1,'Raw Data'!$N$2:$N$10000,"DH",'Raw Data'!$E$2:$E$10000,$B14),"") | F14: =IFERROR(AVERAGEIFS('Raw Data'!$H$2:$H$10000,'Raw Data'!$Q$2:$Q$10000,"No",'Raw Data'!$A$2:$A$10000,$C$1,'Raw Data'!$N$2:$N$10000,"DH",'Raw Data'!$E$2:$E$10000,$B14),"") | G14: =IFERROR(AVERAGEIFS('Raw Data'!$I$2:$I$10000,'Raw Data'!$Q$2:$Q$10000,"No",'Raw Data'!$A$2:$A$10000,$C$1,'Raw Data'!$N$2:$N$10000,"DH",'Raw Data'!$E$2:$E$10000,$B14),"") | H14: =IFERROR(AVERAGEIFS('Raw Data'!$J$2:$J$10000,'Raw Data'!$Q$2:$Q$10000,"No",'Raw Data'!$A$2:$A$10000,$C$1,'Raw Data'!$N$2:$N$10000,"DH",'Raw Data'!$E$2:$E$10000,$B14),"") | I14: =IFERROR(AVERAGEIFS('Raw Data'!$K$2:$K$10000,'Raw Data'!$Q$2:$Q$10000,"No",'Raw Data'!$A$2:$A$10000,$C$1,'Raw Data'!$N$2:$N$10000,"DH",'Raw Data'!$E$2:$E$10000,$B14),"") | J14: =IFERROR(AVERAGEIFS('Raw Data'!$L$2:$L$10000,'Raw Data'!$Q$2:$Q$10000,"No",'Raw Data'!$A$2:$A$10000,$C$1,'Raw Data'!$N$2:$N$10000,"DH",'Raw Data'!$E$2:$E$10000,$B14),"") | K14: =IFERROR(AVERAGEIFS('Raw Data'!$R$2:$R$10000,'Raw Data'!$Q$2:$Q$10000,"No",'Raw Data'!$A$2:$A$10000,$C$1,'Raw Data'!$N$2:$N$10000,"DH",'Raw Data'!$E$2:$E$10000,$B14),"") | L14: =IFERROR(AVERAGEIFS('Raw Data'!$S$2:$S$10000,'Raw Data'!$Q$2:$Q$10000,"No",'Raw Data'!$A$2:$A$10000,$C$1,'Raw Data'!$N$2:$N$10000,"DH",'Raw Data'!$E$2:$E$10000,$B14),"")
A15: DH | B15: Grand Total | C15: =COUNTIFS('Raw Data'!$Q$2:$Q$10000,"No",'Raw Data'!$A$2:$A$10000,$C$1,'Raw Data'!$N$2:$N$10000,"DH",'Raw Data'!$E$2:$E$10000,"<>") | D15: =SUMIFS('Raw Data'!$F$2:$F$10000,'Raw Data'!$Q$2:$Q$10000,"No",'Raw Data'!$A$2:$A$10000,$C$1,'Raw Data'!$N$2:$N$10000,"DH",'Raw Data'!$E$2:$E$10000,"<>") | E15: =IFERROR(AVERAGEIFS('Raw Data'!$G$2:$G$10000,'Raw Data'!$Q$2:$Q$10000,"No",'Raw Data'!$A$2:$A$10000,$C$1,'Raw Data'!$N$2:$N$10000,"DH",'Raw Data'!$E$2:$E$10000,"<>"),"") | F15: =IFERROR(AVERAGEIFS('Raw Data'!$H$2:$H$10000,'Raw Data'!$Q$2:$Q$10000,"No",'Raw Data'!$A$2:$A$10000,$C$1,'Raw Data'!$N$2:$N$10000,"DH",'Raw Data'!$E$2:$E$10000,"<>"),"") | G15: =IFERROR(AVERAGEIFS('Raw Data'!$I$2:$I$10000,'Raw Data'!$Q$2:$Q$10000,"No",'Raw Data'!$A$2:$A$10000,$C$1,'Raw Data'!$N$2:$N$10000,"DH",'Raw Data'!$E$2:$E$10000,"<>"),"") | H15: =IFERROR(AVERAGEIFS('Raw Data'!$J$2:$J$10000,'Raw Data'!$Q$2:$Q$10000,"No",'Raw Data'!$A$2:$A$10000,$C$1,'Raw Data'!$N$2:$N$10000,"DH",'Raw Data'!$E$2:$E$10000,"<>"),"") | I15: =IFERROR(AVERAGEIFS('Raw Data'!$K$2:$K$10000,'Raw Data'!$Q$2:$Q$10000,"No",'Raw Data'!$A$2:$A$10000,$C$1,'Raw Data'!$N$2:$N$10000,"DH",'Raw Data'!$E$2:$E$10000,"<>"),"") | J15: =IFERROR(AVERAGEIFS('Raw Data'!$L$2:$L$10000,'Raw Data'!$Q$2:$Q$10000,"No",'Raw Data'!$A$2:$A$10000,$C$1,'Raw Data'!$N$2:$N$10000,"DH",'Raw Data'!$E$2:$E$10000,"<>"),"") | K15: =IFERROR(AVERAGEIFS('Raw Data'!$R$2:$R$10000,'Raw Data'!$Q$2:$Q$10000,"No",'Raw Data'!$A$2:$A$10000,$C$1,'Raw Data'!$N$2:$N$10000,"DH",'Raw Data'!$E$2:$E$10000,"<>"),"") | L15: =IFERROR(AVERAGEIFS('Raw Data'!$S$2:$S$10000,'Raw Data'!$Q$2:$Q$10000,"No",'Raw Data'!$A$2:$A$10000,$C$1,'Raw Data'!$N$2:$N$10000,"DH",'Raw Data'!$E$2:$E$10000,"<>"),"")
A17: Superstore - City Split
A18: Type | B18: City | C18: Store Count | D18: Total Bins | E18: CC MTD % | F18: BA MTD % | G18: IA MTD % | H18: CC ACC % | I18: PD % | J18: Inv Health | K18: CC MTD Target | L18: CC MTD Achieved %
A19: Superstore | B19: Bengaluru | C19: =COUNTIFS('Raw Data'!$Q$2:$Q$10000,"No",'Raw Data'!$A$2:$A$10000,$C$1,'Raw Data'!$N$2:$N$10000,"Superstore",'Raw Data'!$E$2:$E$10000,$B19) | D19: =SUMIFS('Raw Data'!$F$2:$F$10000,'Raw Data'!$Q$2:$Q$10000,"No",'Raw Data'!$A$2:$A$10000,$C$1,'Raw Data'!$N$2:$N$10000,"Superstore",'Raw Data'!$E$2:$E$10000,$B19) | E19: =IFERROR(AVERAGEIFS('Raw Data'!$G$2:$G$10000,'Raw Data'!$Q$2:$Q$10000,"No",'Raw Data'!$A$2:$A$10000,$C$1,'Raw Data'!$N$2:$N$10000,"Superstore",'Raw Data'!$E$2:$E$10000,$B19),"") | F19: =IFERROR(AVERAGEIFS('Raw Data'!$H$2:$H$10000,'Raw Data'!$Q$2:$Q$10000,"No",'Raw Data'!$A$2:$A$10000,$C$1,'Raw Data'!$N$2:$N$10000,"Superstore",'Raw Data'!$E$2:$E$10000,$B19),"") | G19: =IFERROR(AVERAGEIFS('Raw Data'!$I$2:$I$10000,'Raw Data'!$Q$2:$Q$10000,"No",'Raw Data'!$A$2:$A$10000,$C$1,'Raw Data'!$N$2:$N$10000,"Superstore",'Raw Data'!$E$2:$E$10000,$B19),"") | H19: =IFERROR(AVERAGEIFS('Raw Data'!$J$2:$J$10000,'Raw Data'!$Q$2:$Q$10000,"No",'Raw Data'!$A$2:$A$10000,$C$1,'Raw Data'!$N$2:$N$10000,"Superstore",'Raw Data'!$E$2:$E$10000,$B19),"") | I19: =IFERROR(AVERAGEIFS('Raw Data'!$K$2:$K$10000,'Raw Data'!$Q$2:$Q$10000,"No",'Raw Data'!$A$2:$A$10000,$C$1,'Raw Data'!$N$2:$N$10000,"Superstore",'Raw Data'!$E$2:$E$10000,$B19),"") | J19: =IFERROR(AVERAGEIFS('Raw Data'!$L$2:$L$10000,'Raw Data'!$Q$2:$Q$10000,"No",'Raw Data'!$A$2:$A$10000,$C$1,'Raw Data'!$N$2:$N$10000,"Superstore",'Raw Data'!$E$2:$E$10000,$B19),"") | K19: =IFERROR(AVERAGEIFS('Raw Data'!$R$2:$R$10000,'Raw Data'!$Q$2:$Q$10000,"No",'Raw Data'!$A$2:$A$10000,$C$1,'Raw Data'!$N$2:$N$10000,"Superstore",'Raw Data'!$E$2:$E$10000,$B19),"") | L19: =IFERROR(AVERAGEIFS('Raw Data'!$S$2:$S$10000,'Raw Data'!$Q$2:$Q$10000,"No",'Raw Data'!$A$2:$A$10000,$C$1,'Raw Data'!$N$2:$N$10000,"Superstore",'Raw Data'!$E$2:$E$10000,$B19),"")
A20: Superstore | B20: Kochi | C20: =COUNTIFS('Raw Data'!$Q$2:$Q$10000,"No",'Raw Data'!$A$2:$A$10000,$C$1,'Raw Data'!$N$2:$N$10000,"Superstore",'Raw Data'!$E$2:$E$10000,$B20) | D20: =SUMIFS('Raw Data'!$F$2:$F$10000,'Raw Data'!$Q$2:$Q$10000,"No",'Raw Data'!$A$2:$A$10000,$C$1,'Raw Data'!$N$2:$N$10000,"Superstore",'Raw Data'!$E$2:$E$10000,$B20) | E20: =IFERROR(AVERAGEIFS('Raw Data'!$G$2:$G$10000,'Raw Data'!$Q$2:$Q$10000,"No",'Raw Data'!$A$2:$A$10000,$C$1,'Raw Data'!$N$2:$N$10000,"Superstore",'Raw Data'!$E$2:$E$10000,$B20),"") | F20: =IFERROR(AVERAGEIFS('Raw Data'!$H$2:$H$10000,'Raw Data'!$Q$2:$Q$10000,"No",'Raw Data'!$A$2:$A$10000,$C$1,'Raw Data'!$N$2:$N$10000,"Superstore",'Raw Data'!$E$2:$E$10000,$B20),"") | G20: =IFERROR(AVERAGEIFS('Raw Data'!$I$2:$I$10000,'Raw Data'!$Q$2:$Q$10000,"No",'Raw Data'!$A$2:$A$10000,$C$1,'Raw Data'!$N$2:$N$10000,"Superstore",'Raw Data'!$E$2:$E$10000,$B20),"") | H20: =IFERROR(AVERAGEIFS('Raw Data'!$J$2:$J$10000,'Raw Data'!$Q$2:$Q$10000,"No",'Raw Data'!$A$2:$A$10000,$C$1,'Raw Data'!$N$2:$N$10000,"Superstore",'Raw Data'!$E$2:$E$10000,$B20),"") | I20: =IFERROR(AVERAGEIFS('Raw Data'!$K$2:$K$10000,'Raw Data'!$Q$2:$Q$10000,"No",'Raw Data'!$A$2:$A$10000,$C$1,'Raw Data'!$N$2:$N$10000,"Superstore",'Raw Data'!$E$2:$E$10000,$B20),"") | J20: =IFERROR(AVERAGEIFS('Raw Data'!$L$2:$L$10000,'Raw Data'!$Q$2:$Q$10000,"No",'Raw Data'!$A$2:$A$10000,$C$1,'Raw Data'!$N$2:$N$10000,"Superstore",'Raw Data'!$E$2:$E$10000,$B20),"") | K20: =IFERROR(AVERAGEIFS('Raw Data'!$R$2:$R$10000,'Raw Data'!$Q$2:$Q$10000,"No",'Raw Data'!$A$2:$A$10000,$C$1,'Raw Data'!$N$2:$N$10000,"Superstore",'Raw Data'!$E$2:$E$10000,$B20),"") | L20: =IFERROR(AVERAGEIFS('Raw Data'!$S$2:$S$10000,'Raw Data'!$Q$2:$Q$10000,"No",'Raw Data'!$A$2:$A$10000,$C$1,'Raw Data'!$N$2:$N$10000,"Superstore",'Raw Data'!$E$2:$E$10000,$B20),"")
A21: Superstore | B21: Coimbatore | C21: =COUNTIFS('Raw Data'!$Q$2:$Q$10000,"No",'Raw Data'!$A$2:$A$10000,$C$1,'Raw Data'!$N$2:$N$10000,"Superstore",'Raw Data'!$E$2:$E$10000,$B21) | D21: =SUMIFS('Raw Data'!$F$2:$F$10000,'Raw Data'!$Q$2:$Q$10000,"No",'Raw Data'!$A$2:$A$10000,$C$1,'Raw Data'!$N$2:$N$10000,"Superstore",'Raw Data'!$E$2:$E$10000,$B21) | E21: =IFERROR(AVERAGEIFS('Raw Data'!$G$2:$G$10000,'Raw Data'!$Q$2:$Q$10000,"No",'Raw Data'!$A$2:$A$10000,$C$1,'Raw Data'!$N$2:$N$10000,"Superstore",'Raw Data'!$E$2:$E$10000,$B21),"") | F21: =IFERROR(AVERAGEIFS('Raw Data'!$H$2:$H$10000,'Raw Data'!$Q$2:$Q$10000,"No",'Raw Data'!$A$2:$A$10000,$C$1,'Raw Data'!$N$2:$N$10000,"Superstore",'Raw Data'!$E$2:$E$10000,$B21),"") | G21: =IFERROR(AVERAGEIFS('Raw Data'!$I$2:$I$10000,'Raw Data'!$Q$2:$Q$10000,"No",'Raw Data'!$A$2:$A$10000,$C$1,'Raw Data'!$N$2:$N$10000,"Superstore",'Raw Data'!$E$2:$E$10000,$B21),"") | H21: =IFERROR(AVERAGEIFS('Raw Data'!$J$2:$J$10000,'Raw Data'!$Q$2:$Q$10000,"No",'Raw Data'!$A$2:$A$10000,$C$1,'Raw Data'!$N$2:$N$10000,"Superstore",'Raw Data'!$E$2:$E$10000,$B21),"") | I21: =IFERROR(AVERAGEIFS('Raw Data'!$K$2:$K$10000,'Raw Data'!$Q$2:$Q$10000,"No",'Raw Data'!$A$2:$A$10000,$C$1,'Raw Data'!$N$2:$N$10000,"Superstore",'Raw Data'!$E$2:$E$10000,$B21),"") | J21: =IFERROR(AVERAGEIFS('Raw Data'!$L$2:$L$10000,'Raw Data'!$Q$2:$Q$10000,"No",'Raw Data'!$A$2:$A$10000,$C$1,'Raw Data'!$N$2:$N$10000,"Superstore",'Raw Data'!$E$2:$E$10000,$B21),"") | K21: =IFERROR(AVERAGEIFS('Raw Data'!$R$2:$R$10000,'Raw Data'!$Q$2:$Q$10000,"No",'Raw Data'!$A$2:$A$10000,$C$1,'Raw Data'!$N$2:$N$10000,"Superstore",'Raw Data'!$E$2:$E$10000,$B21),"") | L21: =IFERROR(AVERAGEIFS('Raw Data'!$S$2:$S$10000,'Raw Data'!$Q$2:$Q$10000,"No",'Raw Data'!$A$2:$A$10000,$C$1,'Raw Data'!$N$2:$N$10000,"Superstore",'Raw Data'!$E$2:$E$10000,$B21),"")
A22: Superstore | B22: Mysuru | C22: =COUNTIFS('Raw Data'!$Q$2:$Q$10000,"No",'Raw Data'!$A$2:$A$10000,$C$1,'Raw Data'!$N$2:$N$10000,"Superstore",'Raw Data'!$E$2:$E$10000,$B22) | D22: =SUMIFS('Raw Data'!$F$2:$F$10000,'Raw Data'!$Q$2:$Q$10000,"No",'Raw Data'!$A$2:$A$10000,$C$1,'Raw Data'!$N$2:$N$10000,"Superstore",'Raw Data'!$E$2:$E$10000,$B22) | E22: =IFERROR(AVERAGEIFS('Raw Data'!$G$2:$G$10000,'Raw Data'!$Q$2:$Q$10000,"No",'Raw Data'!$A$2:$A$10000,$C$1,'Raw Data'!$N$2:$N$10000,"Superstore",'Raw Data'!$E$2:$E$10000,$B22),"") | F22: =IFERROR(AVERAGEIFS('Raw Data'!$H$2:$H$10000,'Raw Data'!$Q$2:$Q$10000,"No",'Raw Data'!$A$2:$A$10000,$C$1,'Raw Data'!$N$2:$N$10000,"Superstore",'Raw Data'!$E$2:$E$10000,$B22),"") | G22: =IFERROR(AVERAGEIFS('Raw Data'!$I$2:$I$10000,'Raw Data'!$Q$2:$Q$10000,"No",'Raw Data'!$A$2:$A$10000,$C$1,'Raw Data'!$N$2:$N$10000,"Superstore",'Raw Data'!$E$2:$E$10000,$B22),"") | H22: =IFERROR(AVERAGEIFS('Raw Data'!$J$2:$J$10000,'Raw Data'!$Q$2:$Q$10000,"No",'Raw Data'!$A$2:$A$10000,$C$1,'Raw Data'!$N$2:$N$10000,"Superstore",'Raw Data'!$E$2:$E$10000,$B22),"") | I22: =IFERROR(AVERAGEIFS('Raw Data'!$K$2:$K$10000,'Raw Data'!$Q$2:$Q$10000,"No",'Raw Data'!$A$2:$A$10000,$C$1,'Raw Data'!$N$2:$N$10000,"Superstore",'Raw Data'!$E$2:$E$10000,$B22),"") | J22: =IFERROR(AVERAGEIFS('Raw Data'!$L$2:$L$10000,'Raw Data'!$Q$2:$Q$10000,"No",'Raw Data'!$A$2:$A$10000,$C$1,'Raw Data'!$N$2:$N$10000,"Superstore",'Raw Data'!$E$2:$E$10000,$B22),"") | K22: =IFERROR(AVERAGEIFS('Raw Data'!$R$2:$R$10000,'Raw Data'!$Q$2:$Q$10000,"No",'Raw Data'!$A$2:$A$10000,$C$1,'Raw Data'!$N$2:$N$10000,"Superstore",'Raw Data'!$E$2:$E$10000,$B22),"") | L22: =IFERROR(AVERAGEIFS('Raw Data'!$S$2:$S$10000,'Raw Data'!$Q$2:$Q$10000,"No",'Raw Data'!$A$2:$A$10000,$C$1,'Raw Data'!$N$2:$N$10000,"Superstore",'Raw Data'!$E$2:$E$10000,$B22),"")
A23: Superstore | B23: Hubballi | C23: =COUNTIFS('Raw Data'!$Q$2:$Q$10000,"No",'Raw Data'!$A$2:$A$10000,$C$1,'Raw Data'!$N$2:$N$10000,"Superstore",'Raw Data'!$E$2:$E$10000,$B23) | D23: =SUMIFS('Raw Data'!$F$2:$F$10000,'Raw Data'!$Q$2:$Q$10000,"No",'Raw Data'!$A$2:$A$10000,$C$1,'Raw Data'!$N$2:$N$10000,"Superstore",'Raw Data'!$E$2:$E$10000,$B23) | E23: =IFERROR(AVERAGEIFS('Raw Data'!$G$2:$G$10000,'Raw Data'!$Q$2:$Q$10000,"No",'Raw Data'!$A$2:$A$10000,$C$1,'Raw Data'!$N$2:$N$10000,"Superstore",'Raw Data'!$E$2:$E$10000,$B23),"") | F23: =IFERROR(AVERAGEIFS('Raw Data'!$H$2:$H$10000,'Raw Data'!$Q$2:$Q$10000,"No",'Raw Data'!$A$2:$A$10000,$C$1,'Raw Data'!$N$2:$N$10000,"Superstore",'Raw Data'!$E$2:$E$10000,$B23),"") | G23: =IFERROR(AVERAGEIFS('Raw Data'!$I$2:$I$10000,'Raw Data'!$Q$2:$Q$10000,"No",'Raw Data'!$A$2:$A$10000,$C$1,'Raw Data'!$N$2:$N$10000,"Superstore",'Raw Data'!$E$2:$E$10000,$B23),"") | H23: =IFERROR(AVERAGEIFS('Raw Data'!$J$2:$J$10000,'Raw Data'!$Q$2:$Q$10000,"No",'Raw Data'!$A$2:$A$10000,$C$1,'Raw Data'!$N$2:$N$10000,"Superstore",'Raw Data'!$E$2:$E$10000,$B23),"") | I23: =IFERROR(AVERAGEIFS('Raw Data'!$K$2:$K$10000,'Raw Data'!$Q$2:$Q$10000,"No",'Raw Data'!$A$2:$A$10000,$C$1,'Raw Data'!$N$2:$N$10000,"Superstore",'Raw Data'!$E$2:$E$10000,$B23),"") | J23: =IFERROR(AVERAGEIFS('Raw Data'!$L$2:$L$10000,'Raw Data'!$Q$2:$Q$10000,"No",'Raw Data'!$A$2:$A$10000,$C$1,'Raw Data'!$N$2:$N$10000,"Superstore",'Raw Data'!$E$2:$E$10000,$B23),"") | K23: =IFERROR(AVERAGEIFS('Raw Data'!$R$2:$R$10000,'Raw Data'!$Q$2:$Q$10000,"No",'Raw Data'!$A$2:$A$10000,$C$1,'Raw Data'!$N$2:$N$10000,"Superstore",'Raw Data'!$E$2:$E$10000,$B23),"") | L23: =IFERROR(AVERAGEIFS('Raw Data'!$S$2:$S$10000,'Raw Data'!$Q$2:$Q$10000,"No",'Raw Data'!$A$2:$A$10000,$C$1,'Raw Data'!$N$2:$N$10000,"Superstore",'Raw Data'!$E$2:$E$10000,$B23),"")
A24: Superstore | B24: Palakkad | C24: =COUNTIFS('Raw Data'!$Q$2:$Q$10000,"No",'Raw Data'!$A$2:$A$10000,$C$1,'Raw Data'!$N$2:$N$10000,"Superstore",'Raw Data'!$E$2:$E$10000,$B24) | D24: =SUMIFS('Raw Data'!$F$2:$F$10000,'Raw Data'!$Q$2:$Q$10000,"No",'Raw Data'!$A$2:$A$10000,$C$1,'Raw Data'!$N$2:$N$10000,"Superstore",'Raw Data'!$E$2:$E$10000,$B24) | E24: =IFERROR(AVERAGEIFS('Raw Data'!$G$2:$G$10000,'Raw Data'!$Q$2:$Q$10000,"No",'Raw Data'!$A$2:$A$10000,$C$1,'Raw Data'!$N$2:$N$10000,"Superstore",'Raw Data'!$E$2:$E$10000,$B24),"") | F24: =IFERROR(AVERAGEIFS('Raw Data'!$H$2:$H$10000,'Raw Data'!$Q$2:$Q$10000,"No",'Raw Data'!$A$2:$A$10000,$C$1,'Raw Data'!$N$2:$N$10000,"Superstore",'Raw Data'!$E$2:$E$10000,$B24),"") | G24: =IFERROR(AVERAGEIFS('Raw Data'!$I$2:$I$10000,'Raw Data'!$Q$2:$Q$10000,"No",'Raw Data'!$A$2:$A$10000,$C$1,'Raw Data'!$N$2:$N$10000,"Superstore",'Raw Data'!$E$2:$E$10000,$B24),"") | H24: =IFERROR(AVERAGEIFS('Raw Data'!$J$2:$J$10000,'Raw Data'!$Q$2:$Q$10000,"No",'Raw Data'!$A$2:$A$10000,$C$1,'Raw Data'!$N$2:$N$10000,"Superstore",'Raw Data'!$E$2:$E$10000,$B24),"") | I24: =IFERROR(AVERAGEIFS('Raw Data'!$K$2:$K$10000,'Raw Data'!$Q$2:$Q$10000,"No",'Raw Data'!$A$2:$A$10000,$C$1,'Raw Data'!$N$2:$N$10000,"Superstore",'Raw Data'!$E$2:$E$10000,$B24),"") | J24: =IFERROR(AVERAGEIFS('Raw Data'!$L$2:$L$10000,'Raw Data'!$Q$2:$Q$10000,"No",'Raw Data'!$A$2:$A$10000,$C$1,'Raw Data'!$N$2:$N$10000,"Superstore",'Raw Data'!$E$2:$E$10000,$B24),"") | K24: =IFERROR(AVERAGEIFS('Raw Data'!$R$2:$R$10000,'Raw Data'!$Q$2:$Q$10000,"No",'Raw Data'!$A$2:$A$10000,$C$1,'Raw Data'!$N$2:$N$10000,"Superstore",'Raw Data'!$E$2:$E$10000,$B24),"") | L24: =IFERROR(AVERAGEIFS('Raw Data'!$S$2:$S$10000,'Raw Data'!$Q$2:$Q$10000,"No",'Raw Data'!$A$2:$A$10000,$C$1,'Raw Data'!$N$2:$N$10000,"Superstore",'Raw Data'!$E$2:$E$10000,$B24),"")
A25: Superstore | B25: Belgavi | C25: =COUNTIFS('Raw Data'!$Q$2:$Q$10000,"No",'Raw Data'!$A$2:$A$10000,$C$1,'Raw Data'!$N$2:$N$10000,"Superstore",'Raw Data'!$E$2:$E$10000,$B25) | D25: =SUMIFS('Raw Data'!$F$2:$F$10000,'Raw Data'!$Q$2:$Q$10000,"No",'Raw Data'!$A$2:$A$10000,$C$1,'Raw Data'!$N$2:$N$10000,"Superstore",'Raw Data'!$E$2:$E$10000,$B25) | E25: =IFERROR(AVERAGEIFS('Raw Data'!$G$2:$G$10000,'Raw Data'!$Q$2:$Q$10000,"No",'Raw Data'!$A$2:$A$10000,$C$1,'Raw Data'!$N$2:$N$10000,"Superstore",'Raw Data'!$E$2:$E$10000,$B25),"") | F25: =IFERROR(AVERAGEIFS('Raw Data'!$H$2:$H$10000,'Raw Data'!$Q$2:$Q$10000,"No",'Raw Data'!$A$2:$A$10000,$C$1,'Raw Data'!$N$2:$N$10000,"Superstore",'Raw Data'!$E$2:$E$10000,$B25),"") | G25: =IFERROR(AVERAGEIFS('Raw Data'!$I$2:$I$10000,'Raw Data'!$Q$2:$Q$10000,"No",'Raw Data'!$A$2:$A$10000,$C$1,'Raw Data'!$N$2:$N$10000,"Superstore",'Raw Data'!$E$2:$E$10000,$B25),"") | H25: =IFERROR(AVERAGEIFS('Raw Data'!$J$2:$J$10000,'Raw Data'!$Q$2:$Q$10000,"No",'Raw Data'!$A$2:$A$10000,$C$1,'Raw Data'!$N$2:$N$10000,"Superstore",'Raw Data'!$E$2:$E$10000,$B25),"") | I25: =IFERROR(AVERAGEIFS('Raw Data'!$K$2:$K$10000,'Raw Data'!$Q$2:$Q$10000,"No",'Raw Data'!$A$2:$A$10000,$C$1,'Raw Data'!$N$2:$N$10000,"Superstore",'Raw Data'!$E$2:$E$10000,$B25),"") | J25: =IFERROR(AVERAGEIFS('Raw Data'!$L$2:$L$10000,'Raw Data'!$Q$2:$Q$10000,"No",'Raw Data'!$A$2:$A$10000,$C$1,'Raw Data'!$N$2:$N$10000,"Superstore",'Raw Data'!$E$2:$E$10000,$B25),"") | K25: =IFERROR(AVERAGEIFS('Raw Data'!$R$2:$R$10000,'Raw Data'!$Q$2:$Q$10000,"No",'Raw Data'!$A$2:$A$10000,$C$1,'Raw Data'!$N$2:$N$10000,"Superstore",'Raw Data'!$E$2:$E$10000,$B25),"") | L25: =IFERROR(AVERAGEIFS('Raw Data'!$S$2:$S$10000,'Raw Data'!$Q$2:$Q$10000,"No",'Raw Data'!$A$2:$A$10000,$C$1,'Raw Data'!$N$2:$N$10000,"Superstore",'Raw Data'!$E$2:$E$10000,$B25),"")
A26: Superstore | B26: Davanagere | C26: =COUNTIFS('Raw Data'!$Q$2:$Q$10000,"No",'Raw Data'!$A$2:$A$10000,$C$1,'Raw Data'!$N$2:$N$10000,"Superstore",'Raw Data'!$E$2:$E$10000,$B26) | D26: =SUMIFS('Raw Data'!$F$2:$F$10000,'Raw Data'!$Q$2:$Q$10000,"No",'Raw Data'!$A$2:$A$10000,$C$1,'Raw Data'!$N$2:$N$10000,"Superstore",'Raw Data'!$E$2:$E$10000,$B26) | E26: =IFERROR(AVERAGEIFS('Raw Data'!$G$2:$G$10000,'Raw Data'!$Q$2:$Q$10000,"No",'Raw Data'!$A$2:$A$10000,$C$1,'Raw Data'!$N$2:$N$10000,"Superstore",'Raw Data'!$E$2:$E$10000,$B26),"") | F26: =IFERROR(AVERAGEIFS('Raw Data'!$H$2:$H$10000,'Raw Data'!$Q$2:$Q$10000,"No",'Raw Data'!$A$2:$A$10000,$C$1,'Raw Data'!$N$2:$N$10000,"Superstore",'Raw Data'!$E$2:$E$10000,$B26),"") | G26: =IFERROR(AVERAGEIFS('Raw Data'!$I$2:$I$10000,'Raw Data'!$Q$2:$Q$10000,"No",'Raw Data'!$A$2:$A$10000,$C$1,'Raw Data'!$N$2:$N$10000,"Superstore",'Raw Data'!$E$2:$E$10000,$B26),"") | H26: =IFERROR(AVERAGEIFS('Raw Data'!$J$2:$J$10000,'Raw Data'!$Q$2:$Q$10000,"No",'Raw Data'!$A$2:$A$10000,$C$1,'Raw Data'!$N$2:$N$10000,"Superstore",'Raw Data'!$E$2:$E$10000,$B26),"") | I26: =IFERROR(AVERAGEIFS('Raw Data'!$K$2:$K$10000,'Raw Data'!$Q$2:$Q$10000,"No",'Raw Data'!$A$2:$A$10000,$C$1,'Raw Data'!$N$2:$N$10000,"Superstore",'Raw Data'!$E$2:$E$10000,$B26),"") | J26: =IFERROR(AVERAGEIFS('Raw Data'!$L$2:$L$10000,'Raw Data'!$Q$2:$Q$10000,"No",'Raw Data'!$A$2:$A$10000,$C$1,'Raw Data'!$N$2:$N$10000,"Superstore",'Raw Data'!$E$2:$E$10000,$B26),"") | K26: =IFERROR(AVERAGEIFS('Raw Data'!$R$2:$R$10000,'Raw Data'!$Q$2:$Q$10000,"No",'Raw Data'!$A$2:$A$10000,$C$1,'Raw Data'!$N$2:$N$10000,"Superstore",'Raw Data'!$E$2:$E$10000,$B26),"") | L26: =IFERROR(AVERAGEIFS('Raw Data'!$S$2:$S$10000,'Raw Data'!$Q$2:$Q$10000,"No",'Raw Data'!$A$2:$A$10000,$C$1,'Raw Data'!$N$2:$N$10000,"Superstore",'Raw Data'!$E$2:$E$10000,$B26),"")
A27: Superstore | B27: Hosur | C27: =COUNTIFS('Raw Data'!$Q$2:$Q$10000,"No",'Raw Data'!$A$2:$A$10000,$C$1,'Raw Data'!$N$2:$N$10000,"Superstore",'Raw Data'!$E$2:$E$10000,$B27) | D27: =SUMIFS('Raw Data'!$F$2:$F$10000,'Raw Data'!$Q$2:$Q$10000,"No",'Raw Data'!$A$2:$A$10000,$C$1,'Raw Data'!$N$2:$N$10000,"Superstore",'Raw Data'!$E$2:$E$10000,$B27) | E27: =IFERROR(AVERAGEIFS('Raw Data'!$G$2:$G$10000,'Raw Data'!$Q$2:$Q$10000,"No",'Raw Data'!$A$2:$A$10000,$C$1,'Raw Data'!$N$2:$N$10000,"Superstore",'Raw Data'!$E$2:$E$10000,$B27),"") | F27: =IFERROR(AVERAGEIFS('Raw Data'!$H$2:$H$10000,'Raw Data'!$Q$2:$Q$10000,"No",'Raw Data'!$A$2:$A$10000,$C$1,'Raw Data'!$N$2:$N$10000,"Superstore",'Raw Data'!$E$2:$E$10000,$B27),"") | G27: =IFERROR(AVERAGEIFS('Raw Data'!$I$2:$I$10000,'Raw Data'!$Q$2:$Q$10000,"No",'Raw Data'!$A$2:$A$10000,$C$1,'Raw Data'!$N$2:$N$10000,"Superstore",'Raw Data'!$E$2:$E$10000,$B27),"") | H27: =IFERROR(AVERAGEIFS('Raw Data'!$J$2:$J$10000,'Raw Data'!$Q$2:$Q$10000,"No",'Raw Data'!$A$2:$A$10000,$C$1,'Raw Data'!$N$2:$N$10000,"Superstore",'Raw Data'!$E$2:$E$10000,$B27),"") | I27: =IFERROR(AVERAGEIFS('Raw Data'!$K$2:$K$10000,'Raw Data'!$Q$2:$Q$10000,"No",'Raw Data'!$A$2:$A$10000,$C$1,'Raw Data'!$N$2:$N$10000,"Superstore",'Raw Data'!$E$2:$E$10000,$B27),"") | J27: =IFERROR(AVERAGEIFS('Raw Data'!$L$2:$L$10000,'Raw Data'!$Q$2:$Q$10000,"No",'Raw Data'!$A$2:$A$10000,$C$1,'Raw Data'!$N$2:$N$10000,"Superstore",'Raw Data'!$E$2:$E$10000,$B27),"") | K27: =IFERROR(AVERAGEIFS('Raw Data'!$R$2:$R$10000,'Raw Data'!$Q$2:$Q$10000,"No",'Raw Data'!$A$2:$A$10000,$C$1,'Raw Data'!$N$2:$N$10000,"Superstore",'Raw Data'!$E$2:$E$10000,$B27),"") | L27: =IFERROR(AVERAGEIFS('Raw Data'!$S$2:$S$10000,'Raw Data'!$Q$2:$Q$10000,"No",'Raw Data'!$A$2:$A$10000,$C$1,'Raw Data'!$N$2:$N$10000,"Superstore",'Raw Data'!$E$2:$E$10000,$B27),"")
A28: Superstore | B28: Tumkuru | C28: =COUNTIFS('Raw Data'!$Q$2:$Q$10000,"No",'Raw Data'!$A$2:$A$10000,$C$1,'Raw Data'!$N$2:$N$10000,"Superstore",'Raw Data'!$E$2:$E$10000,$B28) | D28: =SUMIFS('Raw Data'!$F$2:$F$10000,'Raw Data'!$Q$2:$Q$10000,"No",'Raw Data'!$A$2:$A$10000,$C$1,'Raw Data'!$N$2:$N$10000,"Superstore",'Raw Data'!$E$2:$E$10000,$B28) | E28: =IFERROR(AVERAGEIFS('Raw Data'!$G$2:$G$10000,'Raw Data'!$Q$2:$Q$10000,"No",'Raw Data'!$A$2:$A$10000,$C$1,'Raw Data'!$N$2:$N$10000,"Superstore",'Raw Data'!$E$2:$E$10000,$B28),"") | F28: =IFERROR(AVERAGEIFS('Raw Data'!$H$2:$H$10000,'Raw Data'!$Q$2:$Q$10000,"No",'Raw Data'!$A$2:$A$10000,$C$1,'Raw Data'!$N$2:$N$10000,"Superstore",'Raw Data'!$E$2:$E$10000,$B28),"") | G28: =IFERROR(AVERAGEIFS('Raw Data'!$I$2:$I$10000,'Raw Data'!$Q$2:$Q$10000,"No",'Raw Data'!$A$2:$A$10000,$C$1,'Raw Data'!$N$2:$N$10000,"Superstore",'Raw Data'!$E$2:$E$10000,$B28),"") | H28: =IFERROR(AVERAGEIFS('Raw Data'!$J$2:$J$10000,'Raw Data'!$Q$2:$Q$10000,"No",'Raw Data'!$A$2:$A$10000,$C$1,'Raw Data'!$N$2:$N$10000,"Superstore",'Raw Data'!$E$2:$E$10000,$B28),"") | I28: =IFERROR(AVERAGEIFS('Raw Data'!$K$2:$K$10000,'Raw Data'!$Q$2:$Q$10000,"No",'Raw Data'!$A$2:$A$10000,$C$1,'Raw Data'!$N$2:$N$10000,"Superstore",'Raw Data'!$E$2:$E$10000,$B28),"") | J28: =IFERROR(AVERAGEIFS('Raw Data'!$L$2:$L$10000,'Raw Data'!$Q$2:$Q$10000,"No",'Raw Data'!$A$2:$A$10000,$C$1,'Raw Data'!$N$2:$N$10000,"Superstore",'Raw Data'!$E$2:$E$10000,$B28),"") | K28: =IFERROR(AVERAGEIFS('Raw Data'!$R$2:$R$10000,'Raw Data'!$Q$2:$Q$10000,"No",'Raw Data'!$A$2:$A$10000,$C$1,'Raw Data'!$N$2:$N$10000,"Superstore",'Raw Data'!$E$2:$E$10000,$B28),"") | L28: =IFERROR(AVERAGEIFS('Raw Data'!$S$2:$S$10000,'Raw Data'!$Q$2:$Q$10000,"No",'Raw Data'!$A$2:$A$10000,$C$1,'Raw Data'!$N$2:$N$10000,"Superstore",'Raw Data'!$E$2:$E$10000,$B28),"")
A29: Superstore | B29: Grand Total | C29: =COUNTIFS('Raw Data'!$Q$2:$Q$10000,"No",'Raw Data'!$A$2:$A$10000,$C$1,'Raw Data'!$N$2:$N$10000,"Superstore",'Raw Data'!$E$2:$E$10000,"<>") | D29: =SUMIFS('Raw Data'!$F$2:$F$10000,'Raw Data'!$Q$2:$Q$10000,"No",'Raw Data'!$A$2:$A$10000,$C$1,'Raw Data'!$N$2:$N$10000,"Superstore",'Raw Data'!$E$2:$E$10000,"<>") | E29: =IFERROR(AVERAGEIFS('Raw Data'!$G$2:$G$10000,'Raw Data'!$Q$2:$Q$10000,"No",'Raw Data'!$A$2:$A$10000,$C$1,'Raw Data'!$N$2:$N$10000,"Superstore",'Raw Data'!$E$2:$E$10000,"<>"),"") | F29: =IFERROR(AVERAGEIFS('Raw Data'!$H$2:$H$10000,'Raw Data'!$Q$2:$Q$10000,"No",'Raw Data'!$A$2:$A$10000,$C$1,'Raw Data'!$N$2:$N$10000,"Superstore",'Raw Data'!$E$2:$E$10000,"<>"),"") | G29: =IFERROR(AVERAGEIFS('Raw Data'!$I$2:$I$10000,'Raw Data'!$Q$2:$Q$10000,"No",'Raw Data'!$A$2:$A$10000,$C$1,'Raw Data'!$N$2:$N$10000,"Superstore",'Raw Data'!$E$2:$E$10000,"<>"),"") | H29: =IFERROR(AVERAGEIFS('Raw Data'!$J$2:$J$10000,'Raw Data'!$Q$2:$Q$10000,"No",'Raw Data'!$A$2:$A$10000,$C$1,'Raw Data'!$N$2:$N$10000,"Superstore",'Raw Data'!$E$2:$E$10000,"<>"),"") | I29: =IFERROR(AVERAGEIFS('Raw Data'!$K$2:$K$10000,'Raw Data'!$Q$2:$Q$10000,"No",'Raw Data'!$A$2:$A$10000,$C$1,'Raw Data'!$N$2:$N$10000,"Superstore",'Raw Data'!$E$2:$E$10000,"<>"),"") | J29: =IFERROR(AVERAGEIFS('Raw Data'!$L$2:$L$10000,'Raw Data'!$Q$2:$Q$10000,"No",'Raw Data'!$A$2:$A$10000,$C$1,'Raw Data'!$N$2:$N$10000,"Superstore",'Raw Data'!$E$2:$E$10000,"<>"),"") | K29: =IFERROR(AVERAGEIFS('Raw Data'!$R$2:$R$10000,'Raw Data'!$Q$2:$Q$10000,"No",'Raw Data'!$A$2:$A$10000,$C$1,'Raw Data'!$N$2:$N$10000,"Superstore",'Raw Data'!$E$2:$E$10000,"<>"),"") | L29: =IFERROR(AVERAGEIFS('Raw Data'!$S$2:$S$10000,'Raw Data'!$Q$2:$Q$10000,"No",'Raw Data'!$A$2:$A$10000,$C$1,'Raw Data'!$N$2:$N$10000,"Superstore",'Raw Data'!$E$2:$E$10000,"<>"),"")
A31: Combined - City Split
A32: Type | B32: City | C32: Store Count | D32: Total Bins | E32: CC MTD % | F32: BA MTD % | G32: IA MTD % | H32: CC ACC % | I32: PD % | J32: Inv Health | K32: CC MTD Target | L32: CC MTD Achieved %
A33: Combined | B33: Bengaluru | C33: =COUNTIFS('Raw Data'!$Q$2:$Q$10000,"No",'Raw Data'!$A$2:$A$10000,$C$1,'Raw Data'!$N$2:$N$10000,"<>",'Raw Data'!$E$2:$E$10000,$B33) | D33: =SUMIFS('Raw Data'!$F$2:$F$10000,'Raw Data'!$Q$2:$Q$10000,"No",'Raw Data'!$A$2:$A$10000,$C$1,'Raw Data'!$N$2:$N$10000,"<>",'Raw Data'!$E$2:$E$10000,$B33) | E33: =IFERROR(AVERAGEIFS('Raw Data'!$G$2:$G$10000,'Raw Data'!$Q$2:$Q$10000,"No",'Raw Data'!$A$2:$A$10000,$C$1,'Raw Data'!$N$2:$N$10000,"<>",'Raw Data'!$E$2:$E$10000,$B33),"") | F33: =IFERROR(AVERAGEIFS('Raw Data'!$H$2:$H$10000,'Raw Data'!$Q$2:$Q$10000,"No",'Raw Data'!$A$2:$A$10000,$C$1,'Raw Data'!$N$2:$N$10000,"<>",'Raw Data'!$E$2:$E$10000,$B33),"") | G33: =IFERROR(AVERAGEIFS('Raw Data'!$I$2:$I$10000,'Raw Data'!$Q$2:$Q$10000,"No",'Raw Data'!$A$2:$A$10000,$C$1,'Raw Data'!$N$2:$N$10000,"<>",'Raw Data'!$E$2:$E$10000,$B33),"") | H33: =IFERROR(AVERAGEIFS('Raw Data'!$J$2:$J$10000,'Raw Data'!$Q$2:$Q$10000,"No",'Raw Data'!$A$2:$A$10000,$C$1,'Raw Data'!$N$2:$N$10000,"<>",'Raw Data'!$E$2:$E$10000,$B33),"") | I33: =IFERROR(AVERAGEIFS('Raw Data'!$K$2:$K$10000,'Raw Data'!$Q$2:$Q$10000,"No",'Raw Data'!$A$2:$A$10000,$C$1,'Raw Data'!$N$2:$N$10000,"<>",'Raw Data'!$E$2:$E$10000,$B33),"") | J33: =IFERROR(AVERAGEIFS('Raw Data'!$L$2:$L$10000,'Raw Data'!$Q$2:$Q$10000,"No",'Raw Data'!$A$2:$A$10000,$C$1,'Raw Data'!$N$2:$N$10000,"<>",'Raw Data'!$E$2:$E$10000,$B33),"") | K33: =IFERROR(AVERAGEIFS('Raw Data'!$R$2:$R$10000,'Raw Data'!$Q$2:$Q$10000,"No",'Raw Data'!$A$2:$A$10000,$C$1,'Raw Data'!$N$2:$N$10000,"<>",'Raw Data'!$E$2:$E$10000,$B33),"") | L33: =IFERROR(AVERAGEIFS('Raw Data'!$S$2:$S$10000,'Raw Data'!$Q$2:$Q$10000,"No",'Raw Data'!$A$2:$A$10000,$C$1,'Raw Data'!$N$2:$N$10000,"<>",'Raw Data'!$E$2:$E$10000,$B33),"")
A34: Combined | B34: Kochi | C34: =COUNTIFS('Raw Data'!$Q$2:$Q$10000,"No",'Raw Data'!$A$2:$A$10000,$C$1,'Raw Data'!$N$2:$N$10000,"<>",'Raw Data'!$E$2:$E$10000,$B34) | D34: =SUMIFS('Raw Data'!$F$2:$F$10000,'Raw Data'!$Q$2:$Q$10000,"No",'Raw Data'!$A$2:$A$10000,$C$1,'Raw Data'!$N$2:$N$10000,"<>",'Raw Data'!$E$2:$E$10000,$B34) | E34: =IFERROR(AVERAGEIFS('Raw Data'!$G$2:$G$10000,'Raw Data'!$Q$2:$Q$10000,"No",'Raw Data'!$A$2:$A$10000,$C$1,'Raw Data'!$N$2:$N$10000,"<>",'Raw Data'!$E$2:$E$10000,$B34),"") | F34: =IFERROR(AVERAGEIFS('Raw Data'!$H$2:$H$10000,'Raw Data'!$Q$2:$Q$10000,"No",'Raw Data'!$A$2:$A$10000,$C$1,'Raw Data'!$N$2:$N$10000,"<>",'Raw Data'!$E$2:$E$10000,$B34),"") | G34: =IFERROR(AVERAGEIFS('Raw Data'!$I$2:$I$10000,'Raw Data'!$Q$2:$Q$10000,"No",'Raw Data'!$A$2:$A$10000,$C$1,'Raw Data'!$N$2:$N$10000,"<>",'Raw Data'!$E$2:$E$10000,$B34),"") | H34: =IFERROR(AVERAGEIFS('Raw Data'!$J$2:$J$10000,'Raw Data'!$Q$2:$Q$10000,"No",'Raw Data'!$A$2:$A$10000,$C$1,'Raw Data'!$N$2:$N$10000,"<>",'Raw Data'!$E$2:$E$10000,$B34),"") | I34: =IFERROR(AVERAGEIFS('Raw Data'!$K$2:$K$10000,'Raw Data'!$Q$2:$Q$10000,"No",'Raw Data'!$A$2:$A$10000,$C$1,'Raw Data'!$N$2:$N$10000,"<>",'Raw Data'!$E$2:$E$10000,$B34),"") | J34: =IFERROR(AVERAGEIFS('Raw Data'!$L$2:$L$10000,'Raw Data'!$Q$2:$Q$10000,"No",'Raw Data'!$A$2:$A$10000,$C$1,'Raw Data'!$N$2:$N$10000,"<>",'Raw Data'!$E$2:$E$10000,$B34),"") | K34: =IFERROR(AVERAGEIFS('Raw Data'!$R$2:$R$10000,'Raw Data'!$Q$2:$Q$10000,"No",'Raw Data'!$A$2:$A$10000,$C$1,'Raw Data'!$N$2:$N$10000,"<>",'Raw Data'!$E$2:$E$10000,$B34),"") | L34: =IFERROR(AVERAGEIFS('Raw Data'!$S$2:$S$10000,'Raw Data'!$Q$2:$Q$10000,"No",'Raw Data'!$A$2:$A$10000,$C$1,'Raw Data'!$N$2:$N$10000,"<>",'Raw Data'!$E$2:$E$10000,$B34),"")
A35: Combined | B35: Coimbatore | C35: =COUNTIFS('Raw Data'!$Q$2:$Q$10000,"No",'Raw Data'!$A$2:$A$10000,$C$1,'Raw Data'!$N$2:$N$10000,"<>",'Raw Data'!$E$2:$E$10000,$B35) | D35: =SUMIFS('Raw Data'!$F$2:$F$10000,'Raw Data'!$Q$2:$Q$10000,"No",'Raw Data'!$A$2:$A$10000,$C$1,'Raw Data'!$N$2:$N$10000,"<>",'Raw Data'!$E$2:$E$10000,$B35) | E35: =IFERROR(AVERAGEIFS('Raw Data'!$G$2:$G$10000,'Raw Data'!$Q$2:$Q$10000,"No",'Raw Data'!$A$2:$A$10000,$C$1,'Raw Data'!$N$2:$N$10000,"<>",'Raw Data'!$E$2:$E$10000,$B35),"") | F35: =IFERROR(AVERAGEIFS('Raw Data'!$H$2:$H$10000,'Raw Data'!$Q$2:$Q$10000,"No",'Raw Data'!$A$2:$A$10000,$C$1,'Raw Data'!$N$2:$N$10000,"<>",'Raw Data'!$E$2:$E$10000,$B35),"") | G35: =IFERROR(AVERAGEIFS('Raw Data'!$I$2:$I$10000,'Raw Data'!$Q$2:$Q$10000,"No",'Raw Data'!$A$2:$A$10000,$C$1,'Raw Data'!$N$2:$N$10000,"<>",'Raw Data'!$E$2:$E$10000,$B35),"") | H35: =IFERROR(AVERAGEIFS('Raw Data'!$J$2:$J$10000,'Raw Data'!$Q$2:$Q$10000,"No",'Raw Data'!$A$2:$A$10000,$C$1,'Raw Data'!$N$2:$N$10000,"<>",'Raw Data'!$E$2:$E$10000,$B35),"") | I35: =IFERROR(AVERAGEIFS('Raw Data'!$K$2:$K$10000,'Raw Data'!$Q$2:$Q$10000,"No",'Raw Data'!$A$2:$A$10000,$C$1,'Raw Data'!$N$2:$N$10000,"<>",'Raw Data'!$E$2:$E$10000,$B35),"") | J35: =IFERROR(AVERAGEIFS('Raw Data'!$L$2:$L$10000,'Raw Data'!$Q$2:$Q$10000,"No",'Raw Data'!$A$2:$A$10000,$C$1,'Raw Data'!$N$2:$N$10000,"<>",'Raw Data'!$E$2:$E$10000,$B35),"") | K35: =IFERROR(AVERAGEIFS('Raw Data'!$R$2:$R$10000,'Raw Data'!$Q$2:$Q$10000,"No",'Raw Data'!$A$2:$A$10000,$C$1,'Raw Data'!$N$2:$N$10000,"<>",'Raw Data'!$E$2:$E$10000,$B35),"") | L35: =IFERROR(AVERAGEIFS('Raw Data'!$S$2:$S$10000,'Raw Data'!$Q$2:$Q$10000,"No",'Raw Data'!$A$2:$A$10000,$C$1,'Raw Data'!$N$2:$N$10000,"<>",'Raw Data'!$E$2:$E$10000,$B35),"")
A36: Combined | B36: Mysuru | C36: =COUNTIFS('Raw Data'!$Q$2:$Q$10000,"No",'Raw Data'!$A$2:$A$10000,$C$1,'Raw Data'!$N$2:$N$10000,"<>",'Raw Data'!$E$2:$E$10000,$B36) | D36: =SUMIFS('Raw Data'!$F$2:$F$10000,'Raw Data'!$Q$2:$Q$10000,"No",'Raw Data'!$A$2:$A$10000,$C$1,'Raw Data'!$N$2:$N$10000,"<>",'Raw Data'!$E$2:$E$10000,$B36) | E36: =IFERROR(AVERAGEIFS('Raw Data'!$G$2:$G$10000,'Raw Data'!$Q$2:$Q$10000,"No",'Raw Data'!$A$2:$A$10000,$C$1,'Raw Data'!$N$2:$N$10000,"<>",'Raw Data'!$E$2:$E$10000,$B36),"") | F36: =IFERROR(AVERAGEIFS('Raw Data'!$H$2:$H$10000,'Raw Data'!$Q$2:$Q$10000,"No",'Raw Data'!$A$2:$A$10000,$C$1,'Raw Data'!$N$2:$N$10000,"<>",'Raw Data'!$E$2:$E$10000,$B36),"") | G36: =IFERROR(AVERAGEIFS('Raw Data'!$I$2:$I$10000,'Raw Data'!$Q$2:$Q$10000,"No",'Raw Data'!$A$2:$A$10000,$C$1,'Raw Data'!$N$2:$N$10000,"<>",'Raw Data'!$E$2:$E$10000,$B36),"") | H36: =IFERROR(AVERAGEIFS('Raw Data'!$J$2:$J$10000,'Raw Data'!$Q$2:$Q$10000,"No",'Raw Data'!$A$2:$A$10000,$C$1,'Raw Data'!$N$2:$N$10000,"<>",'Raw Data'!$E$2:$E$10000,$B36),"") | I36: =IFERROR(AVERAGEIFS('Raw Data'!$K$2:$K$10000,'Raw Data'!$Q$2:$Q$10000,"No",'Raw Data'!$A$2:$A$10000,$C$1,'Raw Data'!$N$2:$N$10000,"<>",'Raw Data'!$E$2:$E$10000,$B36),"") | J36: =IFERROR(AVERAGEIFS('Raw Data'!$L$2:$L$10000,'Raw Data'!$Q$2:$Q$10000,"No",'Raw Data'!$A$2:$A$10000,$C$1,'Raw Data'!$N$2:$N$10000,"<>",'Raw Data'!$E$2:$E$10000,$B36),"") | K36: =IFERROR(AVERAGEIFS('Raw Data'!$R$2:$R$10000,'Raw Data'!$Q$2:$Q$10000,"No",'Raw Data'!$A$2:$A$10000,$C$1,'Raw Data'!$N$2:$N$10000,"<>",'Raw Data'!$E$2:$E$10000,$B36),"") | L36: =IFERROR(AVERAGEIFS('Raw Data'!$S$2:$S$10000,'Raw Data'!$Q$2:$Q$10000,"No",'Raw Data'!$A$2:$A$10000,$C$1,'Raw Data'!$N$2:$N$10000,"<>",'Raw Data'!$E$2:$E$10000,$B36),"")
A37: Combined | B37: Hubballi | C37: =COUNTIFS('Raw Data'!$Q$2:$Q$10000,"No",'Raw Data'!$A$2:$A$10000,$C$1,'Raw Data'!$N$2:$N$10000,"<>",'Raw Data'!$E$2:$E$10000,$B37) | D37: =SUMIFS('Raw Data'!$F$2:$F$10000,'Raw Data'!$Q$2:$Q$10000,"No",'Raw Data'!$A$2:$A$10000,$C$1,'Raw Data'!$N$2:$N$10000,"<>",'Raw Data'!$E$2:$E$10000,$B37) | E37: =IFERROR(AVERAGEIFS('Raw Data'!$G$2:$G$10000,'Raw Data'!$Q$2:$Q$10000,"No",'Raw Data'!$A$2:$A$10000,$C$1,'Raw Data'!$N$2:$N$10000,"<>",'Raw Data'!$E$2:$E$10000,$B37),"") | F37: =IFERROR(AVERAGEIFS('Raw Data'!$H$2:$H$10000,'Raw Data'!$Q$2:$Q$10000,"No",'Raw Data'!$A$2:$A$10000,$C$1,'Raw Data'!$N$2:$N$10000,"<>",'Raw Data'!$E$2:$E$10000,$B37),"") | G37: =IFERROR(AVERAGEIFS('Raw Data'!$I$2:$I$10000,'Raw Data'!$Q$2:$Q$10000,"No",'Raw Data'!$A$2:$A$10000,$C$1,'Raw Data'!$N$2:$N$10000,"<>",'Raw Data'!$E$2:$E$10000,$B37),"") | H37: =IFERROR(AVERAGEIFS('Raw Data'!$J$2:$J$10000,'Raw Data'!$Q$2:$Q$10000,"No",'Raw Data'!$A$2:$A$10000,$C$1,'Raw Data'!$N$2:$N$10000,"<>",'Raw Data'!$E$2:$E$10000,$B37),"") | I37: =IFERROR(AVERAGEIFS('Raw Data'!$K$2:$K$10000,'Raw Data'!$Q$2:$Q$10000,"No",'Raw Data'!$A$2:$A$10000,$C$1,'Raw Data'!$N$2:$N$10000,"<>",'Raw Data'!$E$2:$E$10000,$B37),"") | J37: =IFERROR(AVERAGEIFS('Raw Data'!$L$2:$L$10000,'Raw Data'!$Q$2:$Q$10000,"No",'Raw Data'!$A$2:$A$10000,$C$1,'Raw Data'!$N$2:$N$10000,"<>",'Raw Data'!$E$2:$E$10000,$B37),"") | K37: =IFERROR(AVERAGEIFS('Raw Data'!$R$2:$R$10000,'Raw Data'!$Q$2:$Q$10000,"No",'Raw Data'!$A$2:$A$10000,$C$1,'Raw Data'!$N$2:$N$10000,"<>",'Raw Data'!$E$2:$E$10000,$B37),"") | L37: =IFERROR(AVERAGEIFS('Raw Data'!$S$2:$S$10000,'Raw Data'!$Q$2:$Q$10000,"No",'Raw Data'!$A$2:$A$10000,$C$1,'Raw Data'!$N$2:$N$10000,"<>",'Raw Data'!$E$2:$E$10000,$B37),"")
A38: Combined | B38: Palakkad | C38: =COUNTIFS('Raw Data'!$Q$2:$Q$10000,"No",'Raw Data'!$A$2:$A$10000,$C$1,'Raw Data'!$N$2:$N$10000,"<>",'Raw Data'!$E$2:$E$10000,$B38) | D38: =SUMIFS('Raw Data'!$F$2:$F$10000,'Raw Data'!$Q$2:$Q$10000,"No",'Raw Data'!$A$2:$A$10000,$C$1,'Raw Data'!$N$2:$N$10000,"<>",'Raw Data'!$E$2:$E$10000,$B38) | E38: =IFERROR(AVERAGEIFS('Raw Data'!$G$2:$G$10000,'Raw Data'!$Q$2:$Q$10000,"No",'Raw Data'!$A$2:$A$10000,$C$1,'Raw Data'!$N$2:$N$10000,"<>",'Raw Data'!$E$2:$E$10000,$B38),"") | F38: =IFERROR(AVERAGEIFS('Raw Data'!$H$2:$H$10000,'Raw Data'!$Q$2:$Q$10000,"No",'Raw Data'!$A$2:$A$10000,$C$1,'Raw Data'!$N$2:$N$10000,"<>",'Raw Data'!$E$2:$E$10000,$B38),"") | G38: =IFERROR(AVERAGEIFS('Raw Data'!$I$2:$I$10000,'Raw Data'!$Q$2:$Q$10000,"No",'Raw Data'!$A$2:$A$10000,$C$1,'Raw Data'!$N$2:$N$10000,"<>",'Raw Data'!$E$2:$E$10000,$B38),"") | H38: =IFERROR(AVERAGEIFS('Raw Data'!$J$2:$J$10000,'Raw Data'!$Q$2:$Q$10000,"No",'Raw Data'!$A$2:$A$10000,$C$1,'Raw Data'!$N$2:$N$10000,"<>",'Raw Data'!$E$2:$E$10000,$B38),"") | I38: =IFERROR(AVERAGEIFS('Raw Data'!$K$2:$K$10000,'Raw Data'!$Q$2:$Q$10000,"No",'Raw Data'!$A$2:$A$10000,$C$1,'Raw Data'!$N$2:$N$10000,"<>",'Raw Data'!$E$2:$E$10000,$B38),"") | J38: =IFERROR(AVERAGEIFS('Raw Data'!$L$2:$L$10000,'Raw Data'!$Q$2:$Q$10000,"No",'Raw Data'!$A$2:$A$10000,$C$1,'Raw Data'!$N$2:$N$10000,"<>",'Raw Data'!$E$2:$E$10000,$B38),"") | K38: =IFERROR(AVERAGEIFS('Raw Data'!$R$2:$R$10000,'Raw Data'!$Q$2:$Q$10000,"No",'Raw Data'!$A$2:$A$10000,$C$1,'Raw Data'!$N$2:$N$10000,"<>",'Raw Data'!$E$2:$E$10000,$B38),"") | L38: =IFERROR(AVERAGEIFS('Raw Data'!$S$2:$S$10000,'Raw Data'!$Q$2:$Q$10000,"No",'Raw Data'!$A$2:$A$10000,$C$1,'Raw Data'!$N$2:$N$10000,"<>",'Raw Data'!$E$2:$E$10000,$B38),"")
A39: Combined | B39: Belgavi | C39: =COUNTIFS('Raw Data'!$Q$2:$Q$10000,"No",'Raw Data'!$A$2:$A$10000,$C$1,'Raw Data'!$N$2:$N$10000,"<>",'Raw Data'!$E$2:$E$10000,$B39) | D39: =SUMIFS('Raw Data'!$F$2:$F$10000,'Raw Data'!$Q$2:$Q$10000,"No",'Raw Data'!$A$2:$A$10000,$C$1,'Raw Data'!$N$2:$N$10000,"<>",'Raw Data'!$E$2:$E$10000,$B39) | E39: =IFERROR(AVERAGEIFS('Raw Data'!$G$2:$G$10000,'Raw Data'!$Q$2:$Q$10000,"No",'Raw Data'!$A$2:$A$10000,$C$1,'Raw Data'!$N$2:$N$10000,"<>",'Raw Data'!$E$2:$E$10000,$B39),"") | F39: =IFERROR(AVERAGEIFS('Raw Data'!$H$2:$H$10000,'Raw Data'!$Q$2:$Q$10000,"No",'Raw Data'!$A$2:$A$10000,$C$1,'Raw Data'!$N$2:$N$10000,"<>",'Raw Data'!$E$2:$E$10000,$B39),"") | G39: =IFERROR(AVERAGEIFS('Raw Data'!$I$2:$I$10000,'Raw Data'!$Q$2:$Q$10000,"No",'Raw Data'!$A$2:$A$10000,$C$1,'Raw Data'!$N$2:$N$10000,"<>",'Raw Data'!$E$2:$E$10000,$B39),"") | H39: =IFERROR(AVERAGEIFS('Raw Data'!$J$2:$J$10000,'Raw Data'!$Q$2:$Q$10000,"No",'Raw Data'!$A$2:$A$10000,$C$1,'Raw Data'!$N$2:$N$10000,"<>",'Raw Data'!$E$2:$E$10000,$B39),"") | I39: =IFERROR(AVERAGEIFS('Raw Data'!$K$2:$K$10000,'Raw Data'!$Q$2:$Q$10000,"No",'Raw Data'!$A$2:$A$10000,$C$1,'Raw Data'!$N$2:$N$10000,"<>",'Raw Data'!$E$2:$E$10000,$B39),"") | J39: =IFERROR(AVERAGEIFS('Raw Data'!$L$2:$L$10000,'Raw Data'!$Q$2:$Q$10000,"No",'Raw Data'!$A$2:$A$10000,$C$1,'Raw Data'!$N$2:$N$10000,"<>",'Raw Data'!$E$2:$E$10000,$B39),"") | K39: =IFERROR(AVERAGEIFS('Raw Data'!$R$2:$R$10000,'Raw Data'!$Q$2:$Q$10000,"No",'Raw Data'!$A$2:$A$10000,$C$1,'Raw Data'!$N$2:$N$10000,"<>",'Raw Data'!$E$2:$E$10000,$B39),"") | L39: =IFERROR(AVERAGEIFS('Raw Data'!$S$2:$S$10000,'Raw Data'!$Q$2:$Q$10000,"No",'Raw Data'!$A$2:$A$10000,$C$1,'Raw Data'!$N$2:$N$10000,"<>",'Raw Data'!$E$2:$E$10000,$B39),"")
A40: Combined | B40: Davanagere | C40: =COUNTIFS('Raw Data'!$Q$2:$Q$10000,"No",'Raw Data'!$A$2:$A$10000,$C$1,'Raw Data'!$N$2:$N$10000,"<>",'Raw Data'!$E$2:$E$10000,$B40) | D40: =SUMIFS('Raw Data'!$F$2:$F$10000,'Raw Data'!$Q$2:$Q$10000,"No",'Raw Data'!$A$2:$A$10000,$C$1,'Raw Data'!$N$2:$N$10000,"<>",'Raw Data'!$E$2:$E$10000,$B40) | E40: =IFERROR(AVERAGEIFS('Raw Data'!$G$2:$G$10000,'Raw Data'!$Q$2:$Q$10000,"No",'Raw Data'!$A$2:$A$10000,$C$1,'Raw Data'!$N$2:$N$10000,"<>",'Raw Data'!$E$2:$E$10000,$B40),"") | F40: =IFERROR(AVERAGEIFS('Raw Data'!$H$2:$H$10000,'Raw Data'!$Q$2:$Q$10000,"No",'Raw Data'!$A$2:$A$10000,$C$1,'Raw Data'!$N$2:$N$10000,"<>",'Raw Data'!$E$2:$E$10000,$B40),"") | G40: =IFERROR(AVERAGEIFS('Raw Data'!$I$2:$I$10000,'Raw Data'!$Q$2:$Q$10000,"No",'Raw Data'!$A$2:$A$10000,$C$1,'Raw Data'!$N$2:$N$10000,"<>",'Raw Data'!$E$2:$E$10000,$B40),"") | H40: =IFERROR(AVERAGEIFS('Raw Data'!$J$2:$J$10000,'Raw Data'!$Q$2:$Q$10000,"No",'Raw Data'!$A$2:$A$10000,$C$1,'Raw Data'!$N$2:$N$10000,"<>",'Raw Data'!$E$2:$E$10000,$B40),"") | I40: =IFERROR(AVERAGEIFS('Raw Data'!$K$2:$K$10000,'Raw Data'!$Q$2:$Q$10000,"No",'Raw Data'!$A$2:$A$10000,$C$1,'Raw Data'!$N$2:$N$10000,"<>",'Raw Data'!$E$2:$E$10000,$B40),"") | J40: =IFERROR(AVERAGEIFS('Raw Data'!$L$2:$L$10000,'Raw Data'!$Q$2:$Q$10000,"No",'Raw Data'!$A$2:$A$10000,$C$1,'Raw Data'!$N$2:$N$10000,"<>",'Raw Data'!$E$2:$E$10000,$B40),"") | K40: =IFERROR(AVERAGEIFS('Raw Data'!$R$2:$R$10000,'Raw Data'!$Q$2:$Q$10000,"No",'Raw Data'!$A$2:$A$10000,$C$1,'Raw Data'!$N$2:$N$10000,"<>",'Raw Data'!$E$2:$E$10000,$B40),"") | L40: =IFERROR(AVERAGEIFS('Raw Data'!$S$2:$S$10000,'Raw Data'!$Q$2:$Q$10000,"No",'Raw Data'!$A$2:$A$10000,$C$1,'Raw Data'!$N$2:$N$10000,"<>",'Raw Data'!$E$2:$E$10000,$B40),"")
A41: Combined | B41: Hosur | C41: =COUNTIFS('Raw Data'!$Q$2:$Q$10000,"No",'Raw Data'!$A$2:$A$10000,$C$1,'Raw Data'!$N$2:$N$10000,"<>",'Raw Data'!$E$2:$E$10000,$B41) | D41: =SUMIFS('Raw Data'!$F$2:$F$10000,'Raw Data'!$Q$2:$Q$10000,"No",'Raw Data'!$A$2:$A$10000,$C$1,'Raw Data'!$N$2:$N$10000,"<>",'Raw Data'!$E$2:$E$10000,$B41) | E41: =IFERROR(AVERAGEIFS('Raw Data'!$G$2:$G$10000,'Raw Data'!$Q$2:$Q$10000,"No",'Raw Data'!$A$2:$A$10000,$C$1,'Raw Data'!$N$2:$N$10000,"<>",'Raw Data'!$E$2:$E$10000,$B41),"") | F41: =IFERROR(AVERAGEIFS('Raw Data'!$H$2:$H$10000,'Raw Data'!$Q$2:$Q$10000,"No",'Raw Data'!$A$2:$A$10000,$C$1,'Raw Data'!$N$2:$N$10000,"<>",'Raw Data'!$E$2:$E$10000,$B41),"") | G41: =IFERROR(AVERAGEIFS('Raw Data'!$I$2:$I$10000,'Raw Data'!$Q$2:$Q$10000,"No",'Raw Data'!$A$2:$A$10000,$C$1,'Raw Data'!$N$2:$N$10000,"<>",'Raw Data'!$E$2:$E$10000,$B41),"") | H41: =IFERROR(AVERAGEIFS('Raw Data'!$J$2:$J$10000,'Raw Data'!$Q$2:$Q$10000,"No",'Raw Data'!$A$2:$A$10000,$C$1,'Raw Data'!$N$2:$N$10000,"<>",'Raw Data'!$E$2:$E$10000,$B41),"") | I41: =IFERROR(AVERAGEIFS('Raw Data'!$K$2:$K$10000,'Raw Data'!$Q$2:$Q$10000,"No",'Raw Data'!$A$2:$A$10000,$C$1,'Raw Data'!$N$2:$N$10000,"<>",'Raw Data'!$E$2:$E$10000,$B41),"") | J41: =IFERROR(AVERAGEIFS('Raw Data'!$L$2:$L$10000,'Raw Data'!$Q$2:$Q$10000,"No",'Raw Data'!$A$2:$A$10000,$C$1,'Raw Data'!$N$2:$N$10000,"<>",'Raw Data'!$E$2:$E$10000,$B41),"") | K41: =IFERROR(AVERAGEIFS('Raw Data'!$R$2:$R$10000,'Raw Data'!$Q$2:$Q$10000,"No",'Raw Data'!$A$2:$A$10000,$C$1,'Raw Data'!$N$2:$N$10000,"<>",'Raw Data'!$E$2:$E$10000,$B41),"") | L41: =IFERROR(AVERAGEIFS('Raw Data'!$S$2:$S$10000,'Raw Data'!$Q$2:$Q$10000,"No",'Raw Data'!$A$2:$A$10000,$C$1,'Raw Data'!$N$2:$N$10000,"<>",'Raw Data'!$E$2:$E$10000,$B41),"")
A42: Combined | B42: Tumkuru | C42: =COUNTIFS('Raw Data'!$Q$2:$Q$10000,"No",'Raw Data'!$A$2:$A$10000,$C$1,'Raw Data'!$N$2:$N$10000,"<>",'Raw Data'!$E$2:$E$10000,$B42) | D42: =SUMIFS('Raw Data'!$F$2:$F$10000,'Raw Data'!$Q$2:$Q$10000,"No",'Raw Data'!$A$2:$A$10000,$C$1,'Raw Data'!$N$2:$N$10000,"<>",'Raw Data'!$E$2:$E$10000,$B42) | E42: =IFERROR(AVERAGEIFS('Raw Data'!$G$2:$G$10000,'Raw Data'!$Q$2:$Q$10000,"No",'Raw Data'!$A$2:$A$10000,$C$1,'Raw Data'!$N$2:$N$10000,"<>",'Raw Data'!$E$2:$E$10000,$B42),"") | F42: =IFERROR(AVERAGEIFS('Raw Data'!$H$2:$H$10000,'Raw Data'!$Q$2:$Q$10000,"No",'Raw Data'!$A$2:$A$10000,$C$1,'Raw Data'!$N$2:$N$10000,"<>",'Raw Data'!$E$2:$E$10000,$B42),"") | G42: =IFERROR(AVERAGEIFS('Raw Data'!$I$2:$I$10000,'Raw Data'!$Q$2:$Q$10000,"No",'Raw Data'!$A$2:$A$10000,$C$1,'Raw Data'!$N$2:$N$10000,"<>",'Raw Data'!$E$2:$E$10000,$B42),"") | H42: =IFERROR(AVERAGEIFS('Raw Data'!$J$2:$J$10000,'Raw Data'!$Q$2:$Q$10000,"No",'Raw Data'!$A$2:$A$10000,$C$1,'Raw Data'!$N$2:$N$10000,"<>",'Raw Data'!$E$2:$E$10000,$B42),"") | I42: =IFERROR(AVERAGEIFS('Raw Data'!$K$2:$K$10000,'Raw Data'!$Q$2:$Q$10000,"No",'Raw Data'!$A$2:$A$10000,$C$1,'Raw Data'!$N$2:$N$10000,"<>",'Raw Data'!$E$2:$E$10000,$B42),"") | J42: =IFERROR(AVERAGEIFS('Raw Data'!$L$2:$L$10000,'Raw Data'!$Q$2:$Q$10000,"No",'Raw Data'!$A$2:$A$10000,$C$1,'Raw Data'!$N$2:$N$10000,"<>",'Raw Data'!$E$2:$E$10000,$B42),"") | K42: =IFERROR(AVERAGEIFS('Raw Data'!$R$2:$R$10000,'Raw Data'!$Q$2:$Q$10000,"No",'Raw Data'!$A$2:$A$10000,$C$1,'Raw Data'!$N$2:$N$10000,"<>",'Raw Data'!$E$2:$E$10000,$B42),"") | L42: =IFERROR(AVERAGEIFS('Raw Data'!$S$2:$S$10000,'Raw Data'!$Q$2:$Q$10000,"No",'Raw Data'!$A$2:$A$10000,$C$1,'Raw Data'!$N$2:$N$10000,"<>",'Raw Data'!$E$2:$E$10000,$B42),"")
A43: Combined | B43: Grand Total | C43: =COUNTIFS('Raw Data'!$Q$2:$Q$10000,"No",'Raw Data'!$A$2:$A$10000,$C$1,'Raw Data'!$N$2:$N$10000,"<>",'Raw Data'!$E$2:$E$10000,"<>") | D43: =SUMIFS('Raw Data'!$F$2:$F$10000,'Raw Data'!$Q$2:$Q$10000,"No",'Raw Data'!$A$2:$A$10000,$C$1,'Raw Data'!$N$2:$N$10000,"<>",'Raw Data'!$E$2:$E$10000,"<>") | E43: =IFERROR(AVERAGEIFS('Raw Data'!$G$2:$G$10000,'Raw Data'!$Q$2:$Q$10000,"No",'Raw Data'!$A$2:$A$10000,$C$1,'Raw Data'!$N$2:$N$10000,"<>",'Raw Data'!$E$2:$E$10000,"<>"),"") | F43: =IFERROR(AVERAGEIFS('Raw Data'!$H$2:$H$10000,'Raw Data'!$Q$2:$Q$10000,"No",'Raw Data'!$A$2:$A$10000,$C$1,'Raw Data'!$N$2:$N$10000,"<>",'Raw Data'!$E$2:$E$10000,"<>"),"") | G43: =IFERROR(AVERAGEIFS('Raw Data'!$I$2:$I$10000,'Raw Data'!$Q$2:$Q$10000,"No",'Raw Data'!$A$2:$A$10000,$C$1,'Raw Data'!$N$2:$N$10000,"<>",'Raw Data'!$E$2:$E$10000,"<>"),"") | H43: =IFERROR(AVERAGEIFS('Raw Data'!$J$2:$J$10000,'Raw Data'!$Q$2:$Q$10000,"No",'Raw Data'!$A$2:$A$10000,$C$1,'Raw Data'!$N$2:$N$10000,"<>",'Raw Data'!$E$2:$E$10000,"<>"),"") | I43: =IFERROR(AVERAGEIFS('Raw Data'!$K$2:$K$10000,'Raw Data'!$Q$2:$Q$10000,"No",'Raw Data'!$A$2:$A$10000,$C$1,'Raw Data'!$N$2:$N$10000,"<>",'Raw Data'!$E$2:$E$10000,"<>"),"") | J43: =IFERROR(AVERAGEIFS('Raw Data'!$L$2:$L$10000,'Raw Data'!$Q$2:$Q$10000,"No",'Raw Data'!$A$2:$A$10000,$C$1,'Raw Data'!$N$2:$N$10000,"<>",'Raw Data'!$E$2:$E$10000,"<>"),"") | K43: =IFERROR(AVERAGEIFS('Raw Data'!$R$2:$R$10000,'Raw Data'!$Q$2:$Q$10000,"No",'Raw Data'!$A$2:$A$10000,$C$1,'Raw Data'!$N$2:$N$10000,"<>",'Raw Data'!$E$2:$E$10000,"<>"),"") | L43: =IFERROR(AVERAGEIFS('Raw Data'!$S$2:$S$10000,'Raw Data'!$Q$2:$Q$10000,"No",'Raw Data'!$A$2:$A$10000,$C$1,'Raw Data'!$N$2:$N$10000,"<>",'Raw Data'!$E$2:$E$10000,"<>"),"")

Sheet City Cuts
A1: Select Date ▶ | B1: 46304 | C1: =IF($B$1="All","<>",$B$1) | D1: (pick a date or "All" from the dropdown)
A2: Select Store Type ▶ | B2: All | C2: =IF($B$2="All","<>",$B$2) | D2: (All / DH / Superstore)
A4: City level - CC MTD %: store count by band
A5: City | B5: <20% | C5: 20-40% | D5: 40-50% | E5: 50-60% | F5: 60-70% | G5: 70-85% | H5: 85-95% | I5: >=95% | J5: Total Stores | K5: Avg CC MTD %
A6: Bengaluru | B6: =COUNTIFS('Raw Data'!$Q$2:$Q$10000,"No",'Raw Data'!$A$2:$A$10000,$C$1,'Raw Data'!$N$2:$N$10000,$C$2,'Raw Data'!$E$2:$E$10000,$A6,'Raw Data'!$G$2:$G$10000,">=0",'Raw Data'!$G$2:$G$10000,"<0.2") | C6: =COUNTIFS('Raw Data'!$Q$2:$Q$10000,"No",'Raw Data'!$A$2:$A$10000,$C$1,'Raw Data'!$N$2:$N$10000,$C$2,'Raw Data'!$E$2:$E$10000,$A6,'Raw Data'!$G$2:$G$10000,">=0.2",'Raw Data'!$G$2:$G$10000,"<0.4") | D6: =COUNTIFS('Raw Data'!$Q$2:$Q$10000,"No",'Raw Data'!$A$2:$A$10000,$C$1,'Raw Data'!$N$2:$N$10000,$C$2,'Raw Data'!$E$2:$E$10000,$A6,'Raw Data'!$G$2:$G$10000,">=0.4",'Raw Data'!$G$2:$G$10000,"<0.5") | E6: =COUNTIFS('Raw Data'!$Q$2:$Q$10000,"No",'Raw Data'!$A$2:$A$10000,$C$1,'Raw Data'!$N$2:$N$10000,$C$2,'Raw Data'!$E$2:$E$10000,$A6,'Raw Data'!$G$2:$G$10000,">=0.5",'Raw Data'!$G$2:$G$10000,"<0.6") | F6: =COUNTIFS('Raw Data'!$Q$2:$Q$10000,"No",'Raw Data'!$A$2:$A$10000,$C$1,'Raw Data'!$N$2:$N$10000,$C$2,'Raw Data'!$E$2:$E$10000,$A6,'Raw Data'!$G$2:$G$10000,">=0.6",'Raw Data'!$G$2:$G$10000,"<0.7") | G6: =COUNTIFS('Raw Data'!$Q$2:$Q$10000,"No",'Raw Data'!$A$2:$A$10000,$C$1,'Raw Data'!$N$2:$N$10000,$C$2,'Raw Data'!$E$2:$E$10000,$A6,'Raw Data'!$G$2:$G$10000,">=0.7",'Raw Data'!$G$2:$G$10000,"<0.85") | H6: =COUNTIFS('Raw Data'!$Q$2:$Q$10000,"No",'Raw Data'!$A$2:$A$10000,$C$1,'Raw Data'!$N$2:$N$10000,$C$2,'Raw Data'!$E$2:$E$10000,$A6,'Raw Data'!$G$2:$G$10000,">=0.85",'Raw Data'!$G$2:$G$10000,"<0.95") | I6: =COUNTIFS('Raw Data'!$Q$2:$Q$10000,"No",'Raw Data'!$A$2:$A$10000,$C$1,'Raw Data'!$N$2:$N$10000,$C$2,'Raw Data'!$E$2:$E$10000,$A6,'Raw Data'!$G$2:$G$10000,">=0.95") | J6: =SUM(B6:I6) | K6: =IFERROR(AVERAGEIFS('Raw Data'!$G$2:$G$10000,'Raw Data'!$Q$2:$Q$10000,"No",'Raw Data'!$A$2:$A$10000,$C$1,'Raw Data'!$N$2:$N$10000,$C$2,'Raw Data'!$E$2:$E$10000,$A6),"")
A7: Kochi | B7: =COUNTIFS('Raw Data'!$Q$2:$Q$10000,"No",'Raw Data'!$A$2:$A$10000,$C$1,'Raw Data'!$N$2:$N$10000,$C$2,'Raw Data'!$E$2:$E$10000,$A7,'Raw Data'!$G$2:$G$10000,">=0",'Raw Data'!$G$2:$G$10000,"<0.2") | C7: =COUNTIFS('Raw Data'!$Q$2:$Q$10000,"No",'Raw Data'!$A$2:$A$10000,$C$1,'Raw Data'!$N$2:$N$10000,$C$2,'Raw Data'!$E$2:$E$10000,$A7,'Raw Data'!$G$2:$G$10000,">=0.2",'Raw Data'!$G$2:$G$10000,"<0.4") | D7: =COUNTIFS('Raw Data'!$Q$2:$Q$10000,"No",'Raw Data'!$A$2:$A$10000,$C$1,'Raw Data'!$N$2:$N$10000,$C$2,'Raw Data'!$E$2:$E$10000,$A7,'Raw Data'!$G$2:$G$10000,">=0.4",'Raw Data'!$G$2:$G$10000,"<0.5") | E7: =COUNTIFS('Raw Data'!$Q$2:$Q$10000,"No",'Raw Data'!$A$2:$A$10000,$C$1,'Raw Data'!$N$2:$N$10000,$C$2,'Raw Data'!$E$2:$E$10000,$A7,'Raw Data'!$G$2:$G$10000,">=0.5",'Raw Data'!$G$2:$G$10000,"<0.6") | F7: =COUNTIFS('Raw Data'!$Q$2:$Q$10000,"No",'Raw Data'!$A$2:$A$10000,$C$1,'Raw Data'!$N$2:$N$10000,$C$2,'Raw Data'!$E$2:$E$10000,$A7,'Raw Data'!$G$2:$G$10000,">=0.6",'Raw Data'!$G$2:$G$10000,"<0.7") | G7: =COUNTIFS('Raw Data'!$Q$2:$Q$10000,"No",'Raw Data'!$A$2:$A$10000,$C$1,'Raw Data'!$N$2:$N$10000,$C$2,'Raw Data'!$E$2:$E$10000,$A7,'Raw Data'!$G$2:$G$10000,">=0.7",'Raw Data'!$G$2:$G$10000,"<0.85") | H7: =COUNTIFS('Raw Data'!$Q$2:$Q$10000,"No",'Raw Data'!$A$2:$A$10000,$C$1,'Raw Data'!$N$2:$N$10000,$C$2,'Raw Data'!$E$2:$E$10000,$A7,'Raw Data'!$G$2:$G$10000,">=0.85",'Raw Data'!$G$2:$G$10000,"<0.95") | I7: =COUNTIFS('Raw Data'!$Q$2:$Q$10000,"No",'Raw Data'!$A$2:$A$10000,$C$1,'Raw Data'!$N$2:$N$10000,$C$2,'Raw Data'!$E$2:$E$10000,$A7,'Raw Data'!$G$2:$G$10000,">=0.95") | J7: =SUM(B7:I7) | K7: =IFERROR(AVERAGEIFS('Raw Data'!$G$2:$G$10000,'Raw Data'!$Q$2:$Q$10000,"No",'Raw Data'!$A$2:$A$10000,$C$1,'Raw Data'!$N$2:$N$10000,$C$2,'Raw Data'!$E$2:$E$10000,$A7),"")
A8: Coimbatore | B8: =COUNTIFS('Raw Data'!$Q$2:$Q$10000,"No",'Raw Data'!$A$2:$A$10000,$C$1,'Raw Data'!$N$2:$N$10000,$C$2,'Raw Data'!$E$2:$E$10000,$A8,'Raw Data'!$G$2:$G$10000,">=0",'Raw Data'!$G$2:$G$10000,"<0.2") | C8: =COUNTIFS('Raw Data'!$Q$2:$Q$10000,"No",'Raw Data'!$A$2:$A$10000,$C$1,'Raw Data'!$N$2:$N$10000,$C$2,'Raw Data'!$E$2:$E$10000,$A8,'Raw Data'!$G$2:$G$10000,">=0.2",'Raw Data'!$G$2:$G$10000,"<0.4") | D8: =COUNTIFS('Raw Data'!$Q$2:$Q$10000,"No",'Raw Data'!$A$2:$A$10000,$C$1,'Raw Data'!$N$2:$N$10000,$C$2,'Raw Data'!$E$2:$E$10000,$A8,'Raw Data'!$G$2:$G$10000,">=0.4",'Raw Data'!$G$2:$G$10000,"<0.5") | E8: =COUNTIFS('Raw Data'!$Q$2:$Q$10000,"No",'Raw Data'!$A$2:$A$10000,$C$1,'Raw Data'!$N$2:$N$10000,$C$2,'Raw Data'!$E$2:$E$10000,$A8,'Raw Data'!$G$2:$G$10000,">=0.5",'Raw Data'!$G$2:$G$10000,"<0.6") | F8: =COUNTIFS('Raw Data'!$Q$2:$Q$10000,"No",'Raw Data'!$A$2:$A$10000,$C$1,'Raw Data'!$N$2:$N$10000,$C$2,'Raw Data'!$E$2:$E$10000,$A8,'Raw Data'!$G$2:$G$10000,">=0.6",'Raw Data'!$G$2:$G$10000,"<0.7") | G8: =COUNTIFS('Raw Data'!$Q$2:$Q$10000,"No",'Raw Data'!$A$2:$A$10000,$C$1,'Raw Data'!$N$2:$N$10000,$C$2,'Raw Data'!$E$2:$E$10000,$A8,'Raw Data'!$G$2:$G$10000,">=0.7",'Raw Data'!$G$2:$G$10000,"<0.85") | H8: =COUNTIFS('Raw Data'!$Q$2:$Q$10000,"No",'Raw Data'!$A$2:$A$10000,$C$1,'Raw Data'!$N$2:$N$10000,$C$2,'Raw Data'!$E$2:$E$10000,$A8,'Raw Data'!$G$2:$G$10000,">=0.85",'Raw Data'!$G$2:$G$10000,"<0.95") | I8: =COUNTIFS('Raw Data'!$Q$2:$Q$10000,"No",'Raw Data'!$A$2:$A$10000,$C$1,'Raw Data'!$N$2:$N$10000,$C$2,'Raw Data'!$E$2:$E$10000,$A8,'Raw Data'!$G$2:$G$10000,">=0.95") | J8: =SUM(B8:I8) | K8: =IFERROR(AVERAGEIFS('Raw Data'!$G$2:$G$10000,'Raw Data'!$Q$2:$Q$10000,"No",'Raw Data'!$A$2:$A$10000,$C$1,'Raw Data'!$N$2:$N$10000,$C$2,'Raw Data'!$E$2:$E$10000,$A8),"")
A9: Mysuru | B9: =COUNTIFS('Raw Data'!$Q$2:$Q$10000,"No",'Raw Data'!$A$2:$A$10000,$C$1,'Raw Data'!$N$2:$N$10000,$C$2,'Raw Data'!$E$2:$E$10000,$A9,'Raw Data'!$G$2:$G$10000,">=0",'Raw Data'!$G$2:$G$10000,"<0.2") | C9: =COUNTIFS('Raw Data'!$Q$2:$Q$10000,"No",'Raw Data'!$A$2:$A$10000,$C$1,'Raw Data'!$N$2:$N$10000,$C$2,'Raw Data'!$E$2:$E$10000,$A9,'Raw Data'!$G$2:$G$10000,">=0.2",'Raw Data'!$G$2:$G$10000,"<0.4") | D9: =COUNTIFS('Raw Data'!$Q$2:$Q$10000,"No",'Raw Data'!$A$2:$A$10000,$C$1,'Raw Data'!$N$2:$N$10000,$C$2,'Raw Data'!$E$2:$E$10000,$A9,'Raw Data'!$G$2:$G$10000,">=0.4",'Raw Data'!$G$2:$G$10000,"<0.5") | E9: =COUNTIFS('Raw Data'!$Q$2:$Q$10000,"No",'Raw Data'!$A$2:$A$10000,$C$1,'Raw Data'!$N$2:$N$10000,$C$2,'Raw Data'!$E$2:$E$10000,$A9,'Raw Data'!$G$2:$G$10000,">=0.5",'Raw Data'!$G$2:$G$10000,"<0.6") | F9: =COUNTIFS('Raw Data'!$Q$2:$Q$10000,"No",'Raw Data'!$A$2:$A$10000,$C$1,'Raw Data'!$N$2:$N$10000,$C$2,'Raw Data'!$E$2:$E$10000,$A9,'Raw Data'!$G$2:$G$10000,">=0.6",'Raw Data'!$G$2:$G$10000,"<0.7") | G9: =COUNTIFS('Raw Data'!$Q$2:$Q$10000,"No",'Raw Data'!$A$2:$A$10000,$C$1,'Raw Data'!$N$2:$N$10000,$C$2,'Raw Data'!$E$2:$E$10000,$A9,'Raw Data'!$G$2:$G$10000,">=0.7",'Raw Data'!$G$2:$G$10000,"<0.85") | H9: =COUNTIFS('Raw Data'!$Q$2:$Q$10000,"No",'Raw Data'!$A$2:$A$10000,$C$1,'Raw Data'!$N$2:$N$10000,$C$2,'Raw Data'!$E$2:$E$10000,$A9,'Raw Data'!$G$2:$G$10000,">=0.85",'Raw Data'!$G$2:$G$10000,"<0.95") | I9: =COUNTIFS('Raw Data'!$Q$2:$Q$10000,"No",'Raw Data'!$A$2:$A$10000,$C$1,'Raw Data'!$N$2:$N$10000,$C$2,'Raw Data'!$E$2:$E$10000,$A9,'Raw Data'!$G$2:$G$10000,">=0.95") | J9: =SUM(B9:I9) | K9: =IFERROR(AVERAGEIFS('Raw Data'!$G$2:$G$10000,'Raw Data'!$Q$2:$Q$10000,"No",'Raw Data'!$A$2:$A$10000,$C$1,'Raw Data'!$N$2:$N$10000,$C$2,'Raw Data'!$E$2:$E$10000,$A9),"")
A10: Hubballi | B10: =COUNTIFS('Raw Data'!$Q$2:$Q$10000,"No",'Raw Data'!$A$2:$A$10000,$C$1,'Raw Data'!$N$2:$N$10000,$C$2,'Raw Data'!$E$2:$E$10000,$A10,'Raw Data'!$G$2:$G$10000,">=0",'Raw Data'!$G$2:$G$10000,"<0.2") | C10: =COUNTIFS('Raw Data'!$Q$2:$Q$10000,"No",'Raw Data'!$A$2:$A$10000,$C$1,'Raw Data'!$N$2:$N$10000,$C$2,'Raw Data'!$E$2:$E$10000,$A10,'Raw Data'!$G$2:$G$10000,">=0.2",'Raw Data'!$G$2:$G$10000,"<0.4") | D10: =COUNTIFS('Raw Data'!$Q$2:$Q$10000,"No",'Raw Data'!$A$2:$A$10000,$C$1,'Raw Data'!$N$2:$N$10000,$C$2,'Raw Data'!$E$2:$E$10000,$A10,'Raw Data'!$G$2:$G$10000,">=0.4",'Raw Data'!$G$2:$G$10000,"<0.5") | E10: =COUNTIFS('Raw Data'!$Q$2:$Q$10000,"No",'Raw Data'!$A$2:$A$10000,$C$1,'Raw Data'!$N$2:$N$10000,$C$2,'Raw Data'!$E$2:$E$10000,$A10,'Raw Data'!$G$2:$G$10000,">=0.5",'Raw Data'!$G$2:$G$10000,"<0.6") | F10: =COUNTIFS('Raw Data'!$Q$2:$Q$10000,"No",'Raw Data'!$A$2:$A$10000,$C$1,'Raw Data'!$N$2:$N$10000,$C$2,'Raw Data'!$E$2:$E$10000,$A10,'Raw Data'!$G$2:$G$10000,">=0.6",'Raw Data'!$G$2:$G$10000,"<0.7") | G10: =COUNTIFS('Raw Data'!$Q$2:$Q$10000,"No",'Raw Data'!$A$2:$A$10000,$C$1,'Raw Data'!$N$2:$N$10000,$C$2,'Raw Data'!$E$2:$E$10000,$A10,'Raw Data'!$G$2:$G$10000,">=0.7",'Raw Data'!$G$2:$G$10000,"<0.85") | H10: =COUNTIFS('Raw Data'!$Q$2:$Q$10000,"No",'Raw Data'!$A$2:$A$10000,$C$1,'Raw Data'!$N$2:$N$10000,$C$2,'Raw Data'!$E$2:$E$10000,$A10,'Raw Data'!$G$2:$G$10000,">=0.85",'Raw Data'!$G$2:$G$10000,"<0.95") | I10: =COUNTIFS('Raw Data'!$Q$2:$Q$10000,"No",'Raw Data'!$A$2:$A$10000,$C$1,'Raw Data'!$N$2:$N$10000,$C$2,'Raw Data'!$E$2:$E$10000,$A10,'Raw Data'!$G$2:$G$10000,">=0.95") | J10: =SUM(B10:I10) | K10: =IFERROR(AVERAGEIFS('Raw Data'!$G$2:$G$10000,'Raw Data'!$Q$2:$Q$10000,"No",'Raw Data'!$A$2:$A$10000,$C$1,'Raw Data'!$N$2:$N$10000,$C$2,'Raw Data'!$E$2:$E$10000,$A10),"")
A11: Palakkad | B11: =COUNTIFS('Raw Data'!$Q$2:$Q$10000,"No",'Raw Data'!$A$2:$A$10000,$C$1,'Raw Data'!$N$2:$N$10000,$C$2,'Raw Data'!$E$2:$E$10000,$A11,'Raw Data'!$G$2:$G$10000,">=0",'Raw Data'!$G$2:$G$10000,"<0.2") | C11: =COUNTIFS('Raw Data'!$Q$2:$Q$10000,"No",'Raw Data'!$A$2:$A$10000,$C$1,'Raw Data'!$N$2:$N$10000,$C$2,'Raw Data'!$E$2:$E$10000,$A11,'Raw Data'!$G$2:$G$10000,">=0.2",'Raw Data'!$G$2:$G$10000,"<0.4") | D11: =COUNTIFS('Raw Data'!$Q$2:$Q$10000,"No",'Raw Data'!$A$2:$A$10000,$C$1,'Raw Data'!$N$2:$N$10000,$C$2,'Raw Data'!$E$2:$E$10000,$A11,'Raw Data'!$G$2:$G$10000,">=0.4",'Raw Data'!$G$2:$G$10000,"<0.5") | E11: =COUNTIFS('Raw Data'!$Q$2:$Q$10000,"No",'Raw Data'!$A$2:$A$10000,$C$1,'Raw Data'!$N$2:$N$10000,$C$2,'Raw Data'!$E$2:$E$10000,$A11,'Raw Data'!$G$2:$G$10000,">=0.5",'Raw Data'!$G$2:$G$10000,"<0.6") | F11: =COUNTIFS('Raw Data'!$Q$2:$Q$10000,"No",'Raw Data'!$A$2:$A$10000,$C$1,'Raw Data'!$N$2:$N$10000,$C$2,'Raw Data'!$E$2:$E$10000,$A11,'Raw Data'!$G$2:$G$10000,">=0.6",'Raw Data'!$G$2:$G$10000,"<0.7") | G11: =COUNTIFS('Raw Data'!$Q$2:$Q$10000,"No",'Raw Data'!$A$2:$A$10000,$C$1,'Raw Data'!$N$2:$N$10000,$C$2,'Raw Data'!$E$2:$E$10000,$A11,'Raw Data'!$G$2:$G$10000,">=0.7",'Raw Data'!$G$2:$G$10000,"<0.85") | H11: =COUNTIFS('Raw Data'!$Q$2:$Q$10000,"No",'Raw Data'!$A$2:$A$10000,$C$1,'Raw Data'!$N$2:$N$10000,$C$2,'Raw Data'!$E$2:$E$10000,$A11,'Raw Data'!$G$2:$G$10000,">=0.85",'Raw Data'!$G$2:$G$10000,"<0.95") | I11: =COUNTIFS('Raw Data'!$Q$2:$Q$10000,"No",'Raw Data'!$A$2:$A$10000,$C$1,'Raw Data'!$N$2:$N$10000,$C$2,'Raw Data'!$E$2:$E$10000,$A11,'Raw Data'!$G$2:$G$10000,">=0.95") | J11: =SUM(B11:I11) | K11: =IFERROR(AVERAGEIFS('Raw Data'!$G$2:$G$10000,'Raw Data'!$Q$2:$Q$10000,"No",'Raw Data'!$A$2:$A$10000,$C$1,'Raw Data'!$N$2:$N$10000,$C$2,'Raw Data'!$E$2:$E$10000,$A11),"")
A12: Belgavi | B12: =COUNTIFS('Raw Data'!$Q$2:$Q$10000,"No",'Raw Data'!$A$2:$A$10000,$C$1,'Raw Data'!$N$2:$N$10000,$C$2,'Raw Data'!$E$2:$E$10000,$A12,'Raw Data'!$G$2:$G$10000,">=0",'Raw Data'!$G$2:$G$10000,"<0.2") | C12: =COUNTIFS('Raw Data'!$Q$2:$Q$10000,"No",'Raw Data'!$A$2:$A$10000,$C$1,'Raw Data'!$N$2:$N$10000,$C$2,'Raw Data'!$E$2:$E$10000,$A12,'Raw Data'!$G$2:$G$10000,">=0.2",'Raw Data'!$G$2:$G$10000,"<0.4") | D12: =COUNTIFS('Raw Data'!$Q$2:$Q$10000,"No",'Raw Data'!$A$2:$A$10000,$C$1,'Raw Data'!$N$2:$N$10000,$C$2,'Raw Data'!$E$2:$E$10000,$A12,'Raw Data'!$G$2:$G$10000,">=0.4",'Raw Data'!$G$2:$G$10000,"<0.5") | E12: =COUNTIFS('Raw Data'!$Q$2:$Q$10000,"No",'Raw Data'!$A$2:$A$10000,$C$1,'Raw Data'!$N$2:$N$10000,$C$2,'Raw Data'!$E$2:$E$10000,$A12,'Raw Data'!$G$2:$G$10000,">=0.5",'Raw Data'!$G$2:$G$10000,"<0.6") | F12: =COUNTIFS('Raw Data'!$Q$2:$Q$10000,"No",'Raw Data'!$A$2:$A$10000,$C$1,'Raw Data'!$N$2:$N$10000,$C$2,'Raw Data'!$E$2:$E$10000,$A12,'Raw Data'!$G$2:$G$10000,">=0.6",'Raw Data'!$G$2:$G$10000,"<0.7") | G12: =COUNTIFS('Raw Data'!$Q$2:$Q$10000,"No",'Raw Data'!$A$2:$A$10000,$C$1,'Raw Data'!$N$2:$N$10000,$C$2,'Raw Data'!$E$2:$E$10000,$A12,'Raw Data'!$G$2:$G$10000,">=0.7",'Raw Data'!$G$2:$G$10000,"<0.85") | H12: =COUNTIFS('Raw Data'!$Q$2:$Q$10000,"No",'Raw Data'!$A$2:$A$10000,$C$1,'Raw Data'!$N$2:$N$10000,$C$2,'Raw Data'!$E$2:$E$10000,$A12,'Raw Data'!$G$2:$G$10000,">=0.85",'Raw Data'!$G$2:$G$10000,"<0.95") | I12: =COUNTIFS('Raw Data'!$Q$2:$Q$10000,"No",'Raw Data'!$A$2:$A$10000,$C$1,'Raw Data'!$N$2:$N$10000,$C$2,'Raw Data'!$E$2:$E$10000,$A12,'Raw Data'!$G$2:$G$10000,">=0.95") | J12: =SUM(B12:I12) | K12: =IFERROR(AVERAGEIFS('Raw Data'!$G$2:$G$10000,'Raw Data'!$Q$2:$Q$10000,"No",'Raw Data'!$A$2:$A$10000,$C$1,'Raw Data'!$N$2:$N$10000,$C$2,'Raw Data'!$E$2:$E$10000,$A12),"")
A13: Davanagere | B13: =COUNTIFS('Raw Data'!$Q$2:$Q$10000,"No",'Raw Data'!$A$2:$A$10000,$C$1,'Raw Data'!$N$2:$N$10000,$C$2,'Raw Data'!$E$2:$E$10000,$A13,'Raw Data'!$G$2:$G$10000,">=0",'Raw Data'!$G$2:$G$10000,"<0.2") | C13: =COUNTIFS('Raw Data'!$Q$2:$Q$10000,"No",'Raw Data'!$A$2:$A$10000,$C$1,'Raw Data'!$N$2:$N$10000,$C$2,'Raw Data'!$E$2:$E$10000,$A13,'Raw Data'!$G$2:$G$10000,">=0.2",'Raw Data'!$G$2:$G$10000,"<0.4") | D13: =COUNTIFS('Raw Data'!$Q$2:$Q$10000,"No",'Raw Data'!$A$2:$A$10000,$C$1,'Raw Data'!$N$2:$N$10000,$C$2,'Raw Data'!$E$2:$E$10000,$A13,'Raw Data'!$G$2:$G$10000,">=0.4",'Raw Data'!$G$2:$G$10000,"<0.5") | E13: =COUNTIFS('Raw Data'!$Q$2:$Q$10000,"No",'Raw Data'!$A$2:$A$10000,$C$1,'Raw Data'!$N$2:$N$10000,$C$2,'Raw Data'!$E$2:$E$10000,$A13,'Raw Data'!$G$2:$G$10000,">=0.5",'Raw Data'!$G$2:$G$10000,"<0.6") | F13: =COUNTIFS('Raw Data'!$Q$2:$Q$10000,"No",'Raw Data'!$A$2:$A$10000,$C$1,'Raw Data'!$N$2:$N$10000,$C$2,'Raw Data'!$E$2:$E$10000,$A13,'Raw Data'!$G$2:$G$10000,">=0.6",'Raw Data'!$G$2:$G$10000,"<0.7") | G13: =COUNTIFS('Raw Data'!$Q$2:$Q$10000,"No",'Raw Data'!$A$2:$A$10000,$C$1,'Raw Data'!$N$2:$N$10000,$C$2,'Raw Data'!$E$2:$E$10000,$A13,'Raw Data'!$G$2:$G$10000,">=0.7",'Raw Data'!$G$2:$G$10000,"<0.85") | H13: =COUNTIFS('Raw Data'!$Q$2:$Q$10000,"No",'Raw Data'!$A$2:$A$10000,$C$1,'Raw Data'!$N$2:$N$10000,$C$2,'Raw Data'!$E$2:$E$10000,$A13,'Raw Data'!$G$2:$G$10000,">=0.85",'Raw Data'!$G$2:$G$10000,"<0.95") | I13: =COUNTIFS('Raw Data'!$Q$2:$Q$10000,"No",'Raw Data'!$A$2:$A$10000,$C$1,'Raw Data'!$N$2:$N$10000,$C$2,'Raw Data'!$E$2:$E$10000,$A13,'Raw Data'!$G$2:$G$10000,">=0.95") | J13: =SUM(B13:I13) | K13: =IFERROR(AVERAGEIFS('Raw Data'!$G$2:$G$10000,'Raw Data'!$Q$2:$Q$10000,"No",'Raw Data'!$A$2:$A$10000,$C$1,'Raw Data'!$N$2:$N$10000,$C$2,'Raw Data'!$E$2:$E$10000,$A13),"")
A14: Hosur | B14: =COUNTIFS('Raw Data'!$Q$2:$Q$10000,"No",'Raw Data'!$A$2:$A$10000,$C$1,'Raw Data'!$N$2:$N$10000,$C$2,'Raw Data'!$E$2:$E$10000,$A14,'Raw Data'!$G$2:$G$10000,">=0",'Raw Data'!$G$2:$G$10000,"<0.2") | C14: =COUNTIFS('Raw Data'!$Q$2:$Q$10000,"No",'Raw Data'!$A$2:$A$10000,$C$1,'Raw Data'!$N$2:$N$10000,$C$2,'Raw Data'!$E$2:$E$10000,$A14,'Raw Data'!$G$2:$G$10000,">=0.2",'Raw Data'!$G$2:$G$10000,"<0.4") | D14: =COUNTIFS('Raw Data'!$Q$2:$Q$10000,"No",'Raw Data'!$A$2:$A$10000,$C$1,'Raw Data'!$N$2:$N$10000,$C$2,'Raw Data'!$E$2:$E$10000,$A14,'Raw Data'!$G$2:$G$10000,">=0.4",'Raw Data'!$G$2:$G$10000,"<0.5") | E14: =COUNTIFS('Raw Data'!$Q$2:$Q$10000,"No",'Raw Data'!$A$2:$A$10000,$C$1,'Raw Data'!$N$2:$N$10000,$C$2,'Raw Data'!$E$2:$E$10000,$A14,'Raw Data'!$G$2:$G$10000,">=0.5",'Raw Data'!$G$2:$G$10000,"<0.6") | F14: =COUNTIFS('Raw Data'!$Q$2:$Q$10000,"No",'Raw Data'!$A$2:$A$10000,$C$1,'Raw Data'!$N$2:$N$10000,$C$2,'Raw Data'!$E$2:$E$10000,$A14,'Raw Data'!$G$2:$G$10000,">=0.6",'Raw Data'!$G$2:$G$10000,"<0.7") | G14: =COUNTIFS('Raw Data'!$Q$2:$Q$10000,"No",'Raw Data'!$A$2:$A$10000,$C$1,'Raw Data'!$N$2:$N$10000,$C$2,'Raw Data'!$E$2:$E$10000,$A14,'Raw Data'!$G$2:$G$10000,">=0.7",'Raw Data'!$G$2:$G$10000,"<0.85") | H14: =COUNTIFS('Raw Data'!$Q$2:$Q$10000,"No",'Raw Data'!$A$2:$A$10000,$C$1,'Raw Data'!$N$2:$N$10000,$C$2,'Raw Data'!$E$2:$E$10000,$A14,'Raw Data'!$G$2:$G$10000,">=0.85",'Raw Data'!$G$2:$G$10000,"<0.95") | I14: =COUNTIFS('Raw Data'!$Q$2:$Q$10000,"No",'Raw Data'!$A$2:$A$10000,$C$1,'Raw Data'!$N$2:$N$10000,$C$2,'Raw Data'!$E$2:$E$10000,$A14,'Raw Data'!$G$2:$G$10000,">=0.95") | J14: =SUM(B14:I14) | K14: =IFERROR(AVERAGEIFS('Raw Data'!$G$2:$G$10000,'Raw Data'!$Q$2:$Q$10000,"No",'Raw Data'!$A$2:$A$10000,$C$1,'Raw Data'!$N$2:$N$10000,$C$2,'Raw Data'!$E$2:$E$10000,$A14),"")
A15: Tumkuru | B15: =COUNTIFS('Raw Data'!$Q$2:$Q$10000,"No",'Raw Data'!$A$2:$A$10000,$C$1,'Raw Data'!$N$2:$N$10000,$C$2,'Raw Data'!$E$2:$E$10000,$A15,'Raw Data'!$G$2:$G$10000,">=0",'Raw Data'!$G$2:$G$10000,"<0.2") | C15: =COUNTIFS('Raw Data'!$Q$2:$Q$10000,"No",'Raw Data'!$A$2:$A$10000,$C$1,'Raw Data'!$N$2:$N$10000,$C$2,'Raw Data'!$E$2:$E$10000,$A15,'Raw Data'!$G$2:$G$10000,">=0.2",'Raw Data'!$G$2:$G$10000,"<0.4") | D15: =COUNTIFS('Raw Data'!$Q$2:$Q$10000,"No",'Raw Data'!$A$2:$A$10000,$C$1,'Raw Data'!$N$2:$N$10000,$C$2,'Raw Data'!$E$2:$E$10000,$A15,'Raw Data'!$G$2:$G$10000,">=0.4",'Raw Data'!$G$2:$G$10000,"<0.5") | E15: =COUNTIFS('Raw Data'!$Q$2:$Q$10000,"No",'Raw Data'!$A$2:$A$10000,$C$1,'Raw Data'!$N$2:$N$10000,$C$2,'Raw Data'!$E$2:$E$10000,$A15,'Raw Data'!$G$2:$G$10000,">=0.5",'Raw Data'!$G$2:$G$10000,"<0.6") | F15: =COUNTIFS('Raw Data'!$Q$2:$Q$10000,"No",'Raw Data'!$A$2:$A$10000,$C$1,'Raw Data'!$N$2:$N$10000,$C$2,'Raw Data'!$E$2:$E$10000,$A15,'Raw Data'!$G$2:$G$10000,">=0.6",'Raw Data'!$G$2:$G$10000,"<0.7") | G15: =COUNTIFS('Raw Data'!$Q$2:$Q$10000,"No",'Raw Data'!$A$2:$A$10000,$C$1,'Raw Data'!$N$2:$N$10000,$C$2,'Raw Data'!$E$2:$E$10000,$A15,'Raw Data'!$G$2:$G$10000,">=0.7",'Raw Data'!$G$2:$G$10000,"<0.85") | H15: =COUNTIFS('Raw Data'!$Q$2:$Q$10000,"No",'Raw Data'!$A$2:$A$10000,$C$1,'Raw Data'!$N$2:$N$10000,$C$2,'Raw Data'!$E$2:$E$10000,$A15,'Raw Data'!$G$2:$G$10000,">=0.85",'Raw Data'!$G$2:$G$10000,"<0.95") | I15: =COUNTIFS('Raw Data'!$Q$2:$Q$10000,"No",'Raw Data'!$A$2:$A$10000,$C$1,'Raw Data'!$N$2:$N$10000,$C$2,'Raw Data'!$E$2:$E$10000,$A15,'Raw Data'!$G$2:$G$10000,">=0.95") | J15: =SUM(B15:I15) | K15: =IFERROR(AVERAGEIFS('Raw Data'!$G$2:$G$10000,'Raw Data'!$Q$2:$Q$10000,"No",'Raw Data'!$A$2:$A$10000,$C$1,'Raw Data'!$N$2:$N$10000,$C$2,'Raw Data'!$E$2:$E$10000,$A15),"")
A16: Grand Total | B16: =COUNTIFS('Raw Data'!$Q$2:$Q$10000,"No",'Raw Data'!$A$2:$A$10000,$C$1,'Raw Data'!$N$2:$N$10000,$C$2,'Raw Data'!$E$2:$E$10000,"<>",'Raw Data'!$G$2:$G$10000,">=0",'Raw Data'!$G$2:$G$10000,"<0.2") | C16: =COUNTIFS('Raw Data'!$Q$2:$Q$10000,"No",'Raw Data'!$A$2:$A$10000,$C$1,'Raw Data'!$N$2:$N$10000,$C$2,'Raw Data'!$E$2:$E$10000,"<>",'Raw Data'!$G$2:$G$10000,">=0.2",'Raw Data'!$G$2:$G$10000,"<0.4") | D16: =COUNTIFS('Raw Data'!$Q$2:$Q$10000,"No",'Raw Data'!$A$2:$A$10000,$C$1,'Raw Data'!$N$2:$N$10000,$C$2,'Raw Data'!$E$2:$E$10000,"<>",'Raw Data'!$G$2:$G$10000,">=0.4",'Raw Data'!$G$2:$G$10000,"<0.5") | E16: =COUNTIFS('Raw Data'!$Q$2:$Q$10000,"No",'Raw Data'!$A$2:$A$10000,$C$1,'Raw Data'!$N$2:$N$10000,$C$2,'Raw Data'!$E$2:$E$10000,"<>",'Raw Data'!$G$2:$G$10000,">=0.5",'Raw Data'!$G$2:$G$10000,"<0.6") | F16: =COUNTIFS('Raw Data'!$Q$2:$Q$10000,"No",'Raw Data'!$A$2:$A$10000,$C$1,'Raw Data'!$N$2:$N$10000,$C$2,'Raw Data'!$E$2:$E$10000,"<>",'Raw Data'!$G$2:$G$10000,">=0.6",'Raw Data'!$G$2:$G$10000,"<0.7") | G16: =COUNTIFS('Raw Data'!$Q$2:$Q$10000,"No",'Raw Data'!$A$2:$A$10000,$C$1,'Raw Data'!$N$2:$N$10000,$C$2,'Raw Data'!$E$2:$E$10000,"<>",'Raw Data'!$G$2:$G$10000,">=0.7",'Raw Data'!$G$2:$G$10000,"<0.85") | H16: =COUNTIFS('Raw Data'!$Q$2:$Q$10000,"No",'Raw Data'!$A$2:$A$10000,$C$1,'Raw Data'!$N$2:$N$10000,$C$2,'Raw Data'!$E$2:$E$10000,"<>",'Raw Data'!$G$2:$G$10000,">=0.85",'Raw Data'!$G$2:$G$10000,"<0.95") | I16: =COUNTIFS('Raw Data'!$Q$2:$Q$10000,"No",'Raw Data'!$A$2:$A$10000,$C$1,'Raw Data'!$N$2:$N$10000,$C$2,'Raw Data'!$E$2:$E$10000,"<>",'Raw Data'!$G$2:$G$10000,">=0.95") | J16: =SUM(B16:I16) | K16: =IFERROR(AVERAGEIFS('Raw Data'!$G$2:$G$10000,'Raw Data'!$Q$2:$Q$10000,"No",'Raw Data'!$A$2:$A$10000,$C$1,'Raw Data'!$N$2:$N$10000,$C$2,'Raw Data'!$E$2:$E$10000,"<>"),"")
A18: City level - Inv Health: store count by band
A19: City | B19: <20% | C19: 20-40% | D19: 40-50% | E19: 50-60% | F19: 60-70% | G19: 70-85% | H19: 85-95% | I19: >=95% | J19: Total Stores | K19: Avg Inv Health
A20: Bengaluru | B20: =COUNTIFS('Raw Data'!$Q$2:$Q$10000,"No",'Raw Data'!$A$2:$A$10000,$C$1,'Raw Data'!$N$2:$N$10000,$C$2,'Raw Data'!$E$2:$E$10000,$A20,'Raw Data'!$L$2:$L$10000,">=0",'Raw Data'!$L$2:$L$10000,"<0.2") | C20: =COUNTIFS('Raw Data'!$Q$2:$Q$10000,"No",'Raw Data'!$A$2:$A$10000,$C$1,'Raw Data'!$N$2:$N$10000,$C$2,'Raw Data'!$E$2:$E$10000,$A20,'Raw Data'!$L$2:$L$10000,">=0.2",'Raw Data'!$L$2:$L$10000,"<0.4") | D20: =COUNTIFS('Raw Data'!$Q$2:$Q$10000,"No",'Raw Data'!$A$2:$A$10000,$C$1,'Raw Data'!$N$2:$N$10000,$C$2,'Raw Data'!$E$2:$E$10000,$A20,'Raw Data'!$L$2:$L$10000,">=0.4",'Raw Data'!$L$2:$L$10000,"<0.5") | E20: =COUNTIFS('Raw Data'!$Q$2:$Q$10000,"No",'Raw Data'!$A$2:$A$10000,$C$1,'Raw Data'!$N$2:$N$10000,$C$2,'Raw Data'!$E$2:$E$10000,$A20,'Raw Data'!$L$2:$L$10000,">=0.5",'Raw Data'!$L$2:$L$10000,"<0.6") | F20: =COUNTIFS('Raw Data'!$Q$2:$Q$10000,"No",'Raw Data'!$A$2:$A$10000,$C$1,'Raw Data'!$N$2:$N$10000,$C$2,'Raw Data'!$E$2:$E$10000,$A20,'Raw Data'!$L$2:$L$10000,">=0.6",'Raw Data'!$L$2:$L$10000,"<0.7") | G20: =COUNTIFS('Raw Data'!$Q$2:$Q$10000,"No",'Raw Data'!$A$2:$A$10000,$C$1,'Raw Data'!$N$2:$N$10000,$C$2,'Raw Data'!$E$2:$E$10000,$A20,'Raw Data'!$L$2:$L$10000,">=0.7",'Raw Data'!$L$2:$L$10000,"<0.85") | H20: =COUNTIFS('Raw Data'!$Q$2:$Q$10000,"No",'Raw Data'!$A$2:$A$10000,$C$1,'Raw Data'!$N$2:$N$10000,$C$2,'Raw Data'!$E$2:$E$10000,$A20,'Raw Data'!$L$2:$L$10000,">=0.85",'Raw Data'!$L$2:$L$10000,"<0.95") | I20: =COUNTIFS('Raw Data'!$Q$2:$Q$10000,"No",'Raw Data'!$A$2:$A$10000,$C$1,'Raw Data'!$N$2:$N$10000,$C$2,'Raw Data'!$E$2:$E$10000,$A20,'Raw Data'!$L$2:$L$10000,">=0.95") | J20: =SUM(B20:I20) | K20: =IFERROR(AVERAGEIFS('Raw Data'!$L$2:$L$10000,'Raw Data'!$Q$2:$Q$10000,"No",'Raw Data'!$A$2:$A$10000,$C$1,'Raw Data'!$N$2:$N$10000,$C$2,'Raw Data'!$E$2:$E$10000,$A20),"")
A21: Kochi | B21: =COUNTIFS('Raw Data'!$Q$2:$Q$10000,"No",'Raw Data'!$A$2:$A$10000,$C$1,'Raw Data'!$N$2:$N$10000,$C$2,'Raw Data'!$E$2:$E$10000,$A21,'Raw Data'!$L$2:$L$10000,">=0",'Raw Data'!$L$2:$L$10000,"<0.2") | C21: =COUNTIFS('Raw Data'!$Q$2:$Q$10000,"No",'Raw Data'!$A$2:$A$10000,$C$1,'Raw Data'!$N$2:$N$10000,$C$2,'Raw Data'!$E$2:$E$10000,$A21,'Raw Data'!$L$2:$L$10000,">=0.2",'Raw Data'!$L$2:$L$10000,"<0.4") | D21: =COUNTIFS('Raw Data'!$Q$2:$Q$10000,"No",'Raw Data'!$A$2:$A$10000,$C$1,'Raw Data'!$N$2:$N$10000,$C$2,'Raw Data'!$E$2:$E$10000,$A21,'Raw Data'!$L$2:$L$10000,">=0.4",'Raw Data'!$L$2:$L$10000,"<0.5") | E21: =COUNTIFS('Raw Data'!$Q$2:$Q$10000,"No",'Raw Data'!$A$2:$A$10000,$C$1,'Raw Data'!$N$2:$N$10000,$C$2,'Raw Data'!$E$2:$E$10000,$A21,'Raw Data'!$L$2:$L$10000,">=0.5",'Raw Data'!$L$2:$L$10000,"<0.6") | F21: =COUNTIFS('Raw Data'!$Q$2:$Q$10000,"No",'Raw Data'!$A$2:$A$10000,$C$1,'Raw Data'!$N$2:$N$10000,$C$2,'Raw Data'!$E$2:$E$10000,$A21,'Raw Data'!$L$2:$L$10000,">=0.6",'Raw Data'!$L$2:$L$10000,"<0.7") | G21: =COUNTIFS('Raw Data'!$Q$2:$Q$10000,"No",'Raw Data'!$A$2:$A$10000,$C$1,'Raw Data'!$N$2:$N$10000,$C$2,'Raw Data'!$E$2:$E$10000,$A21,'Raw Data'!$L$2:$L$10000,">=0.7",'Raw Data'!$L$2:$L$10000,"<0.85") | H21: =COUNTIFS('Raw Data'!$Q$2:$Q$10000,"No",'Raw Data'!$A$2:$A$10000,$C$1,'Raw Data'!$N$2:$N$10000,$C$2,'Raw Data'!$E$2:$E$10000,$A21,'Raw Data'!$L$2:$L$10000,">=0.85",'Raw Data'!$L$2:$L$10000,"<0.95") | I21: =COUNTIFS('Raw Data'!$Q$2:$Q$10000,"No",'Raw Data'!$A$2:$A$10000,$C$1,'Raw Data'!$N$2:$N$10000,$C$2,'Raw Data'!$E$2:$E$10000,$A21,'Raw Data'!$L$2:$L$10000,">=0.95") | J21: =SUM(B21:I21) | K21: =IFERROR(AVERAGEIFS('Raw Data'!$L$2:$L$10000,'Raw Data'!$Q$2:$Q$10000,"No",'Raw Data'!$A$2:$A$10000,$C$1,'Raw Data'!$N$2:$N$10000,$C$2,'Raw Data'!$E$2:$E$10000,$A21),"")
A22: Coimbatore | B22: =COUNTIFS('Raw Data'!$Q$2:$Q$10000,"No",'Raw Data'!$A$2:$A$10000,$C$1,'Raw Data'!$N$2:$N$10000,$C$2,'Raw Data'!$E$2:$E$10000,$A22,'Raw Data'!$L$2:$L$10000,">=0",'Raw Data'!$L$2:$L$10000,"<0.2") | C22: =COUNTIFS('Raw Data'!$Q$2:$Q$10000,"No",'Raw Data'!$A$2:$A$10000,$C$1,'Raw Data'!$N$2:$N$10000,$C$2,'Raw Data'!$E$2:$E$10000,$A22,'Raw Data'!$L$2:$L$10000,">=0.2",'Raw Data'!$L$2:$L$10000,"<0.4") | D22: =COUNTIFS('Raw Data'!$Q$2:$Q$10000,"No",'Raw Data'!$A$2:$A$10000,$C$1,'Raw Data'!$N$2:$N$10000,$C$2,'Raw Data'!$E$2:$E$10000,$A22,'Raw Data'!$L$2:$L$10000,">=0.4",'Raw Data'!$L$2:$L$10000,"<0.5") | E22: =COUNTIFS('Raw Data'!$Q$2:$Q$10000,"No",'Raw Data'!$A$2:$A$10000,$C$1,'Raw Data'!$N$2:$N$10000,$C$2,'Raw Data'!$E$2:$E$10000,$A22,'Raw Data'!$L$2:$L$10000,">=0.5",'Raw Data'!$L$2:$L$10000,"<0.6") | F22: =COUNTIFS('Raw Data'!$Q$2:$Q$10000,"No",'Raw Data'!$A$2:$A$10000,$C$1,'Raw Data'!$N$2:$N$10000,$C$2,'Raw Data'!$E$2:$E$10000,$A22,'Raw Data'!$L$2:$L$10000,">=0.6",'Raw Data'!$L$2:$L$10000,"<0.7") | G22: =COUNTIFS('Raw Data'!$Q$2:$Q$10000,"No",'Raw Data'!$A$2:$A$10000,$C$1,'Raw Data'!$N$2:$N$10000,$C$2,'Raw Data'!$E$2:$E$10000,$A22,'Raw Data'!$L$2:$L$10000,">=0.7",'Raw Data'!$L$2:$L$10000,"<0.85") | H22: =COUNTIFS('Raw Data'!$Q$2:$Q$10000,"No",'Raw Data'!$A$2:$A$10000,$C$1,'Raw Data'!$N$2:$N$10000,$C$2,'Raw Data'!$E$2:$E$10000,$A22,'Raw Data'!$L$2:$L$10000,">=0.85",'Raw Data'!$L$2:$L$10000,"<0.95") | I22: =COUNTIFS('Raw Data'!$Q$2:$Q$10000,"No",'Raw Data'!$A$2:$A$10000,$C$1,'Raw Data'!$N$2:$N$10000,$C$2,'Raw Data'!$E$2:$E$10000,$A22,'Raw Data'!$L$2:$L$10000,">=0.95") | J22: =SUM(B22:I22) | K22: =IFERROR(AVERAGEIFS('Raw Data'!$L$2:$L$10000,'Raw Data'!$Q$2:$Q$10000,"No",'Raw Data'!$A$2:$A$10000,$C$1,'Raw Data'!$N$2:$N$10000,$C$2,'Raw Data'!$E$2:$E$10000,$A22),"")
A23: Mysuru | B23: =COUNTIFS('Raw Data'!$Q$2:$Q$10000,"No",'Raw Data'!$A$2:$A$10000,$C$1,'Raw Data'!$N$2:$N$10000,$C$2,'Raw Data'!$E$2:$E$10000,$A23,'Raw Data'!$L$2:$L$10000,">=0",'Raw Data'!$L$2:$L$10000,"<0.2") | C23: =COUNTIFS('Raw Data'!$Q$2:$Q$10000,"No",'Raw Data'!$A$2:$A$10000,$C$1,'Raw Data'!$N$2:$N$10000,$C$2,'Raw Data'!$E$2:$E$10000,$A23,'Raw Data'!$L$2:$L$10000,">=0.2",'Raw Data'!$L$2:$L$10000,"<0.4") | D23: =COUNTIFS('Raw Data'!$Q$2:$Q$10000,"No",'Raw Data'!$A$2:$A$10000,$C$1,'Raw Data'!$N$2:$N$10000,$C$2,'Raw Data'!$E$2:$E$10000,$A23,'Raw Data'!$L$2:$L$10000,">=0.4",'Raw Data'!$L$2:$L$10000,"<0.5") | E23: =COUNTIFS('Raw Data'!$Q$2:$Q$10000,"No",'Raw Data'!$A$2:$A$10000,$C$1,'Raw Data'!$N$2:$N$10000,$C$2,'Raw Data'!$E$2:$E$10000,$A23,'Raw Data'!$L$2:$L$10000,">=0.5",'Raw Data'!$L$2:$L$10000,"<0.6") | F23: =COUNTIFS('Raw Data'!$Q$2:$Q$10000,"No",'Raw Data'!$A$2:$A$10000,$C$1,'Raw Data'!$N$2:$N$10000,$C$2,'Raw Data'!$E$2:$E$10000,$A23,'Raw Data'!$L$2:$L$10000,">=0.6",'Raw Data'!$L$2:$L$10000,"<0.7") | G23: =COUNTIFS('Raw Data'!$Q$2:$Q$10000,"No",'Raw Data'!$A$2:$A$10000,$C$1,'Raw Data'!$N$2:$N$10000,$C$2,'Raw Data'!$E$2:$E$10000,$A23,'Raw Data'!$L$2:$L$10000,">=0.7",'Raw Data'!$L$2:$L$10000,"<0.85") | H23: =COUNTIFS('Raw Data'!$Q$2:$Q$10000,"No",'Raw Data'!$A$2:$A$10000,$C$1,'Raw Data'!$N$2:$N$10000,$C$2,'Raw Data'!$E$2:$E$10000,$A23,'Raw Data'!$L$2:$L$10000,">=0.85",'Raw Data'!$L$2:$L$10000,"<0.95") | I23: =COUNTIFS('Raw Data'!$Q$2:$Q$10000,"No",'Raw Data'!$A$2:$A$10000,$C$1,'Raw Data'!$N$2:$N$10000,$C$2,'Raw Data'!$E$2:$E$10000,$A23,'Raw Data'!$L$2:$L$10000,">=0.95") | J23: =SUM(B23:I23) | K23: =IFERROR(AVERAGEIFS('Raw Data'!$L$2:$L$10000,'Raw Data'!$Q$2:$Q$10000,"No",'Raw Data'!$A$2:$A$10000,$C$1,'Raw Data'!$N$2:$N$10000,$C$2,'Raw Data'!$E$2:$E$10000,$A23),"")
A24: Hubballi | B24: =COUNTIFS('Raw Data'!$Q$2:$Q$10000,"No",'Raw Data'!$A$2:$A$10000,$C$1,'Raw Data'!$N$2:$N$10000,$C$2,'Raw Data'!$E$2:$E$10000,$A24,'Raw Data'!$L$2:$L$10000,">=0",'Raw Data'!$L$2:$L$10000,"<0.2") | C24: =COUNTIFS('Raw Data'!$Q$2:$Q$10000,"No",'Raw Data'!$A$2:$A$10000,$C$1,'Raw Data'!$N$2:$N$10000,$C$2,'Raw Data'!$E$2:$E$10000,$A24,'Raw Data'!$L$2:$L$10000,">=0.2",'Raw Data'!$L$2:$L$10000,"<0.4") | D24: =COUNTIFS('Raw Data'!$Q$2:$Q$10000,"No",'Raw Data'!$A$2:$A$10000,$C$1,'Raw Data'!$N$2:$N$10000,$C$2,'Raw Data'!$E$2:$E$10000,$A24,'Raw Data'!$L$2:$L$10000,">=0.4",'Raw Data'!$L$2:$L$10000,"<0.5") | E24: =COUNTIFS('Raw Data'!$Q$2:$Q$10000,"No",'Raw Data'!$A$2:$A$10000,$C$1,'Raw Data'!$N$2:$N$10000,$C$2,'Raw Data'!$E$2:$E$10000,$A24,'Raw Data'!$L$2:$L$10000,">=0.5",'Raw Data'!$L$2:$L$10000,"<0.6") | F24: =COUNTIFS('Raw Data'!$Q$2:$Q$10000,"No",'Raw Data'!$A$2:$A$10000,$C$1,'Raw Data'!$N$2:$N$10000,$C$2,'Raw Data'!$E$2:$E$10000,$A24,'Raw Data'!$L$2:$L$10000,">=0.6",'Raw Data'!$L$2:$L$10000,"<0.7") | G24: =COUNTIFS('Raw Data'!$Q$2:$Q$10000,"No",'Raw Data'!$A$2:$A$10000,$C$1,'Raw Data'!$N$2:$N$10000,$C$2,'Raw Data'!$E$2:$E$10000,$A24,'Raw Data'!$L$2:$L$10000,">=0.7",'Raw Data'!$L$2:$L$10000,"<0.85") | H24: =COUNTIFS('Raw Data'!$Q$2:$Q$10000,"No",'Raw Data'!$A$2:$A$10000,$C$1,'Raw Data'!$N$2:$N$10000,$C$2,'Raw Data'!$E$2:$E$10000,$A24,'Raw Data'!$L$2:$L$10000,">=0.85",'Raw Data'!$L$2:$L$10000,"<0.95") | I24: =COUNTIFS('Raw Data'!$Q$2:$Q$10000,"No",'Raw Data'!$A$2:$A$10000,$C$1,'Raw Data'!$N$2:$N$10000,$C$2,'Raw Data'!$E$2:$E$10000,$A24,'Raw Data'!$L$2:$L$10000,">=0.95") | J24: =SUM(B24:I24) | K24: =IFERROR(AVERAGEIFS('Raw Data'!$L$2:$L$10000,'Raw Data'!$Q$2:$Q$10000,"No",'Raw Data'!$A$2:$A$10000,$C$1,'Raw Data'!$N$2:$N$10000,$C$2,'Raw Data'!$E$2:$E$10000,$A24),"")
A25: Palakkad | B25: =COUNTIFS('Raw Data'!$Q$2:$Q$10000,"No",'Raw Data'!$A$2:$A$10000,$C$1,'Raw Data'!$N$2:$N$10000,$C$2,'Raw Data'!$E$2:$E$10000,$A25,'Raw Data'!$L$2:$L$10000,">=0",'Raw Data'!$L$2:$L$10000,"<0.2") | C25: =COUNTIFS('Raw Data'!$Q$2:$Q$10000,"No",'Raw Data'!$A$2:$A$10000,$C$1,'Raw Data'!$N$2:$N$10000,$C$2,'Raw Data'!$E$2:$E$10000,$A25,'Raw Data'!$L$2:$L$10000,">=0.2",'Raw Data'!$L$2:$L$10000,"<0.4") | D25: =COUNTIFS('Raw Data'!$Q$2:$Q$10000,"No",'Raw Data'!$A$2:$A$10000,$C$1,'Raw Data'!$N$2:$N$10000,$C$2,'Raw Data'!$E$2:$E$10000,$A25,'Raw Data'!$L$2:$L$10000,">=0.4",'Raw Data'!$L$2:$L$10000,"<0.5") | E25: =COUNTIFS('Raw Data'!$Q$2:$Q$10000,"No",'Raw Data'!$A$2:$A$10000,$C$1,'Raw Data'!$N$2:$N$10000,$C$2,'Raw Data'!$E$2:$E$10000,$A25,'Raw Data'!$L$2:$L$10000,">=0.5",'Raw Data'!$L$2:$L$10000,"<0.6") | F25: =COUNTIFS('Raw Data'!$Q$2:$Q$10000,"No",'Raw Data'!$A$2:$A$10000,$C$1,'Raw Data'!$N$2:$N$10000,$C$2,'Raw Data'!$E$2:$E$10000,$A25,'Raw Data'!$L$2:$L$10000,">=0.6",'Raw Data'!$L$2:$L$10000,"<0.7") | G25: =COUNTIFS('Raw Data'!$Q$2:$Q$10000,"No",'Raw Data'!$A$2:$A$10000,$C$1,'Raw Data'!$N$2:$N$10000,$C$2,'Raw Data'!$E$2:$E$10000,$A25,'Raw Data'!$L$2:$L$10000,">=0.7",'Raw Data'!$L$2:$L$10000,"<0.85") | H25: =COUNTIFS('Raw Data'!$Q$2:$Q$10000,"No",'Raw Data'!$A$2:$A$10000,$C$1,'Raw Data'!$N$2:$N$10000,$C$2,'Raw Data'!$E$2:$E$10000,$A25,'Raw Data'!$L$2:$L$10000,">=0.85",'Raw Data'!$L$2:$L$10000,"<0.95") | I25: =COUNTIFS('Raw Data'!$Q$2:$Q$10000,"No",'Raw Data'!$A$2:$A$10000,$C$1,'Raw Data'!$N$2:$N$10000,$C$2,'Raw Data'!$E$2:$E$10000,$A25,'Raw Data'!$L$2:$L$10000,">=0.95") | J25: =SUM(B25:I25) | K25: =IFERROR(AVERAGEIFS('Raw Data'!$L$2:$L$10000,'Raw Data'!$Q$2:$Q$10000,"No",'Raw Data'!$A$2:$A$10000,$C$1,'Raw Data'!$N$2:$N$10000,$C$2,'Raw Data'!$E$2:$E$10000,$A25),"")
A26: Belgavi | B26: =COUNTIFS('Raw Data'!$Q$2:$Q$10000,"No",'Raw Data'!$A$2:$A$10000,$C$1,'Raw Data'!$N$2:$N$10000,$C$2,'Raw Data'!$E$2:$E$10000,$A26,'Raw Data'!$L$2:$L$10000,">=0",'Raw Data'!$L$2:$L$10000,"<0.2") | C26: =COUNTIFS('Raw Data'!$Q$2:$Q$10000,"No",'Raw Data'!$A$2:$A$10000,$C$1,'Raw Data'!$N$2:$N$10000,$C$2,'Raw Data'!$E$2:$E$10000,$A26,'Raw Data'!$L$2:$L$10000,">=0.2",'Raw Data'!$L$2:$L$10000,"<0.4") | D26: =COUNTIFS('Raw Data'!$Q$2:$Q$10000,"No",'Raw Data'!$A$2:$A$10000,$C$1,'Raw Data'!$N$2:$N$10000,$C$2,'Raw Data'!$E$2:$E$10000,$A26,'Raw Data'!$L$2:$L$10000,">=0.4",'Raw Data'!$L$2:$L$10000,"<0.5") | E26: =COUNTIFS('Raw Data'!$Q$2:$Q$10000,"No",'Raw Data'!$A$2:$A$10000,$C$1,'Raw Data'!$N$2:$N$10000,$C$2,'Raw Data'!$E$2:$E$10000,$A26,'Raw Data'!$L$2:$L$10000,">=0.5",'Raw Data'!$L$2:$L$10000,"<0.6") | F26: =COUNTIFS('Raw Data'!$Q$2:$Q$10000,"No",'Raw Data'!$A$2:$A$10000,$C$1,'Raw Data'!$N$2:$N$10000,$C$2,'Raw Data'!$E$2:$E$10000,$A26,'Raw Data'!$L$2:$L$10000,">=0.6",'Raw Data'!$L$2:$L$10000,"<0.7") | G26: =COUNTIFS('Raw Data'!$Q$2:$Q$10000,"No",'Raw Data'!$A$2:$A$10000,$C$1,'Raw Data'!$N$2:$N$10000,$C$2,'Raw Data'!$E$2:$E$10000,$A26,'Raw Data'!$L$2:$L$10000,">=0.7",'Raw Data'!$L$2:$L$10000,"<0.85") | H26: =COUNTIFS('Raw Data'!$Q$2:$Q$10000,"No",'Raw Data'!$A$2:$A$10000,$C$1,'Raw Data'!$N$2:$N$10000,$C$2,'Raw Data'!$E$2:$E$10000,$A26,'Raw Data'!$L$2:$L$10000,">=0.85",'Raw Data'!$L$2:$L$10000,"<0.95") | I26: =COUNTIFS('Raw Data'!$Q$2:$Q$10000,"No",'Raw Data'!$A$2:$A$10000,$C$1,'Raw Data'!$N$2:$N$10000,$C$2,'Raw Data'!$E$2:$E$10000,$A26,'Raw Data'!$L$2:$L$10000,">=0.95") | J26: =SUM(B26:I26) | K26: =IFERROR(AVERAGEIFS('Raw Data'!$L$2:$L$10000,'Raw Data'!$Q$2:$Q$10000,"No",'Raw Data'!$A$2:$A$10000,$C$1,'Raw Data'!$N$2:$N$10000,$C$2,'Raw Data'!$E$2:$E$10000,$A26),"")
A27: Davanagere | B27: =COUNTIFS('Raw Data'!$Q$2:$Q$10000,"No",'Raw Data'!$A$2:$A$10000,$C$1,'Raw Data'!$N$2:$N$10000,$C$2,'Raw Data'!$E$2:$E$10000,$A27,'Raw Data'!$L$2:$L$10000,">=0",'Raw Data'!$L$2:$L$10000,"<0.2") | C27: =COUNTIFS('Raw Data'!$Q$2:$Q$10000,"No",'Raw Data'!$A$2:$A$10000,$C$1,'Raw Data'!$N$2:$N$10000,$C$2,'Raw Data'!$E$2:$E$10000,$A27,'Raw Data'!$L$2:$L$10000,">=0.2",'Raw Data'!$L$2:$L$10000,"<0.4") | D27: =COUNTIFS('Raw Data'!$Q$2:$Q$10000,"No",'Raw Data'!$A$2:$A$10000,$C$1,'Raw Data'!$N$2:$N$10000,$C$2,'Raw Data'!$E$2:$E$10000,$A27,'Raw Data'!$L$2:$L$10000,">=0.4",'Raw Data'!$L$2:$L$10000,"<0.5") | E27: =COUNTIFS('Raw Data'!$Q$2:$Q$10000,"No",'Raw Data'!$A$2:$A$10000,$C$1,'Raw Data'!$N$2:$N$10000,$C$2,'Raw Data'!$E$2:$E$10000,$A27,'Raw Data'!$L$2:$L$10000,">=0.5",'Raw Data'!$L$2:$L$10000,"<0.6") | F27: =COUNTIFS('Raw Data'!$Q$2:$Q$10000,"No",'Raw Data'!$A$2:$A$10000,$C$1,'Raw Data'!$N$2:$N$10000,$C$2,'Raw Data'!$E$2:$E$10000,$A27,'Raw Data'!$L$2:$L$10000,">=0.6",'Raw Data'!$L$2:$L$10000,"<0.7") | G27: =COUNTIFS('Raw Data'!$Q$2:$Q$10000,"No",'Raw Data'!$A$2:$A$10000,$C$1,'Raw Data'!$N$2:$N$10000,$C$2,'Raw Data'!$E$2:$E$10000,$A27,'Raw Data'!$L$2:$L$10000,">=0.7",'Raw Data'!$L$2:$L$10000,"<0.85") | H27: =COUNTIFS('Raw Data'!$Q$2:$Q$10000,"No",'Raw Data'!$A$2:$A$10000,$C$1,'Raw Data'!$N$2:$N$10000,$C$2,'Raw Data'!$E$2:$E$10000,$A27,'Raw Data'!$L$2:$L$10000,">=0.85",'Raw Data'!$L$2:$L$10000,"<0.95") | I27: =COUNTIFS('Raw Data'!$Q$2:$Q$10000,"No",'Raw Data'!$A$2:$A$10000,$C$1,'Raw Data'!$N$2:$N$10000,$C$2,'Raw Data'!$E$2:$E$10000,$A27,'Raw Data'!$L$2:$L$10000,">=0.95") | J27: =SUM(B27:I27) | K27: =IFERROR(AVERAGEIFS('Raw Data'!$L$2:$L$10000,'Raw Data'!$Q$2:$Q$10000,"No",'Raw Data'!$A$2:$A$10000,$C$1,'Raw Data'!$N$2:$N$10000,$C$2,'Raw Data'!$E$2:$E$10000,$A27),"")
A28: Hosur | B28: =COUNTIFS('Raw Data'!$Q$2:$Q$10000,"No",'Raw Data'!$A$2:$A$10000,$C$1,'Raw Data'!$N$2:$N$10000,$C$2,'Raw Data'!$E$2:$E$10000,$A28,'Raw Data'!$L$2:$L$10000,">=0",'Raw Data'!$L$2:$L$10000,"<0.2") | C28: =COUNTIFS('Raw Data'!$Q$2:$Q$10000,"No",'Raw Data'!$A$2:$A$10000,$C$1,'Raw Data'!$N$2:$N$10000,$C$2,'Raw Data'!$E$2:$E$10000,$A28,'Raw Data'!$L$2:$L$10000,">=0.2",'Raw Data'!$L$2:$L$10000,"<0.4") | D28: =COUNTIFS('Raw Data'!$Q$2:$Q$10000,"No",'Raw Data'!$A$2:$A$10000,$C$1,'Raw Data'!$N$2:$N$10000,$C$2,'Raw Data'!$E$2:$E$10000,$A28,'Raw Data'!$L$2:$L$10000,">=0.4",'Raw Data'!$L$2:$L$10000,"<0.5") | E28: =COUNTIFS('Raw Data'!$Q$2:$Q$10000,"No",'Raw Data'!$A$2:$A$10000,$C$1,'Raw Data'!$N$2:$N$10000,$C$2,'Raw Data'!$E$2:$E$10000,$A28,'Raw Data'!$L$2:$L$10000,">=0.5",'Raw Data'!$L$2:$L$10000,"<0.6") | F28: =COUNTIFS('Raw Data'!$Q$2:$Q$10000,"No",'Raw Data'!$A$2:$A$10000,$C$1,'Raw Data'!$N$2:$N$10000,$C$2,'Raw Data'!$E$2:$E$10000,$A28,'Raw Data'!$L$2:$L$10000,">=0.6",'Raw Data'!$L$2:$L$10000,"<0.7") | G28: =COUNTIFS('Raw Data'!$Q$2:$Q$10000,"No",'Raw Data'!$A$2:$A$10000,$C$1,'Raw Data'!$N$2:$N$10000,$C$2,'Raw Data'!$E$2:$E$10000,$A28,'Raw Data'!$L$2:$L$10000,">=0.7",'Raw Data'!$L$2:$L$10000,"<0.85") | H28: =COUNTIFS('Raw Data'!$Q$2:$Q$10000,"No",'Raw Data'!$A$2:$A$10000,$C$1,'Raw Data'!$N$2:$N$10000,$C$2,'Raw Data'!$E$2:$E$10000,$A28,'Raw Data'!$L$2:$L$10000,">=0.85",'Raw Data'!$L$2:$L$10000,"<0.95") | I28: =COUNTIFS('Raw Data'!$Q$2:$Q$10000,"No",'Raw Data'!$A$2:$A$10000,$C$1,'Raw Data'!$N$2:$N$10000,$C$2,'Raw Data'!$E$2:$E$10000,$A28,'Raw Data'!$L$2:$L$10000,">=0.95") | J28: =SUM(B28:I28) | K28: =IFERROR(AVERAGEIFS('Raw Data'!$L$2:$L$10000,'Raw Data'!$Q$2:$Q$10000,"No",'Raw Data'!$A$2:$A$10000,$C$1,'Raw Data'!$N$2:$N$10000,$C$2,'Raw Data'!$E$2:$E$10000,$A28),"")
A29: Tumkuru | B29: =COUNTIFS('Raw Data'!$Q$2:$Q$10000,"No",'Raw Data'!$A$2:$A$10000,$C$1,'Raw Data'!$N$2:$N$10000,$C$2,'Raw Data'!$E$2:$E$10000,$A29,'Raw Data'!$L$2:$L$10000,">=0",'Raw Data'!$L$2:$L$10000,"<0.2") | C29: =COUNTIFS('Raw Data'!$Q$2:$Q$10000,"No",'Raw Data'!$A$2:$A$10000,$C$1,'Raw Data'!$N$2:$N$10000,$C$2,'Raw Data'!$E$2:$E$10000,$A29,'Raw Data'!$L$2:$L$10000,">=0.2",'Raw Data'!$L$2:$L$10000,"<0.4") | D29: =COUNTIFS('Raw Data'!$Q$2:$Q$10000,"No",'Raw Data'!$A$2:$A$10000,$C$1,'Raw Data'!$N$2:$N$10000,$C$2,'Raw Data'!$E$2:$E$10000,$A29,'Raw Data'!$L$2:$L$10000,">=0.4",'Raw Data'!$L$2:$L$10000,"<0.5") | E29: =COUNTIFS('Raw Data'!$Q$2:$Q$10000,"No",'Raw Data'!$A$2:$A$10000,$C$1,'Raw Data'!$N$2:$N$10000,$C$2,'Raw Data'!$E$2:$E$10000,$A29,'Raw Data'!$L$2:$L$10000,">=0.5",'Raw Data'!$L$2:$L$10000,"<0.6") | F29: =COUNTIFS('Raw Data'!$Q$2:$Q$10000,"No",'Raw Data'!$A$2:$A$10000,$C$1,'Raw Data'!$N$2:$N$10000,$C$2,'Raw Data'!$E$2:$E$10000,$A29,'Raw Data'!$L$2:$L$10000,">=0.6",'Raw Data'!$L$2:$L$10000,"<0.7") | G29: =COUNTIFS('Raw Data'!$Q$2:$Q$10000,"No",'Raw Data'!$A$2:$A$10000,$C$1,'Raw Data'!$N$2:$N$10000,$C$2,'Raw Data'!$E$2:$E$10000,$A29,'Raw Data'!$L$2:$L$10000,">=0.7",'Raw Data'!$L$2:$L$10000,"<0.85") | H29: =COUNTIFS('Raw Data'!$Q$2:$Q$10000,"No",'Raw Data'!$A$2:$A$10000,$C$1,'Raw Data'!$N$2:$N$10000,$C$2,'Raw Data'!$E$2:$E$10000,$A29,'Raw Data'!$L$2:$L$10000,">=0.85",'Raw Data'!$L$2:$L$10000,"<0.95") | I29: =COUNTIFS('Raw Data'!$Q$2:$Q$10000,"No",'Raw Data'!$A$2:$A$10000,$C$1,'Raw Data'!$N$2:$N$10000,$C$2,'Raw Data'!$E$2:$E$10000,$A29,'Raw Data'!$L$2:$L$10000,">=0.95") | J29: =SUM(B29:I29) | K29: =IFERROR(AVERAGEIFS('Raw Data'!$L$2:$L$10000,'Raw Data'!$Q$2:$Q$10000,"No",'Raw Data'!$A$2:$A$10000,$C$1,'Raw Data'!$N$2:$N$10000,$C$2,'Raw Data'!$E$2:$E$10000,$A29),"")
A30: Grand Total | B30: =COUNTIFS('Raw Data'!$Q$2:$Q$10000,"No",'Raw Data'!$A$2:$A$10000,$C$1,'Raw Data'!$N$2:$N$10000,$C$2,'Raw Data'!$E$2:$E$10000,"<>",'Raw Data'!$L$2:$L$10000,">=0",'Raw Data'!$L$2:$L$10000,"<0.2") | C30: =COUNTIFS('Raw Data'!$Q$2:$Q$10000,"No",'Raw Data'!$A$2:$A$10000,$C$1,'Raw Data'!$N$2:$N$10000,$C$2,'Raw Data'!$E$2:$E$10000,"<>",'Raw Data'!$L$2:$L$10000,">=0.2",'Raw Data'!$L$2:$L$10000,"<0.4") | D30: =COUNTIFS('Raw Data'!$Q$2:$Q$10000,"No",'Raw Data'!$A$2:$A$10000,$C$1,'Raw Data'!$N$2:$N$10000,$C$2,'Raw Data'!$E$2:$E$10000,"<>",'Raw Data'!$L$2:$L$10000,">=0.4",'Raw Data'!$L$2:$L$10000,"<0.5") | E30: =COUNTIFS('Raw Data'!$Q$2:$Q$10000,"No",'Raw Data'!$A$2:$A$10000,$C$1,'Raw Data'!$N$2:$N$10000,$C$2,'Raw Data'!$E$2:$E$10000,"<>",'Raw Data'!$L$2:$L$10000,">=0.5",'Raw Data'!$L$2:$L$10000,"<0.6") | F30: =COUNTIFS('Raw Data'!$Q$2:$Q$10000,"No",'Raw Data'!$A$2:$A$10000,$C$1,'Raw Data'!$N$2:$N$10000,$C$2,'Raw Data'!$E$2:$E$10000,"<>",'Raw Data'!$L$2:$L$10000,">=0.6",'Raw Data'!$L$2:$L$10000,"<0.7") | G30: =COUNTIFS('Raw Data'!$Q$2:$Q$10000,"No",'Raw Data'!$A$2:$A$10000,$C$1,'Raw Data'!$N$2:$N$10000,$C$2,'Raw Data'!$E$2:$E$10000,"<>",'Raw Data'!$L$2:$L$10000,">=0.7",'Raw Data'!$L$2:$L$10000,"<0.85") | H30: =COUNTIFS('Raw Data'!$Q$2:$Q$10000,"No",'Raw Data'!$A$2:$A$10000,$C$1,'Raw Data'!$N$2:$N$10000,$C$2,'Raw Data'!$E$2:$E$10000,"<>",'Raw Data'!$L$2:$L$10000,">=0.85",'Raw Data'!$L$2:$L$10000,"<0.95") | I30: =COUNTIFS('Raw Data'!$Q$2:$Q$10000,"No",'Raw Data'!$A$2:$A$10000,$C$1,'Raw Data'!$N$2:$N$10000,$C$2,'Raw Data'!$E$2:$E$10000,"<>",'Raw Data'!$L$2:$L$10000,">=0.95") | J30: =SUM(B30:I30) | K30: =IFERROR(AVERAGEIFS('Raw Data'!$L$2:$L$10000,'Raw Data'!$Q$2:$Q$10000,"No",'Raw Data'!$A$2:$A$10000,$C$1,'Raw Data'!$N$2:$N$10000,$C$2,'Raw Data'!$E$2:$E$10000,"<>"),"")
A32: City level - CC MTD Target Achievement: store count by status
A33: City | B33: Critical | C33: Semi Critical | D33: Non Critical | E33: Total Stores | F33: Avg CC MTD % | G33: Avg CC MTD Target | H33: Avg Achieved % | I33: Critical %
A34: Bengaluru | B34: =COUNTIFS('Raw Data'!$Q$2:$Q$10000,"No",'Raw Data'!$A$2:$A$10000,$C$1,'Raw Data'!$N$2:$N$10000,$C$2,'Raw Data'!$E$2:$E$10000,$A34,'Raw Data'!$T$2:$T$10000,"Critical") | C34: =COUNTIFS('Raw Data'!$Q$2:$Q$10000,"No",'Raw Data'!$A$2:$A$10000,$C$1,'Raw Data'!$N$2:$N$10000,$C$2,'Raw Data'!$E$2:$E$10000,$A34,'Raw Data'!$T$2:$T$10000,"Semi Critical") | D34: =COUNTIFS('Raw Data'!$Q$2:$Q$10000,"No",'Raw Data'!$A$2:$A$10000,$C$1,'Raw Data'!$N$2:$N$10000,$C$2,'Raw Data'!$E$2:$E$10000,$A34,'Raw Data'!$T$2:$T$10000,"Non Critical") | E34: =SUM(B34:D34) | F34: =IFERROR(AVERAGEIFS('Raw Data'!$G$2:$G$10000,'Raw Data'!$Q$2:$Q$10000,"No",'Raw Data'!$A$2:$A$10000,$C$1,'Raw Data'!$N$2:$N$10000,$C$2,'Raw Data'!$E$2:$E$10000,$A34),"") | G34: =IFERROR(AVERAGEIFS('Raw Data'!$R$2:$R$10000,'Raw Data'!$Q$2:$Q$10000,"No",'Raw Data'!$A$2:$A$10000,$C$1,'Raw Data'!$N$2:$N$10000,$C$2,'Raw Data'!$E$2:$E$10000,$A34),"") | H34: =IFERROR(AVERAGEIFS('Raw Data'!$S$2:$S$10000,'Raw Data'!$Q$2:$Q$10000,"No",'Raw Data'!$A$2:$A$10000,$C$1,'Raw Data'!$N$2:$N$10000,$C$2,'Raw Data'!$E$2:$E$10000,$A34),"") | I34: =IFERROR(B34/E34,"")
A35: Kochi | B35: =COUNTIFS('Raw Data'!$Q$2:$Q$10000,"No",'Raw Data'!$A$2:$A$10000,$C$1,'Raw Data'!$N$2:$N$10000,$C$2,'Raw Data'!$E$2:$E$10000,$A35,'Raw Data'!$T$2:$T$10000,"Critical") | C35: =COUNTIFS('Raw Data'!$Q$2:$Q$10000,"No",'Raw Data'!$A$2:$A$10000,$C$1,'Raw Data'!$N$2:$N$10000,$C$2,'Raw Data'!$E$2:$E$10000,$A35,'Raw Data'!$T$2:$T$10000,"Semi Critical") | D35: =COUNTIFS('Raw Data'!$Q$2:$Q$10000,"No",'Raw Data'!$A$2:$A$10000,$C$1,'Raw Data'!$N$2:$N$10000,$C$2,'Raw Data'!$E$2:$E$10000,$A35,'Raw Data'!$T$2:$T$10000,"Non Critical") | E35: =SUM(B35:D35) | F35: =IFERROR(AVERAGEIFS('Raw Data'!$G$2:$G$10000,'Raw Data'!$Q$2:$Q$10000,"No",'Raw Data'!$A$2:$A$10000,$C$1,'Raw Data'!$N$2:$N$10000,$C$2,'Raw Data'!$E$2:$E$10000,$A35),"") | G35: =IFERROR(AVERAGEIFS('Raw Data'!$R$2:$R$10000,'Raw Data'!$Q$2:$Q$10000,"No",'Raw Data'!$A$2:$A$10000,$C$1,'Raw Data'!$N$2:$N$10000,$C$2,'Raw Data'!$E$2:$E$10000,$A35),"") | H35: =IFERROR(AVERAGEIFS('Raw Data'!$S$2:$S$10000,'Raw Data'!$Q$2:$Q$10000,"No",'Raw Data'!$A$2:$A$10000,$C$1,'Raw Data'!$N$2:$N$10000,$C$2,'Raw Data'!$E$2:$E$10000,$A35),"") | I35: =IFERROR(B35/E35,"")
A36: Coimbatore | B36: =COUNTIFS('Raw Data'!$Q$2:$Q$10000,"No",'Raw Data'!$A$2:$A$10000,$C$1,'Raw Data'!$N$2:$N$10000,$C$2,'Raw Data'!$E$2:$E$10000,$A36,'Raw Data'!$T$2:$T$10000,"Critical") | C36: =COUNTIFS('Raw Data'!$Q$2:$Q$10000,"No",'Raw Data'!$A$2:$A$10000,$C$1,'Raw Data'!$N$2:$N$10000,$C$2,'Raw Data'!$E$2:$E$10000,$A36,'Raw Data'!$T$2:$T$10000,"Semi Critical") | D36: =COUNTIFS('Raw Data'!$Q$2:$Q$10000,"No",'Raw Data'!$A$2:$A$10000,$C$1,'Raw Data'!$N$2:$N$10000,$C$2,'Raw Data'!$E$2:$E$10000,$A36,'Raw Data'!$T$2:$T$10000,"Non Critical") | E36: =SUM(B36:D36) | F36: =IFERROR(AVERAGEIFS('Raw Data'!$G$2:$G$10000,'Raw Data'!$Q$2:$Q$10000,"No",'Raw Data'!$A$2:$A$10000,$C$1,'Raw Data'!$N$2:$N$10000,$C$2,'Raw Data'!$E$2:$E$10000,$A36),"") | G36: =IFERROR(AVERAGEIFS('Raw Data'!$R$2:$R$10000,'Raw Data'!$Q$2:$Q$10000,"No",'Raw Data'!$A$2:$A$10000,$C$1,'Raw Data'!$N$2:$N$10000,$C$2,'Raw Data'!$E$2:$E$10000,$A36),"") | H36: =IFERROR(AVERAGEIFS('Raw Data'!$S$2:$S$10000,'Raw Data'!$Q$2:$Q$10000,"No",'Raw Data'!$A$2:$A$10000,$C$1,'Raw Data'!$N$2:$N$10000,$C$2,'Raw Data'!$E$2:$E$10000,$A36),"") | I36: =IFERROR(B36/E36,"")
A37: Mysuru | B37: =COUNTIFS('Raw Data'!$Q$2:$Q$10000,"No",'Raw Data'!$A$2:$A$10000,$C$1,'Raw Data'!$N$2:$N$10000,$C$2,'Raw Data'!$E$2:$E$10000,$A37,'Raw Data'!$T$2:$T$10000,"Critical") | C37: =COUNTIFS('Raw Data'!$Q$2:$Q$10000,"No",'Raw Data'!$A$2:$A$10000,$C$1,'Raw Data'!$N$2:$N$10000,$C$2,'Raw Data'!$E$2:$E$10000,$A37,'Raw Data'!$T$2:$T$10000,"Semi Critical") | D37: =COUNTIFS('Raw Data'!$Q$2:$Q$10000,"No",'Raw Data'!$A$2:$A$10000,$C$1,'Raw Data'!$N$2:$N$10000,$C$2,'Raw Data'!$E$2:$E$10000,$A37,'Raw Data'!$T$2:$T$10000,"Non Critical") | E37: =SUM(B37:D37) | F37: =IFERROR(AVERAGEIFS('Raw Data'!$G$2:$G$10000,'Raw Data'!$Q$2:$Q$10000,"No",'Raw Data'!$A$2:$A$10000,$C$1,'Raw Data'!$N$2:$N$10000,$C$2,'Raw Data'!$E$2:$E$10000,$A37),"") | G37: =IFERROR(AVERAGEIFS('Raw Data'!$R$2:$R$10000,'Raw Data'!$Q$2:$Q$10000,"No",'Raw Data'!$A$2:$A$10000,$C$1,'Raw Data'!$N$2:$N$10000,$C$2,'Raw Data'!$E$2:$E$10000,$A37),"") | H37: =IFERROR(AVERAGEIFS('Raw Data'!$S$2:$S$10000,'Raw Data'!$Q$2:$Q$10000,"No",'Raw Data'!$A$2:$A$10000,$C$1,'Raw Data'!$N$2:$N$10000,$C$2,'Raw Data'!$E$2:$E$10000,$A37),"") | I37: =IFERROR(B37/E37,"")
A38: Hubballi | B38: =COUNTIFS('Raw Data'!$Q$2:$Q$10000,"No",'Raw Data'!$A$2:$A$10000,$C$1,'Raw Data'!$N$2:$N$10000,$C$2,'Raw Data'!$E$2:$E$10000,$A38,'Raw Data'!$T$2:$T$10000,"Critical") | C38: =COUNTIFS('Raw Data'!$Q$2:$Q$10000,"No",'Raw Data'!$A$2:$A$10000,$C$1,'Raw Data'!$N$2:$N$10000,$C$2,'Raw Data'!$E$2:$E$10000,$A38,'Raw Data'!$T$2:$T$10000,"Semi Critical") | D38: =COUNTIFS('Raw Data'!$Q$2:$Q$10000,"No",'Raw Data'!$A$2:$A$10000,$C$1,'Raw Data'!$N$2:$N$10000,$C$2,'Raw Data'!$E$2:$E$10000,$A38,'Raw Data'!$T$2:$T$10000,"Non Critical") | E38: =SUM(B38:D38) | F38: =IFERROR(AVERAGEIFS('Raw Data'!$G$2:$G$10000,'Raw Data'!$Q$2:$Q$10000,"No",'Raw Data'!$A$2:$A$10000,$C$1,'Raw Data'!$N$2:$N$10000,$C$2,'Raw Data'!$E$2:$E$10000,$A38),"") | G38: =IFERROR(AVERAGEIFS('Raw Data'!$R$2:$R$10000,'Raw Data'!$Q$2:$Q$10000,"No",'Raw Data'!$A$2:$A$10000,$C$1,'Raw Data'!$N$2:$N$10000,$C$2,'Raw Data'!$E$2:$E$10000,$A38),"") | H38: =IFERROR(AVERAGEIFS('Raw Data'!$S$2:$S$10000,'Raw Data'!$Q$2:$Q$10000,"No",'Raw Data'!$A$2:$A$10000,$C$1,'Raw Data'!$N$2:$N$10000,$C$2,'Raw Data'!$E$2:$E$10000,$A38),"") | I38: =IFERROR(B38/E38,"")
A39: Palakkad | B39: =COUNTIFS('Raw Data'!$Q$2:$Q$10000,"No",'Raw Data'!$A$2:$A$10000,$C$1,'Raw Data'!$N$2:$N$10000,$C$2,'Raw Data'!$E$2:$E$10000,$A39,'Raw Data'!$T$2:$T$10000,"Critical") | C39: =COUNTIFS('Raw Data'!$Q$2:$Q$10000,"No",'Raw Data'!$A$2:$A$10000,$C$1,'Raw Data'!$N$2:$N$10000,$C$2,'Raw Data'!$E$2:$E$10000,$A39,'Raw Data'!$T$2:$T$10000,"Semi Critical") | D39: =COUNTIFS('Raw Data'!$Q$2:$Q$10000,"No",'Raw Data'!$A$2:$A$10000,$C$1,'Raw Data'!$N$2:$N$10000,$C$2,'Raw Data'!$E$2:$E$10000,$A39,'Raw Data'!$T$2:$T$10000,"Non Critical") | E39: =SUM(B39:D39) | F39: =IFERROR(AVERAGEIFS('Raw Data'!$G$2:$G$10000,'Raw Data'!$Q$2:$Q$10000,"No",'Raw Data'!$A$2:$A$10000,$C$1,'Raw Data'!$N$2:$N$10000,$C$2,'Raw Data'!$E$2:$E$10000,$A39),"") | G39: =IFERROR(AVERAGEIFS('Raw Data'!$R$2:$R$10000,'Raw Data'!$Q$2:$Q$10000,"No",'Raw Data'!$A$2:$A$10000,$C$1,'Raw Data'!$N$2:$N$10000,$C$2,'Raw Data'!$E$2:$E$10000,$A39),"") | H39: =IFERROR(AVERAGEIFS('Raw Data'!$S$2:$S$10000,'Raw Data'!$Q$2:$Q$10000,"No",'Raw Data'!$A$2:$A$10000,$C$1,'Raw Data'!$N$2:$N$10000,$C$2,'Raw Data'!$E$2:$E$10000,$A39),"") | I39: =IFERROR(B39/E39,"")
A40: Belgavi | B40: =COUNTIFS('Raw Data'!$Q$2:$Q$10000,"No",'Raw Data'!$A$2:$A$10000,$C$1,'Raw Data'!$N$2:$N$10000,$C$2,'Raw Data'!$E$2:$E$10000,$A40,'Raw Data'!$T$2:$T$10000,"Critical") | C40: =COUNTIFS('Raw Data'!$Q$2:$Q$10000,"No",'Raw Data'!$A$2:$A$10000,$C$1,'Raw Data'!$N$2:$N$10000,$C$2,'Raw Data'!$E$2:$E$10000,$A40,'Raw Data'!$T$2:$T$10000,"Semi Critical") | D40: =COUNTIFS('Raw Data'!$Q$2:$Q$10000,"No",'Raw Data'!$A$2:$A$10000,$C$1,'Raw Data'!$N$2:$N$10000,$C$2,'Raw Data'!$E$2:$E$10000,$A40,'Raw Data'!$T$2:$T$10000,"Non Critical") | E40: =SUM(B40:D40) | F40: =IFERROR(AVERAGEIFS('Raw Data'!$G$2:$G$10000,'Raw Data'!$Q$2:$Q$10000,"No",'Raw Data'!$A$2:$A$10000,$C$1,'Raw Data'!$N$2:$N$10000,$C$2,'Raw Data'!$E$2:$E$10000,$A40),"") | G40: =IFERROR(AVERAGEIFS('Raw Data'!$R$2:$R$10000,'Raw Data'!$Q$2:$Q$10000,"No",'Raw Data'!$A$2:$A$10000,$C$1,'Raw Data'!$N$2:$N$10000,$C$2,'Raw Data'!$E$2:$E$10000,$A40),"") | H40: =IFERROR(AVERAGEIFS('Raw Data'!$S$2:$S$10000,'Raw Data'!$Q$2:$Q$10000,"No",'Raw Data'!$A$2:$A$10000,$C$1,'Raw Data'!$N$2:$N$10000,$C$2,'Raw Data'!$E$2:$E$10000,$A40),"") | I40: =IFERROR(B40/E40,"")
A41: Davanagere | B41: =COUNTIFS('Raw Data'!$Q$2:$Q$10000,"No",'Raw Data'!$A$2:$A$10000,$C$1,'Raw Data'!$N$2:$N$10000,$C$2,'Raw Data'!$E$2:$E$10000,$A41,'Raw Data'!$T$2:$T$10000,"Critical") | C41: =COUNTIFS('Raw Data'!$Q$2:$Q$10000,"No",'Raw Data'!$A$2:$A$10000,$C$1,'Raw Data'!$N$2:$N$10000,$C$2,'Raw Data'!$E$2:$E$10000,$A41,'Raw Data'!$T$2:$T$10000,"Semi Critical") | D41: =COUNTIFS('Raw Data'!$Q$2:$Q$10000,"No",'Raw Data'!$A$2:$A$10000,$C$1,'Raw Data'!$N$2:$N$10000,$C$2,'Raw Data'!$E$2:$E$10000,$A41,'Raw Data'!$T$2:$T$10000,"Non Critical") | E41: =SUM(B41:D41) | F41: =IFERROR(AVERAGEIFS('Raw Data'!$G$2:$G$10000,'Raw Data'!$Q$2:$Q$10000,"No",'Raw Data'!$A$2:$A$10000,$C$1,'Raw Data'!$N$2:$N$10000,$C$2,'Raw Data'!$E$2:$E$10000,$A41),"") | G41: =IFERROR(AVERAGEIFS('Raw Data'!$R$2:$R$10000,'Raw Data'!$Q$2:$Q$10000,"No",'Raw Data'!$A$2:$A$10000,$C$1,'Raw Data'!$N$2:$N$10000,$C$2,'Raw Data'!$E$2:$E$10000,$A41),"") | H41: =IFERROR(AVERAGEIFS('Raw Data'!$S$2:$S$10000,'Raw Data'!$Q$2:$Q$10000,"No",'Raw Data'!$A$2:$A$10000,$C$1,'Raw Data'!$N$2:$N$10000,$C$2,'Raw Data'!$E$2:$E$10000,$A41),"") | I41: =IFERROR(B41/E41,"")
A42: Hosur | B42: =COUNTIFS('Raw Data'!$Q$2:$Q$10000,"No",'Raw Data'!$A$2:$A$10000,$C$1,'Raw Data'!$N$2:$N$10000,$C$2,'Raw Data'!$E$2:$E$10000,$A42,'Raw Data'!$T$2:$T$10000,"Critical") | C42: =COUNTIFS('Raw Data'!$Q$2:$Q$10000,"No",'Raw Data'!$A$2:$A$10000,$C$1,'Raw Data'!$N$2:$N$10000,$C$2,'Raw Data'!$E$2:$E$10000,$A42,'Raw Data'!$T$2:$T$10000,"Semi Critical") | D42: =COUNTIFS('Raw Data'!$Q$2:$Q$10000,"No",'Raw Data'!$A$2:$A$10000,$C$1,'Raw Data'!$N$2:$N$10000,$C$2,'Raw Data'!$E$2:$E$10000,$A42,'Raw Data'!$T$2:$T$10000,"Non Critical") | E42: =SUM(B42:D42) | F42: =IFERROR(AVERAGEIFS('Raw Data'!$G$2:$G$10000,'Raw Data'!$Q$2:$Q$10000,"No",'Raw Data'!$A$2:$A$10000,$C$1,'Raw Data'!$N$2:$N$10000,$C$2,'Raw Data'!$E$2:$E$10000,$A42),"") | G42: =IFERROR(AVERAGEIFS('Raw Data'!$R$2:$R$10000,'Raw Data'!$Q$2:$Q$10000,"No",'Raw Data'!$A$2:$A$10000,$C$1,'Raw Data'!$N$2:$N$10000,$C$2,'Raw Data'!$E$2:$E$10000,$A42),"") | H42: =IFERROR(AVERAGEIFS('Raw Data'!$S$2:$S$10000,'Raw Data'!$Q$2:$Q$10000,"No",'Raw Data'!$A$2:$A$10000,$C$1,'Raw Data'!$N$2:$N$10000,$C$2,'Raw Data'!$E$2:$E$10000,$A42),"") | I42: =IFERROR(B42/E42,"")
A43: Tumkuru | B43: =COUNTIFS('Raw Data'!$Q$2:$Q$10000,"No",'Raw Data'!$A$2:$A$10000,$C$1,'Raw Data'!$N$2:$N$10000,$C$2,'Raw Data'!$E$2:$E$10000,$A43,'Raw Data'!$T$2:$T$10000,"Critical") | C43: =COUNTIFS('Raw Data'!$Q$2:$Q$10000,"No",'Raw Data'!$A$2:$A$10000,$C$1,'Raw Data'!$N$2:$N$10000,$C$2,'Raw Data'!$E$2:$E$10000,$A43,'Raw Data'!$T$2:$T$10000,"Semi Critical") | D43: =COUNTIFS('Raw Data'!$Q$2:$Q$10000,"No",'Raw Data'!$A$2:$A$10000,$C$1,'Raw Data'!$N$2:$N$10000,$C$2,'Raw Data'!$E$2:$E$10000,$A43,'Raw Data'!$T$2:$T$10000,"Non Critical") | E43: =SUM(B43:D43) | F43: =IFERROR(AVERAGEIFS('Raw Data'!$G$2:$G$10000,'Raw Data'!$Q$2:$Q$10000,"No",'Raw Data'!$A$2:$A$10000,$C$1,'Raw Data'!$N$2:$N$10000,$C$2,'Raw Data'!$E$2:$E$10000,$A43),"") | G43: =IFERROR(AVERAGEIFS('Raw Data'!$R$2:$R$10000,'Raw Data'!$Q$2:$Q$10000,"No",'Raw Data'!$A$2:$A$10000,$C$1,'Raw Data'!$N$2:$N$10000,$C$2,'Raw Data'!$E$2:$E$10000,$A43),"") | H43: =IFERROR(AVERAGEIFS('Raw Data'!$S$2:$S$10000,'Raw Data'!$Q$2:$Q$10000,"No",'Raw Data'!$A$2:$A$10000,$C$1,'Raw Data'!$N$2:$N$10000,$C$2,'Raw Data'!$E$2:$E$10000,$A43),"") | I43: =IFERROR(B43/E43,"")
A44: Grand Total | B44: =COUNTIFS('Raw Data'!$Q$2:$Q$10000,"No",'Raw Data'!$A$2:$A$10000,$C$1,'Raw Data'!$N$2:$N$10000,$C$2,'Raw Data'!$E$2:$E$10000,"<>",'Raw Data'!$T$2:$T$10000,"Critical") | C44: =COUNTIFS('Raw Data'!$Q$2:$Q$10000,"No",'Raw Data'!$A$2:$A$10000,$C$1,'Raw Data'!$N$2:$N$10000,$C$2,'Raw Data'!$E$2:$E$10000,"<>",'Raw Data'!$T$2:$T$10000,"Semi Critical") | D44: =COUNTIFS('Raw Data'!$Q$2:$Q$10000,"No",'Raw Data'!$A$2:$A$10000,$C$1,'Raw Data'!$N$2:$N$10000,$C$2,'Raw Data'!$E$2:$E$10000,"<>",'Raw Data'!$T$2:$T$10000,"Non Critical") | E44: =SUM(B44:D44) | F44: =IFERROR(AVERAGEIFS('Raw Data'!$G$2:$G$10000,'Raw Data'!$Q$2:$Q$10000,"No",'Raw Data'!$A$2:$A$10000,$C$1,'Raw Data'!$N$2:$N$10000,$C$2,'Raw Data'!$E$2:$E$10000,"<>"),"") | G44: =IFERROR(AVERAGEIFS('Raw Data'!$R$2:$R$10000,'Raw Data'!$Q$2:$Q$10000,"No",'Raw Data'!$A$2:$A$10000,$C$1,'Raw Data'!$N$2:$N$10000,$C$2,'Raw Data'!$E$2:$E$10000,"<>"),"") | H44: =IFERROR(AVERAGEIFS('Raw Data'!$S$2:$S$10000,'Raw Data'!$Q$2:$Q$10000,"No",'Raw Data'!$A$2:$A$10000,$C$1,'Raw Data'!$N$2:$N$10000,$C$2,'Raw Data'!$E$2:$E$10000,"<>"),"") | I44: =IFERROR(B44/E44,"")

Sheet CLM Cuts
A1: Select Date ▶ | B1: 46304 | C1: =IF($B$1="All","<>",$B$1) | D1: (pick a date or "All" from the dropdown)
A2: Select City ▶ | B2: All | C2: =IF($B$2="All","<>",$B$2) | D2: (pick a city or "All")
A4: CLM level - CC MTD %: store count by band
A5: Leader | B5: CLM | C5: <20% | D5: 20-40% | E5: 40-50% | F5: 50-60% | G5: 60-70% | H5: 70-85% | I5: 85-95% | J5: >=95% | K5: Total Stores | L5: Avg CC MTD %
A6: =IFERROR(VLOOKUP($B6,Leaders!$A:$B,2,0),"Not Mapped") | B6: Adhavan Subramani | C6: =COUNTIFS('Raw Data'!$Q$2:$Q$10000,"No",'Raw Data'!$A$2:$A$10000,$C$1,'Raw Data'!$E$2:$E$10000,$C$2,'Raw Data'!$O$2:$O$10000,$B6,'Raw Data'!$G$2:$G$10000,">=0",'Raw Data'!$G$2:$G$10000,"<0.2") | D6: =COUNTIFS('Raw Data'!$Q$2:$Q$10000,"No",'Raw Data'!$A$2:$A$10000,$C$1,'Raw Data'!$E$2:$E$10000,$C$2,'Raw Data'!$O$2:$O$10000,$B6,'Raw Data'!$G$2:$G$10000,">=0.2",'Raw Data'!$G$2:$G$10000,"<0.4") | E6: =COUNTIFS('Raw Data'!$Q$2:$Q$10000,"No",'Raw Data'!$A$2:$A$10000,$C$1,'Raw Data'!$E$2:$E$10000,$C$2,'Raw Data'!$O$2:$O$10000,$B6,'Raw Data'!$G$2:$G$10000,">=0.4",'Raw Data'!$G$2:$G$10000,"<0.5") | F6: =COUNTIFS('Raw Data'!$Q$2:$Q$10000,"No",'Raw Data'!$A$2:$A$10000,$C$1,'Raw Data'!$E$2:$E$10000,$C$2,'Raw Data'!$O$2:$O$10000,$B6,'Raw Data'!$G$2:$G$10000,">=0.5",'Raw Data'!$G$2:$G$10000,"<0.6") | G6: =COUNTIFS('Raw Data'!$Q$2:$Q$10000,"No",'Raw Data'!$A$2:$A$10000,$C$1,'Raw Data'!$E$2:$E$10000,$C$2,'Raw Data'!$O$2:$O$10000,$B6,'Raw Data'!$G$2:$G$10000,">=0.6",'Raw Data'!$G$2:$G$10000,"<0.7") | H6: =COUNTIFS('Raw Data'!$Q$2:$Q$10000,"No",'Raw Data'!$A$2:$A$10000,$C$1,'Raw Data'!$E$2:$E$10000,$C$2,'Raw Data'!$O$2:$O$10000,$B6,'Raw Data'!$G$2:$G$10000,">=0.7",'Raw Data'!$G$2:$G$10000,"<0.85") | I6: =COUNTIFS('Raw Data'!$Q$2:$Q$10000,"No",'Raw Data'!$A$2:$A$10000,$C$1,'Raw Data'!$E$2:$E$10000,$C$2,'Raw Data'!$O$2:$O$10000,$B6,'Raw Data'!$G$2:$G$10000,">=0.85",'Raw Data'!$G$2:$G$10000,"<0.95") | J6: =COUNTIFS('Raw Data'!$Q$2:$Q$10000,"No",'Raw Data'!$A$2:$A$10000,$C$1,'Raw Data'!$E$2:$E$10000,$C$2,'Raw Data'!$O$2:$O$10000,$B6,'Raw Data'!$G$2:$G$10000,">=0.95") | K6: =SUM(C6:J6) | L6: =IFERROR(AVERAGEIFS('Raw Data'!$G$2:$G$10000,'Raw Data'!$Q$2:$Q$10000,"No",'Raw Data'!$A$2:$A$10000,$C$1,'Raw Data'!$E$2:$E$10000,$C$2,'Raw Data'!$O$2:$O$10000,$B6),"")
A7: =IFERROR(VLOOKUP($B7,Leaders!$A:$B,2,0),"Not Mapped") | B7: Ashwath S | C7: =COUNTIFS('Raw Data'!$Q$2:$Q$10000,"No",'Raw Data'!$A$2:$A$10000,$C$1,'Raw Data'!$E$2:$E$10000,$C$2,'Raw Data'!$O$2:$O$10000,$B7,'Raw Data'!$G$2:$G$10000,">=0",'Raw Data'!$G$2:$G$10000,"<0.2") | D7: =COUNTIFS('Raw Data'!$Q$2:$Q$10000,"No",'Raw Data'!$A$2:$A$10000,$C$1,'Raw Data'!$E$2:$E$10000,$C$2,'Raw Data'!$O$2:$O$10000,$B7,'Raw Data'!$G$2:$G$10000,">=0.2",'Raw Data'!$G$2:$G$10000,"<0.4") | E7: =COUNTIFS('Raw Data'!$Q$2:$Q$10000,"No",'Raw Data'!$A$2:$A$10000,$C$1,'Raw Data'!$E$2:$E$10000,$C$2,'Raw Data'!$O$2:$O$10000,$B7,'Raw Data'!$G$2:$G$10000,">=0.4",'Raw Data'!$G$2:$G$10000,"<0.5") | F7: =COUNTIFS('Raw Data'!$Q$2:$Q$10000,"No",'Raw Data'!$A$2:$A$10000,$C$1,'Raw Data'!$E$2:$E$10000,$C$2,'Raw Data'!$O$2:$O$10000,$B7,'Raw Data'!$G$2:$G$10000,">=0.5",'Raw Data'!$G$2:$G$10000,"<0.6") | G7: =COUNTIFS('Raw Data'!$Q$2:$Q$10000,"No",'Raw Data'!$A$2:$A$10000,$C$1,'Raw Data'!$E$2:$E$10000,$C$2,'Raw Data'!$O$2:$O$10000,$B7,'Raw Data'!$G$2:$G$10000,">=0.6",'Raw Data'!$G$2:$G$10000,"<0.7") | H7: =COUNTIFS('Raw Data'!$Q$2:$Q$10000,"No",'Raw Data'!$A$2:$A$10000,$C$1,'Raw Data'!$E$2:$E$10000,$C$2,'Raw Data'!$O$2:$O$10000,$B7,'Raw Data'!$G$2:$G$10000,">=0.7",'Raw Data'!$G$2:$G$10000,"<0.85") | I7: =COUNTIFS('Raw Data'!$Q$2:$Q$10000,"No",'Raw Data'!$A$2:$A$10000,$C$1,'Raw Data'!$E$2:$E$10000,$C$2,'Raw Data'!$O$2:$O$10000,$B7,'Raw Data'!$G$2:$G$10000,">=0.85",'Raw Data'!$G$2:$G$10000,"<0.95") | J7: =COUNTIFS('Raw Data'!$Q$2:$Q$10000,"No",'Raw Data'!$A$2:$A$10000,$C$1,'Raw Data'!$E$2:$E$10000,$C$2,'Raw Data'!$O$2:$O$10000,$B7,'Raw Data'!$G$2:$G$10000,">=0.95") | K7: =SUM(C7:J7) | L7: =IFERROR(AVERAGEIFS('Raw Data'!$G$2:$G$10000,'Raw Data'!$Q$2:$Q$10000,"No",'Raw Data'!$A$2:$A$10000,$C$1,'Raw Data'!$E$2:$E$10000,$C$2,'Raw Data'!$O$2:$O$10000,$B7),"")
A8: =IFERROR(VLOOKUP($B8,Leaders!$A:$B,2,0),"Not Mapped") | B8: Girish N | C8: =COUNTIFS('Raw Data'!$Q$2:$Q$10000,"No",'Raw Data'!$A$2:$A$10000,$C$1,'Raw Data'!$E$2:$E$10000,$C$2,'Raw Data'!$O$2:$O$10000,$B8,'Raw Data'!$G$2:$G$10000,">=0",'Raw Data'!$G$2:$G$10000,"<0.2") | D8: =COUNTIFS('Raw Data'!$Q$2:$Q$10000,"No",'Raw Data'!$A$2:$A$10000,$C$1,'Raw Data'!$E$2:$E$10000,$C$2,'Raw Data'!$O$2:$O$10000,$B8,'Raw Data'!$G$2:$G$10000,">=0.2",'Raw Data'!$G$2:$G$10000,"<0.4") | E8: =COUNTIFS('Raw Data'!$Q$2:$Q$10000,"No",'Raw Data'!$A$2:$A$10000,$C$1,'Raw Data'!$E$2:$E$10000,$C$2,'Raw Data'!$O$2:$O$10000,$B8,'Raw Data'!$G$2:$G$10000,">=0.4",'Raw Data'!$G$2:$G$10000,"<0.5") | F8: =COUNTIFS('Raw Data'!$Q$2:$Q$10000,"No",'Raw Data'!$A$2:$A$10000,$C$1,'Raw Data'!$E$2:$E$10000,$C$2,'Raw Data'!$O$2:$O$10000,$B8,'Raw Data'!$G$2:$G$10000,">=0.5",'Raw Data'!$G$2:$G$10000,"<0.6") | G8: =COUNTIFS('Raw Data'!$Q$2:$Q$10000,"No",'Raw Data'!$A$2:$A$10000,$C$1,'Raw Data'!$E$2:$E$10000,$C$2,'Raw Data'!$O$2:$O$10000,$B8,'Raw Data'!$G$2:$G$10000,">=0.6",'Raw Data'!$G$2:$G$10000,"<0.7") | H8: =COUNTIFS('Raw Data'!$Q$2:$Q$10000,"No",'Raw Data'!$A$2:$A$10000,$C$1,'Raw Data'!$E$2:$E$10000,$C$2,'Raw Data'!$O$2:$O$10000,$B8,'Raw Data'!$G$2:$G$10000,">=0.7",'Raw Data'!$G$2:$G$10000,"<0.85") | I8: =COUNTIFS('Raw Data'!$Q$2:$Q$10000,"No",'Raw Data'!$A$2:$A$10000,$C$1,'Raw Data'!$E$2:$E$10000,$C$2,'Raw Data'!$O$2:$O$10000,$B8,'Raw Data'!$G$2:$G$10000,">=0.85",'Raw Data'!$G$2:$G$10000,"<0.95") | J8: =COUNTIFS('Raw Data'!$Q$2:$Q$10000,"No",'Raw Data'!$A$2:$A$10000,$C$1,'Raw Data'!$E$2:$E$10000,$C$2,'Raw Data'!$O$2:$O$10000,$B8,'Raw Data'!$G$2:$G$10000,">=0.95") | K8: =SUM(C8:J8) | L8: =IFERROR(AVERAGEIFS('Raw Data'!$G$2:$G$10000,'Raw Data'!$Q$2:$Q$10000,"No",'Raw Data'!$A$2:$A$10000,$C$1,'Raw Data'!$E$2:$E$10000,$C$2,'Raw Data'!$O$2:$O$10000,$B8),"")
A9: =IFERROR(VLOOKUP($B9,Leaders!$A:$B,2,0),"Not Mapped") | B9: Mohaideen DH | C9: =COUNTIFS('Raw Data'!$Q$2:$Q$10000,"No",'Raw Data'!$A$2:$A$10000,$C$1,'Raw Data'!$E$2:$E$10000,$C$2,'Raw Data'!$O$2:$O$10000,$B9,'Raw Data'!$G$2:$G$10000,">=0",'Raw Data'!$G$2:$G$10000,"<0.2") | D9: =COUNTIFS('Raw Data'!$Q$2:$Q$10000,"No",'Raw Data'!$A$2:$A$10000,$C$1,'Raw Data'!$E$2:$E$10000,$C$2,'Raw Data'!$O$2:$O$10000,$B9,'Raw Data'!$G$2:$G$10000,">=0.2",'Raw Data'!$G$2:$G$10000,"<0.4") | E9: =COUNTIFS('Raw Data'!$Q$2:$Q$10000,"No",'Raw Data'!$A$2:$A$10000,$C$1,'Raw Data'!$E$2:$E$10000,$C$2,'Raw Data'!$O$2:$O$10000,$B9,'Raw Data'!$G$2:$G$10000,">=0.4",'Raw Data'!$G$2:$G$10000,"<0.5") | F9: =COUNTIFS('Raw Data'!$Q$2:$Q$10000,"No",'Raw Data'!$A$2:$A$10000,$C$1,'Raw Data'!$E$2:$E$10000,$C$2,'Raw Data'!$O$2:$O$10000,$B9,'Raw Data'!$G$2:$G$10000,">=0.5",'Raw Data'!$G$2:$G$10000,"<0.6") | G9: =COUNTIFS('Raw Data'!$Q$2:$Q$10000,"No",'Raw Data'!$A$2:$A$10000,$C$1,'Raw Data'!$E$2:$E$10000,$C$2,'Raw Data'!$O$2:$O$10000,$B9,'Raw Data'!$G$2:$G$10000,">=0.6",'Raw Data'!$G$2:$G$10000,"<0.7") | H9: =COUNTIFS('Raw Data'!$Q$2:$Q$10000,"No",'Raw Data'!$A$2:$A$10000,$C$1,'Raw Data'!$E$2:$E$10000,$C$2,'Raw Data'!$O$2:$O$10000,$B9,'Raw Data'!$G$2:$G$10000,">=0.7",'Raw Data'!$G$2:$G$10000,"<0.85") | I9: =COUNTIFS('Raw Data'!$Q$2:$Q$10000,"No",'Raw Data'!$A$2:$A$10000,$C$1,'Raw Data'!$E$2:$E$10000,$C$2,'Raw Data'!$O$2:$O$10000,$B9,'Raw Data'!$G$2:$G$10000,">=0.85",'Raw Data'!$G$2:$G$10000,"<0.95") | J9: =COUNTIFS('Raw Data'!$Q$2:$Q$10000,"No",'Raw Data'!$A$2:$A$10000,$C$1,'Raw Data'!$E$2:$E$10000,$C$2,'Raw Data'!$O$2:$O$10000,$B9,'Raw Data'!$G$2:$G$10000,">=0.95") | K9: =SUM(C9:J9) | L9: =IFERROR(AVERAGEIFS('Raw Data'!$G$2:$G$10000,'Raw Data'!$Q$2:$Q$10000,"No",'Raw Data'!$A$2:$A$10000,$C$1,'Raw Data'!$E$2:$E$10000,$C$2,'Raw Data'!$O$2:$O$10000,$B9),"")
A10: =IFERROR(VLOOKUP($B10,Leaders!$A:$B,2,0),"Not Mapped") | B10: Richard Harris | C10: =COUNTIFS('Raw Data'!$Q$2:$Q$10000,"No",'Raw Data'!$A$2:$A$10000,$C$1,'Raw Data'!$E$2:$E$10000,$C$2,'Raw Data'!$O$2:$O$10000,$B10,'Raw Data'!$G$2:$G$10000,">=0",'Raw Data'!$G$2:$G$10000,"<0.2") | D10: =COUNTIFS('Raw Data'!$Q$2:$Q$10000,"No",'Raw Data'!$A$2:$A$10000,$C$1,'Raw Data'!$E$2:$E$10000,$C$2,'Raw Data'!$O$2:$O$10000,$B10,'Raw Data'!$G$2:$G$10000,">=0.2",'Raw Data'!$G$2:$G$10000,"<0.4") | E10: =COUNTIFS('Raw Data'!$Q$2:$Q$10000,"No",'Raw Data'!$A$2:$A$10000,$C$1,'Raw Data'!$E$2:$E$10000,$C$2,'Raw Data'!$O$2:$O$10000,$B10,'Raw Data'!$G$2:$G$10000,">=0.4",'Raw Data'!$G$2:$G$10000,"<0.5") | F10: =COUNTIFS('Raw Data'!$Q$2:$Q$10000,"No",'Raw Data'!$A$2:$A$10000,$C$1,'Raw Data'!$E$2:$E$10000,$C$2,'Raw Data'!$O$2:$O$10000,$B10,'Raw Data'!$G$2:$G$10000,">=0.5",'Raw Data'!$G$2:$G$10000,"<0.6") | G10: =COUNTIFS('Raw Data'!$Q$2:$Q$10000,"No",'Raw Data'!$A$2:$A$10000,$C$1,'Raw Data'!$E$2:$E$10000,$C$2,'Raw Data'!$O$2:$O$10000,$B10,'Raw Data'!$G$2:$G$10000,">=0.6",'Raw Data'!$G$2:$G$10000,"<0.7") | H10: =COUNTIFS('Raw Data'!$Q$2:$Q$10000,"No",'Raw Data'!$A$2:$A$10000,$C$1,'Raw Data'!$E$2:$E$10000,$C$2,'Raw Data'!$O$2:$O$10000,$B10,'Raw Data'!$G$2:$G$10000,">=0.7",'Raw Data'!$G$2:$G$10000,"<0.85") | I10: =COUNTIFS('Raw Data'!$Q$2:$Q$10000,"No",'Raw Data'!$A$2:$A$10000,$C$1,'Raw Data'!$E$2:$E$10000,$C$2,'Raw Data'!$O$2:$O$10000,$B10,'Raw Data'!$G$2:$G$10000,">=0.85",'Raw Data'!$G$2:$G$10000,"<0.95") | J10: =COUNTIFS('Raw Data'!$Q$2:$Q$10000,"No",'Raw Data'!$A$2:$A$10000,$C$1,'Raw Data'!$E$2:$E$10000,$C$2,'Raw Data'!$O$2:$O$10000,$B10,'Raw Data'!$G$2:$G$10000,">=0.95") | K10: =SUM(C10:J10) | L10: =IFERROR(AVERAGEIFS('Raw Data'!$G$2:$G$10000,'Raw Data'!$Q$2:$Q$10000,"No",'Raw Data'!$A$2:$A$10000,$C$1,'Raw Data'!$E$2:$E$10000,$C$2,'Raw Data'!$O$2:$O$10000,$B10),"")
A11: =IFERROR(VLOOKUP($B11,Leaders!$A:$B,2,0),"Not Mapped") | B11: Akshay P | C11: =COUNTIFS('Raw Data'!$Q$2:$Q$10000,"No",'Raw Data'!$A$2:$A$10000,$C$1,'Raw Data'!$E$2:$E$10000,$C$2,'Raw Data'!$O$2:$O$10000,$B11,'Raw Data'!$G$2:$G$10000,">=0",'Raw Data'!$G$2:$G$10000,"<0.2") | D11: =COUNTIFS('Raw Data'!$Q$2:$Q$10000,"No",'Raw Data'!$A$2:$A$10000,$C$1,'Raw Data'!$E$2:$E$10000,$C$2,'Raw Data'!$O$2:$O$10000,$B11,'Raw Data'!$G$2:$G$10000,">=0.2",'Raw Data'!$G$2:$G$10000,"<0.4") | E11: =COUNTIFS('Raw Data'!$Q$2:$Q$10000,"No",'Raw Data'!$A$2:$A$10000,$C$1,'Raw Data'!$E$2:$E$10000,$C$2,'Raw Data'!$O$2:$O$10000,$B11,'Raw Data'!$G$2:$G$10000,">=0.4",'Raw Data'!$G$2:$G$10000,"<0.5") | F11: =COUNTIFS('Raw Data'!$Q$2:$Q$10000,"No",'Raw Data'!$A$2:$A$10000,$C$1,'Raw Data'!$E$2:$E$10000,$C$2,'Raw Data'!$O$2:$O$10000,$B11,'Raw Data'!$G$2:$G$10000,">=0.5",'Raw Data'!$G$2:$G$10000,"<0.6") | G11: =COUNTIFS('Raw Data'!$Q$2:$Q$10000,"No",'Raw Data'!$A$2:$A$10000,$C$1,'Raw Data'!$E$2:$E$10000,$C$2,'Raw Data'!$O$2:$O$10000,$B11,'Raw Data'!$G$2:$G$10000,">=0.6",'Raw Data'!$G$2:$G$10000,"<0.7") | H11: =COUNTIFS('Raw Data'!$Q$2:$Q$10000,"No",'Raw Data'!$A$2:$A$10000,$C$1,'Raw Data'!$E$2:$E$10000,$C$2,'Raw Data'!$O$2:$O$10000,$B11,'Raw Data'!$G$2:$G$10000,">=0.7",'Raw Data'!$G$2:$G$10000,"<0.85") | I11: =COUNTIFS('Raw Data'!$Q$2:$Q$10000,"No",'Raw Data'!$A$2:$A$10000,$C$1,'Raw Data'!$E$2:$E$10000,$C$2,'Raw Data'!$O$2:$O$10000,$B11,'Raw Data'!$G$2:$G$10000,">=0.85",'Raw Data'!$G$2:$G$10000,"<0.95") | J11: =COUNTIFS('Raw Data'!$Q$2:$Q$10000,"No",'Raw Data'!$A$2:$A$10000,$C$1,'Raw Data'!$E$2:$E$10000,$C$2,'Raw Data'!$O$2:$O$10000,$B11,'Raw Data'!$G$2:$G$10000,">=0.95") | K11: =SUM(C11:J11) | L11: =IFERROR(AVERAGEIFS('Raw Data'!$G$2:$G$10000,'Raw Data'!$Q$2:$Q$10000,"No",'Raw Data'!$A$2:$A$10000,$C$1,'Raw Data'!$E$2:$E$10000,$C$2,'Raw Data'!$O$2:$O$10000,$B11),"")
A12: =IFERROR(VLOOKUP($B12,Leaders!$A:$B,2,0),"Not Mapped") | B12: Manoj Kj | C12: =COUNTIFS('Raw Data'!$Q$2:$Q$10000,"No",'Raw Data'!$A$2:$A$10000,$C$1,'Raw Data'!$E$2:$E$10000,$C$2,'Raw Data'!$O$2:$O$10000,$B12,'Raw Data'!$G$2:$G$10000,">=0",'Raw Data'!$G$2:$G$10000,"<0.2") | D12: =COUNTIFS('Raw Data'!$Q$2:$Q$10000,"No",'Raw Data'!$A$2:$A$10000,$C$1,'Raw Data'!$E$2:$E$10000,$C$2,'Raw Data'!$O$2:$O$10000,$B12,'Raw Data'!$G$2:$G$10000,">=0.2",'Raw Data'!$G$2:$G$10000,"<0.4") | E12: =COUNTIFS('Raw Data'!$Q$2:$Q$10000,"No",'Raw Data'!$A$2:$A$10000,$C$1,'Raw Data'!$E$2:$E$10000,$C$2,'Raw Data'!$O$2:$O$10000,$B12,'Raw Data'!$G$2:$G$10000,">=0.4",'Raw Data'!$G$2:$G$10000,"<0.5") | F12: =COUNTIFS('Raw Data'!$Q$2:$Q$10000,"No",'Raw Data'!$A$2:$A$10000,$C$1,'Raw Data'!$E$2:$E$10000,$C$2,'Raw Data'!$O$2:$O$10000,$B12,'Raw Data'!$G$2:$G$10000,">=0.5",'Raw Data'!$G$2:$G$10000,"<0.6") | G12: =COUNTIFS('Raw Data'!$Q$2:$Q$10000,"No",'Raw Data'!$A$2:$A$10000,$C$1,'Raw Data'!$E$2:$E$10000,$C$2,'Raw Data'!$O$2:$O$10000,$B12,'Raw Data'!$G$2:$G$10000,">=0.6",'Raw Data'!$G$2:$G$10000,"<0.7") | H12: =COUNTIFS('Raw Data'!$Q$2:$Q$10000,"No",'Raw Data'!$A$2:$A$10000,$C$1,'Raw Data'!$E$2:$E$10000,$C$2,'Raw Data'!$O$2:$O$10000,$B12,'Raw Data'!$G$2:$G$10000,">=0.7",'Raw Data'!$G$2:$G$10000,"<0.85") | I12: =COUNTIFS('Raw Data'!$Q$2:$Q$10000,"No",'Raw Data'!$A$2:$A$10000,$C$1,'Raw Data'!$E$2:$E$10000,$C$2,'Raw Data'!$O$2:$O$10000,$B12,'Raw Data'!$G$2:$G$10000,">=0.85",'Raw Data'!$G$2:$G$10000,"<0.95") | J12: =COUNTIFS('Raw Data'!$Q$2:$Q$10000,"No",'Raw Data'!$A$2:$A$10000,$C$1,'Raw Data'!$E$2:$E$10000,$C$2,'Raw Data'!$O$2:$O$10000,$B12,'Raw Data'!$G$2:$G$10000,">=0.95") | K12: =SUM(C12:J12) | L12: =IFERROR(AVERAGEIFS('Raw Data'!$G$2:$G$10000,'Raw Data'!$Q$2:$Q$10000,"No",'Raw Data'!$A$2:$A$10000,$C$1,'Raw Data'!$E$2:$E$10000,$C$2,'Raw Data'!$O$2:$O$10000,$B12),"")
A13: =IFERROR(VLOOKUP($B13,Leaders!$A:$B,2,0),"Not Mapped") | B13: Narasimhamurthy R | C13: =COUNTIFS('Raw Data'!$Q$2:$Q$10000,"No",'Raw Data'!$A$2:$A$10000,$C$1,'Raw Data'!$E$2:$E$10000,$C$2,'Raw Data'!$O$2:$O$10000,$B13,'Raw Data'!$G$2:$G$10000,">=0",'Raw Data'!$G$2:$G$10000,"<0.2") | D13: =COUNTIFS('Raw Data'!$Q$2:$Q$10000,"No",'Raw Data'!$A$2:$A$10000,$C$1,'Raw Data'!$E$2:$E$10000,$C$2,'Raw Data'!$O$2:$O$10000,$B13,'Raw Data'!$G$2:$G$10000,">=0.2",'Raw Data'!$G$2:$G$10000,"<0.4") | E13: =COUNTIFS('Raw Data'!$Q$2:$Q$10000,"No",'Raw Data'!$A$2:$A$10000,$C$1,'Raw Data'!$E$2:$E$10000,$C$2,'Raw Data'!$O$2:$O$10000,$B13,'Raw Data'!$G$2:$G$10000,">=0.4",'Raw Data'!$G$2:$G$10000,"<0.5") | F13: =COUNTIFS('Raw Data'!$Q$2:$Q$10000,"No",'Raw Data'!$A$2:$A$10000,$C$1,'Raw Data'!$E$2:$E$10000,$C$2,'Raw Data'!$O$2:$O$10000,$B13,'Raw Data'!$G$2:$G$10000,">=0.5",'Raw Data'!$G$2:$G$10000,"<0.6") | G13: =COUNTIFS('Raw Data'!$Q$2:$Q$10000,"No",'Raw Data'!$A$2:$A$10000,$C$1,'Raw Data'!$E$2:$E$10000,$C$2,'Raw Data'!$O$2:$O$10000,$B13,'Raw Data'!$G$2:$G$10000,">=0.6",'Raw Data'!$G$2:$G$10000,"<0.7") | H13: =COUNTIFS('Raw Data'!$Q$2:$Q$10000,"No",'Raw Data'!$A$2:$A$10000,$C$1,'Raw Data'!$E$2:$E$10000,$C$2,'Raw Data'!$O$2:$O$10000,$B13,'Raw Data'!$G$2:$G$10000,">=0.7",'Raw Data'!$G$2:$G$10000,"<0.85") | I13: =COUNTIFS('Raw Data'!$Q$2:$Q$10000,"No",'Raw Data'!$A$2:$A$10000,$C$1,'Raw Data'!$E$2:$E$10000,$C$2,'Raw Data'!$O$2:$O$10000,$B13,'Raw Data'!$G$2:$G$10000,">=0.85",'Raw Data'!$G$2:$G$10000,"<0.95") | J13: =COUNTIFS('Raw Data'!$Q$2:$Q$10000,"No",'Raw Data'!$A$2:$A$10000,$C$1,'Raw Data'!$E$2:$E$10000,$C$2,'Raw Data'!$O$2:$O$10000,$B13,'Raw Data'!$G$2:$G$10000,">=0.95") | K13: =SUM(C13:J13) | L13: =IFERROR(AVERAGEIFS('Raw Data'!$G$2:$G$10000,'Raw Data'!$Q$2:$Q$10000,"No",'Raw Data'!$A$2:$A$10000,$C$1,'Raw Data'!$E$2:$E$10000,$C$2,'Raw Data'!$O$2:$O$10000,$B13),"")
A14: =IFERROR(VLOOKUP($B14,Leaders!$A:$B,2,0),"Not Mapped") | B14: Ravishankar gowda | C14: =COUNTIFS('Raw Data'!$Q$2:$Q$10000,"No",'Raw Data'!$A$2:$A$10000,$C$1,'Raw Data'!$E$2:$E$10000,$C$2,'Raw Data'!$O$2:$O$10000,$B14,'Raw Data'!$G$2:$G$10000,">=0",'Raw Data'!$G$2:$G$10000,"<0.2") | D14: =COUNTIFS('Raw Data'!$Q$2:$Q$10000,"No",'Raw Data'!$A$2:$A$10000,$C$1,'Raw Data'!$E$2:$E$10000,$C$2,'Raw Data'!$O$2:$O$10000,$B14,'Raw Data'!$G$2:$G$10000,">=0.2",'Raw Data'!$G$2:$G$10000,"<0.4") | E14: =COUNTIFS('Raw Data'!$Q$2:$Q$10000,"No",'Raw Data'!$A$2:$A$10000,$C$1,'Raw Data'!$E$2:$E$10000,$C$2,'Raw Data'!$O$2:$O$10000,$B14,'Raw Data'!$G$2:$G$10000,">=0.4",'Raw Data'!$G$2:$G$10000,"<0.5") | F14: =COUNTIFS('Raw Data'!$Q$2:$Q$10000,"No",'Raw Data'!$A$2:$A$10000,$C$1,'Raw Data'!$E$2:$E$10000,$C$2,'Raw Data'!$O$2:$O$10000,$B14,'Raw Data'!$G$2:$G$10000,">=0.5",'Raw Data'!$G$2:$G$10000,"<0.6") | G14: =COUNTIFS('Raw Data'!$Q$2:$Q$10000,"No",'Raw Data'!$A$2:$A$10000,$C$1,'Raw Data'!$E$2:$E$10000,$C$2,'Raw Data'!$O$2:$O$10000,$B14,'Raw Data'!$G$2:$G$10000,">=0.6",'Raw Data'!$G$2:$G$10000,"<0.7") | H14: =COUNTIFS('Raw Data'!$Q$2:$Q$10000,"No",'Raw Data'!$A$2:$A$10000,$C$1,'Raw Data'!$E$2:$E$10000,$C$2,'Raw Data'!$O$2:$O$10000,$B14,'Raw Data'!$G$2:$G$10000,">=0.7",'Raw Data'!$G$2:$G$10000,"<0.85") | I14: =COUNTIFS('Raw Data'!$Q$2:$Q$10000,"No",'Raw Data'!$A$2:$A$10000,$C$1,'Raw Data'!$E$2:$E$10000,$C$2,'Raw Data'!$O$2:$O$10000,$B14,'Raw Data'!$G$2:$G$10000,">=0.85",'Raw Data'!$G$2:$G$10000,"<0.95") | J14: =COUNTIFS('Raw Data'!$Q$2:$Q$10000,"No",'Raw Data'!$A$2:$A$10000,$C$1,'Raw Data'!$E$2:$E$10000,$C$2,'Raw Data'!$O$2:$O$10000,$B14,'Raw Data'!$G$2:$G$10000,">=0.95") | K14: =SUM(C14:J14) | L14: =IFERROR(AVERAGEIFS('Raw Data'!$G$2:$G$10000,'Raw Data'!$Q$2:$Q$10000,"No",'Raw Data'!$A$2:$A$10000,$C$1,'Raw Data'!$E$2:$E$10000,$C$2,'Raw Data'!$O$2:$O$10000,$B14),"")
A15: =IFERROR(VLOOKUP($B15,Leaders!$A:$B,2,0),"Not Mapped") | B15: Balaji G | C15: =COUNTIFS('Raw Data'!$Q$2:$Q$10000,"No",'Raw Data'!$A$2:$A$10000,$C$1,'Raw Data'!$E$2:$E$10000,$C$2,'Raw Data'!$O$2:$O$10000,$B15,'Raw Data'!$G$2:$G$10000,">=0",'Raw Data'!$G$2:$G$10000,"<0.2") | D15: =COUNTIFS('Raw Data'!$Q$2:$Q$10000,"No",'Raw Data'!$A$2:$A$10000,$C$1,'Raw Data'!$E$2:$E$10000,$C$2,'Raw Data'!$O$2:$O$10000,$B15,'Raw Data'!$G$2:$G$10000,">=0.2",'Raw Data'!$G$2:$G$10000,"<0.4") | E15: =COUNTIFS('Raw Data'!$Q$2:$Q$10000,"No",'Raw Data'!$A$2:$A$10000,$C$1,'Raw Data'!$E$2:$E$10000,$C$2,'Raw Data'!$O$2:$O$10000,$B15,'Raw Data'!$G$2:$G$10000,">=0.4",'Raw Data'!$G$2:$G$10000,"<0.5") | F15: =COUNTIFS('Raw Data'!$Q$2:$Q$10000,"No",'Raw Data'!$A$2:$A$10000,$C$1,'Raw Data'!$E$2:$E$10000,$C$2,'Raw Data'!$O$2:$O$10000,$B15,'Raw Data'!$G$2:$G$10000,">=0.5",'Raw Data'!$G$2:$G$10000,"<0.6") | G15: =COUNTIFS('Raw Data'!$Q$2:$Q$10000,"No",'Raw Data'!$A$2:$A$10000,$C$1,'Raw Data'!$E$2:$E$10000,$C$2,'Raw Data'!$O$2:$O$10000,$B15,'Raw Data'!$G$2:$G$10000,">=0.6",'Raw Data'!$G$2:$G$10000,"<0.7") | H15: =COUNTIFS('Raw Data'!$Q$2:$Q$10000,"No",'Raw Data'!$A$2:$A$10000,$C$1,'Raw Data'!$E$2:$E$10000,$C$2,'Raw Data'!$O$2:$O$10000,$B15,'Raw Data'!$G$2:$G$10000,">=0.7",'Raw Data'!$G$2:$G$10000,"<0.85") | I15: =COUNTIFS('Raw Data'!$Q$2:$Q$10000,"No",'Raw Data'!$A$2:$A$10000,$C$1,'Raw Data'!$E$2:$E$10000,$C$2,'Raw Data'!$O$2:$O$10000,$B15,'Raw Data'!$G$2:$G$10000,">=0.85",'Raw Data'!$G$2:$G$10000,"<0.95") | J15: =COUNTIFS('Raw Data'!$Q$2:$Q$10000,"No",'Raw Data'!$A$2:$A$10000,$C$1,'Raw Data'!$E$2:$E$10000,$C$2,'Raw Data'!$O$2:$O$10000,$B15,'Raw Data'!$G$2:$G$10000,">=0.95") | K15: =SUM(C15:J15) | L15: =IFERROR(AVERAGEIFS('Raw Data'!$G$2:$G$10000,'Raw Data'!$Q$2:$Q$10000,"No",'Raw Data'!$A$2:$A$10000,$C$1,'Raw Data'!$E$2:$E$10000,$C$2,'Raw Data'!$O$2:$O$10000,$B15),"")
A16: =IFERROR(VLOOKUP($B16,Leaders!$A:$B,2,0),"Not Mapped") | B16: Basil Scariya | C16: =COUNTIFS('Raw Data'!$Q$2:$Q$10000,"No",'Raw Data'!$A$2:$A$10000,$C$1,'Raw Data'!$E$2:$E$10000,$C$2,'Raw Data'!$O$2:$O$10000,$B16,'Raw Data'!$G$2:$G$10000,">=0",'Raw Data'!$G$2:$G$10000,"<0.2") | D16: =COUNTIFS('Raw Data'!$Q$2:$Q$10000,"No",'Raw Data'!$A$2:$A$10000,$C$1,'Raw Data'!$E$2:$E$10000,$C$2,'Raw Data'!$O$2:$O$10000,$B16,'Raw Data'!$G$2:$G$10000,">=0.2",'Raw Data'!$G$2:$G$10000,"<0.4") | E16: =COUNTIFS('Raw Data'!$Q$2:$Q$10000,"No",'Raw Data'!$A$2:$A$10000,$C$1,'Raw Data'!$E$2:$E$10000,$C$2,'Raw Data'!$O$2:$O$10000,$B16,'Raw Data'!$G$2:$G$10000,">=0.4",'Raw Data'!$G$2:$G$10000,"<0.5") | F16: =COUNTIFS('Raw Data'!$Q$2:$Q$10000,"No",'Raw Data'!$A$2:$A$10000,$C$1,'Raw Data'!$E$2:$E$10000,$C$2,'Raw Data'!$O$2:$O$10000,$B16,'Raw Data'!$G$2:$G$10000,">=0.5",'Raw Data'!$G$2:$G$10000,"<0.6") | G16: =COUNTIFS('Raw Data'!$Q$2:$Q$10000,"No",'Raw Data'!$A$2:$A$10000,$C$1,'Raw Data'!$E$2:$E$10000,$C$2,'Raw Data'!$O$2:$O$10000,$B16,'Raw Data'!$G$2:$G$10000,">=0.6",'Raw Data'!$G$2:$G$10000,"<0.7") | H16: =COUNTIFS('Raw Data'!$Q$2:$Q$10000,"No",'Raw Data'!$A$2:$A$10000,$C$1,'Raw Data'!$E$2:$E$10000,$C$2,'Raw Data'!$O$2:$O$10000,$B16,'Raw Data'!$G$2:$G$10000,">=0.7",'Raw Data'!$G$2:$G$10000,"<0.85") | I16: =COUNTIFS('Raw Data'!$Q$2:$Q$10000,"No",'Raw Data'!$A$2:$A$10000,$C$1,'Raw Data'!$E$2:$E$10000,$C$2,'Raw Data'!$O$2:$O$10000,$B16,'Raw Data'!$G$2:$G$10000,">=0.85",'Raw Data'!$G$2:$G$10000,"<0.95") | J16: =COUNTIFS('Raw Data'!$Q$2:$Q$10000,"No",'Raw Data'!$A$2:$A$10000,$C$1,'Raw Data'!$E$2:$E$10000,$C$2,'Raw Data'!$O$2:$O$10000,$B16,'Raw Data'!$G$2:$G$10000,">=0.95") | K16: =SUM(C16:J16) | L16: =IFERROR(AVERAGEIFS('Raw Data'!$G$2:$G$10000,'Raw Data'!$Q$2:$Q$10000,"No",'Raw Data'!$A$2:$A$10000,$C$1,'Raw Data'!$E$2:$E$10000,$C$2,'Raw Data'!$O$2:$O$10000,$B16),"")
A17: =IFERROR(VLOOKUP($B17,Leaders!$A:$B,2,0),"Not Mapped") | B17: Keshav G | C17: =COUNTIFS('Raw Data'!$Q$2:$Q$10000,"No",'Raw Data'!$A$2:$A$10000,$C$1,'Raw Data'!$E$2:$E$10000,$C$2,'Raw Data'!$O$2:$O$10000,$B17,'Raw Data'!$G$2:$G$10000,">=0",'Raw Data'!$G$2:$G$10000,"<0.2") | D17: =COUNTIFS('Raw Data'!$Q$2:$Q$10000,"No",'Raw Data'!$A$2:$A$10000,$C$1,'Raw Data'!$E$2:$E$10000,$C$2,'Raw Data'!$O$2:$O$10000,$B17,'Raw Data'!$G$2:$G$10000,">=0.2",'Raw Data'!$G$2:$G$10000,"<0.4") | E17: =COUNTIFS('Raw Data'!$Q$2:$Q$10000,"No",'Raw Data'!$A$2:$A$10000,$C$1,'Raw Data'!$E$2:$E$10000,$C$2,'Raw Data'!$O$2:$O$10000,$B17,'Raw Data'!$G$2:$G$10000,">=0.4",'Raw Data'!$G$2:$G$10000,"<0.5") | F17: =COUNTIFS('Raw Data'!$Q$2:$Q$10000,"No",'Raw Data'!$A$2:$A$10000,$C$1,'Raw Data'!$E$2:$E$10000,$C$2,'Raw Data'!$O$2:$O$10000,$B17,'Raw Data'!$G$2:$G$10000,">=0.5",'Raw Data'!$G$2:$G$10000,"<0.6") | G17: =COUNTIFS('Raw Data'!$Q$2:$Q$10000,"No",'Raw Data'!$A$2:$A$10000,$C$1,'Raw Data'!$E$2:$E$10000,$C$2,'Raw Data'!$O$2:$O$10000,$B17,'Raw Data'!$G$2:$G$10000,">=0.6",'Raw Data'!$G$2:$G$10000,"<0.7") | H17: =COUNTIFS('Raw Data'!$Q$2:$Q$10000,"No",'Raw Data'!$A$2:$A$10000,$C$1,'Raw Data'!$E$2:$E$10000,$C$2,'Raw Data'!$O$2:$O$10000,$B17,'Raw Data'!$G$2:$G$10000,">=0.7",'Raw Data'!$G$2:$G$10000,"<0.85") | I17: =COUNTIFS('Raw Data'!$Q$2:$Q$10000,"No",'Raw Data'!$A$2:$A$10000,$C$1,'Raw Data'!$E$2:$E$10000,$C$2,'Raw Data'!$O$2:$O$10000,$B17,'Raw Data'!$G$2:$G$10000,">=0.85",'Raw Data'!$G$2:$G$10000,"<0.95") | J17: =COUNTIFS('Raw Data'!$Q$2:$Q$10000,"No",'Raw Data'!$A$2:$A$10000,$C$1,'Raw Data'!$E$2:$E$10000,$C$2,'Raw Data'!$O$2:$O$10000,$B17,'Raw Data'!$G$2:$G$10000,">=0.95") | K17: =SUM(C17:J17) | L17: =IFERROR(AVERAGEIFS('Raw Data'!$G$2:$G$10000,'Raw Data'!$Q$2:$Q$10000,"No",'Raw Data'!$A$2:$A$10000,$C$1,'Raw Data'!$E$2:$E$10000,$C$2,'Raw Data'!$O$2:$O$10000,$B17),"")
... A31: =IFERROR(VLOOKUP($B31,Leaders!$A:$B,2,0),"Not Mapped") | B31: Vishnu V | C31: =COUNTIFS('Raw Data'!$Q$2:$Q$10000,"No",'Raw Data'!$A$2:$A$10000,$C$1,'Raw Data'!$E$2:$E$10000,$C$2,'Raw Data'!$O$2:$O$10000,$B31,'Raw Data'!$G$2:$G$10000,">=0",'Raw Data'!$G$2:$G$10000,"<0.2") | D31: =COUNTIFS('Raw Data'!$Q$2:$Q$10000,"No",'Raw Data'!$A$2:$A$10000,$C$1,'Raw Data'!$E$2:$E$10000,$C$2,'Raw Data'!$O$2:$O$10000,$B31,'Raw Data'!$G$2:$G$10000,">=0.2",'Raw Data'!$G$2:$G$10000,"<0.4") | E31: =COUNTIFS('Raw Data'!$Q$2:$Q$10000,"No",'Raw Data'!$A$2:$A$10000,$C$1,'Raw Data'!$E$2:$E$10000,$C$2,'Raw Data'!$O$2:$O$10000,$B31,'Raw Data'!$G$2:$G$10000,">=0.4",'Raw Data'!$G$2:$G$10000,"<0.5") | F31: =COUNTIFS('Raw Data'!$Q$2:$Q$10000,"No",'Raw Data'!$A$2:$A$10000,$C$1,'Raw Data'!$E$2:$E$10000,$C$2,'Raw Data'!$O$2:$O$10000,$B31,'Raw Data'!$G$2:$G$10000,">=0.5",'Raw Data'!$G$2:$G$10000,"<0.6") | G31: =COUNTIFS('Raw Data'!$Q$2:$Q$10000,"No",'Raw Data'!$A$2:$A$10000,$C$1,'Raw Data'!$E$2:$E$10000,$C$2,'Raw Data'!$O$2:$O$10000,$B31,'Raw Data'!$G$2:$G$10000,">=0.6",'Raw Data'!$G$2:$G$10000,"<0.7") | H31: =COUNTIFS('Raw Data'!$Q$2:$Q$10000,"No",'Raw Data'!$A$2:$A$10000,$C$1,'Raw Data'!$E$2:$E$10000,$C$2,'Raw Data'!$O$2:$O$10000,$B31,'Raw Data'!$G$2:$G$10000,">=0.7",'Raw Data'!$G$2:$G$10000,"<0.85") | I31: =COUNTIFS('Raw Data'!$Q$2:$Q$10000,"No",'Raw Data'!$A$2:$A$10000,$C$1,'Raw Data'!$E$2:$E$10000,$C$2,'Raw Data'!$O$2:$O$10000,$B31,'Raw Data'!$G$2:$G$10000,">=0.85",'Raw Data'!$G$2:$G$10000,"<0.95") | J31: =COUNTIFS('Raw Data'!$Q$2:$Q$10000,"No",'Raw Data'!$A$2:$A$10000,$C$1,'Raw Data'!$E$2:$E$10000,$C$2,'Raw Data'!$O$2:$O$10000,$B31,'Raw Data'!$G$2:$G$10000,">=0.95") | K31: =SUM(C31:J31) | L31: =IFERROR(AVERAGEIFS('Raw Data'!$G$2:$G$10000,'Raw Data'!$Q$2:$Q$10000,"No",'Raw Data'!$A$2:$A$10000,$C$1,'Raw Data'!$E$2:$E$10000,$C$2,'Raw Data'!$O$2:$O$10000,$B31),"")
B32: Grand Total | C32: =COUNTIFS('Raw Data'!$Q$2:$Q$10000,"No",'Raw Data'!$A$2:$A$10000,$C$1,'Raw Data'!$E$2:$E$10000,$C$2,'Raw Data'!$O$2:$O$10000,"<>",'Raw Data'!$G$2:$G$10000,">=0",'Raw Data'!$G$2:$G$10000,"<0.2") | D32: =COUNTIFS('Raw Data'!$Q$2:$Q$10000,"No",'Raw Data'!$A$2:$A$10000,$C$1,'Raw Data'!$E$2:$E$10000,$C$2,'Raw Data'!$O$2:$O$10000,"<>",'Raw Data'!$G$2:$G$10000,">=0.2",'Raw Data'!$G$2:$G$10000,"<0.4") | E32: =COUNTIFS('Raw Data'!$Q$2:$Q$10000,"No",'Raw Data'!$A$2:$A$10000,$C$1,'Raw Data'!$E$2:$E$10000,$C$2,'Raw Data'!$O$2:$O$10000,"<>",'Raw Data'!$G$2:$G$10000,">=0.4",'Raw Data'!$G$2:$G$10000,"<0.5") | F32: =COUNTIFS('Raw Data'!$Q$2:$Q$10000,"No",'Raw Data'!$A$2:$A$10000,$C$1,'Raw Data'!$E$2:$E$10000,$C$2,'Raw Data'!$O$2:$O$10000,"<>",'Raw Data'!$G$2:$G$10000,">=0.5",'Raw Data'!$G$2:$G$10000,"<0.6") | G32: =COUNTIFS('Raw Data'!$Q$2:$Q$10000,"No",'Raw Data'!$A$2:$A$10000,$C$1,'Raw Data'!$E$2:$E$10000,$C$2,'Raw Data'!$O$2:$O$10000,"<>",'Raw Data'!$G$2:$G$10000,">=0.6",'Raw Data'!$G$2:$G$10000,"<0.7") | H32: =COUNTIFS('Raw Data'!$Q$2:$Q$10000,"No",'Raw Data'!$A$2:$A$10000,$C$1,'Raw Data'!$E$2:$E$10000,$C$2,'Raw Data'!$O$2:$O$10000,"<>",'Raw Data'!$G$2:$G$10000,">=0.7",'Raw Data'!$G$2:$G$10000,"<0.85") | I32: =COUNTIFS('Raw Data'!$Q$2:$Q$10000,"No",'Raw Data'!$A$2:$A$10000,$C$1,'Raw Data'!$E$2:$E$10000,$C$2,'Raw Data'!$O$2:$O$10000,"<>",'Raw Data'!$G$2:$G$10000,">=0.85",'Raw Data'!$G$2:$G$10000,"<0.95") | J32: =COUNTIFS('Raw Data'!$Q$2:$Q$10000,"No",'Raw Data'!$A$2:$A$10000,$C$1,'Raw Data'!$E$2:$E$10000,$C$2,'Raw Data'!$O$2:$O$10000,"<>",'Raw Data'!$G$2:$G$10000,">=0.95") | K32: =SUM(C32:J32) | L32: =IFERROR(AVERAGEIFS('Raw Data'!$G$2:$G$10000,'Raw Data'!$Q$2:$Q$10000,"No",'Raw Data'!$A$2:$A$10000,$C$1,'Raw Data'!$E$2:$E$10000,$C$2,'Raw Data'!$O$2:$O$10000,"<>"),"")
A34: CLM level - Inv Health: store count by band
A35: Leader | B35: CLM | C35: <20% | D35: 20-40% | E35: 40-50% | F35: 50-60% | G35: 60-70% | H35: 70-85% | I35: 85-95% | J35: >=95% | K35: Total Stores | L35: Avg Inv Health
A36: =IFERROR(VLOOKUP($B36,Leaders!$A:$B,2,0),"Not Mapped") | B36: Adhavan Subramani | C36: =COUNTIFS('Raw Data'!$Q$2:$Q$10000,"No",'Raw Data'!$A$2:$A$10000,$C$1,'Raw Data'!$E$2:$E$10000,$C$2,'Raw Data'!$O$2:$O$10000,$B36,'Raw Data'!$L$2:$L$10000,">=0",'Raw Data'!$L$2:$L$10000,"<0.2") | D36: =COUNTIFS('Raw Data'!$Q$2:$Q$10000,"No",'Raw Data'!$A$2:$A$10000,$C$1,'Raw Data'!$E$2:$E$10000,$C$2,'Raw Data'!$O$2:$O$10000,$B36,'Raw Data'!$L$2:$L$10000,">=0.2",'Raw Data'!$L$2:$L$10000,"<0.4") | E36: =COUNTIFS('Raw Data'!$Q$2:$Q$10000,"No",'Raw Data'!$A$2:$A$10000,$C$1,'Raw Data'!$E$2:$E$10000,$C$2,'Raw Data'!$O$2:$O$10000,$B36,'Raw Data'!$L$2:$L$10000,">=0.4",'Raw Data'!$L$2:$L$10000,"<0.5") | F36: =COUNTIFS('Raw Data'!$Q$2:$Q$10000,"No",'Raw Data'!$A$2:$A$10000,$C$1,'Raw Data'!$E$2:$E$10000,$C$2,'Raw Data'!$O$2:$O$10000,$B36,'Raw Data'!$L$2:$L$10000,">=0.5",'Raw Data'!$L$2:$L$10000,"<0.6") | G36: =COUNTIFS('Raw Data'!$Q$2:$Q$10000,"No",'Raw Data'!$A$2:$A$10000,$C$1,'Raw Data'!$E$2:$E$10000,$C$2,'Raw Data'!$O$2:$O$10000,$B36,'Raw Data'!$L$2:$L$10000,">=0.6",'Raw Data'!$L$2:$L$10000,"<0.7") | H36: =COUNTIFS('Raw Data'!$Q$2:$Q$10000,"No",'Raw Data'!$A$2:$A$10000,$C$1,'Raw Data'!$E$2:$E$10000,$C$2,'Raw Data'!$O$2:$O$10000,$B36,'Raw Data'!$L$2:$L$10000,">=0.7",'Raw Data'!$L$2:$L$10000,"<0.85") | I36: =COUNTIFS('Raw Data'!$Q$2:$Q$10000,"No",'Raw Data'!$A$2:$A$10000,$C$1,'Raw Data'!$E$2:$E$10000,$C$2,'Raw Data'!$O$2:$O$10000,$B36,'Raw Data'!$L$2:$L$10000,">=0.85",'Raw Data'!$L$2:$L$10000,"<0.95") | J36: =COUNTIFS('Raw Data'!$Q$2:$Q$10000,"No",'Raw Data'!$A$2:$A$10000,$C$1,'Raw Data'!$E$2:$E$10000,$C$2,'Raw Data'!$O$2:$O$10000,$B36,'Raw Data'!$L$2:$L$10000,">=0.95") | K36: =SUM(C36:J36) | L36: =IFERROR(AVERAGEIFS('Raw Data'!$L$2:$L$10000,'Raw Data'!$Q$2:$Q$10000,"No",'Raw Data'!$A$2:$A$10000,$C$1,'Raw Data'!$E$2:$E$10000,$C$2,'Raw Data'!$O$2:$O$10000,$B36),"")
A37: =IFERROR(VLOOKUP($B37,Leaders!$A:$B,2,0),"Not Mapped") | B37: Ashwath S | C37: =COUNTIFS('Raw Data'!$Q$2:$Q$10000,"No",'Raw Data'!$A$2:$A$10000,$C$1,'Raw Data'!$E$2:$E$10000,$C$2,'Raw Data'!$O$2:$O$10000,$B37,'Raw Data'!$L$2:$L$10000,">=0",'Raw Data'!$L$2:$L$10000,"<0.2") | D37: =COUNTIFS('Raw Data'!$Q$2:$Q$10000,"No",'Raw Data'!$A$2:$A$10000,$C$1,'Raw Data'!$E$2:$E$10000,$C$2,'Raw Data'!$O$2:$O$10000,$B37,'Raw Data'!$L$2:$L$10000,">=0.2",'Raw Data'!$L$2:$L$10000,"<0.4") | E37: =COUNTIFS('Raw Data'!$Q$2:$Q$10000,"No",'Raw Data'!$A$2:$A$10000,$C$1,'Raw Data'!$E$2:$E$10000,$C$2,'Raw Data'!$O$2:$O$10000,$B37,'Raw Data'!$L$2:$L$10000,">=0.4",'Raw Data'!$L$2:$L$10000,"<0.5") | F37: =COUNTIFS('Raw Data'!$Q$2:$Q$10000,"No",'Raw Data'!$A$2:$A$10000,$C$1,'Raw Data'!$E$2:$E$10000,$C$2,'Raw Data'!$O$2:$O$10000,$B37,'Raw Data'!$L$2:$L$10000,">=0.5",'Raw Data'!$L$2:$L$10000,"<0.6") | G37: =COUNTIFS('Raw Data'!$Q$2:$Q$10000,"No",'Raw Data'!$A$2:$A$10000,$C$1,'Raw Data'!$E$2:$E$10000,$C$2,'Raw Data'!$O$2:$O$10000,$B37,'Raw Data'!$L$2:$L$10000,">=0.6",'Raw Data'!$L$2:$L$10000,"<0.7") | H37: =COUNTIFS('Raw Data'!$Q$2:$Q$10000,"No",'Raw Data'!$A$2:$A$10000,$C$1,'Raw Data'!$E$2:$E$10000,$C$2,'Raw Data'!$O$2:$O$10000,$B37,'Raw Data'!$L$2:$L$10000,">=0.7",'Raw Data'!$L$2:$L$10000,"<0.85") | I37: =COUNTIFS('Raw Data'!$Q$2:$Q$10000,"No",'Raw Data'!$A$2:$A$10000,$C$1,'Raw Data'!$E$2:$E$10000,$C$2,'Raw Data'!$O$2:$O$10000,$B37,'Raw Data'!$L$2:$L$10000,">=0.85",'Raw Data'!$L$2:$L$10000,"<0.95") | J37: =COUNTIFS('Raw Data'!$Q$2:$Q$10000,"No",'Raw Data'!$A$2:$A$10000,$C$1,'Raw Data'!$E$2:$E$10000,$C$2,'Raw Data'!$O$2:$O$10000,$B37,'Raw Data'!$L$2:$L$10000,">=0.95") | K37: =SUM(C37:J37) | L37: =IFERROR(AVERAGEIFS('Raw Data'!$L$2:$L$10000,'Raw Data'!$Q$2:$Q$10000,"No",'Raw Data'!$A$2:$A$10000,$C$1,'Raw Data'!$E$2:$E$10000,$C$2,'Raw Data'!$O$2:$O$10000,$B37),"")
A38: =IFERROR(VLOOKUP($B38,Leaders!$A:$B,2,0),"Not Mapped") | B38: Girish N | C38: =COUNTIFS('Raw Data'!$Q$2:$Q$10000,"No",'Raw Data'!$A$2:$A$10000,$C$1,'Raw Data'!$E$2:$E$10000,$C$2,'Raw Data'!$O$2:$O$10000,$B38,'Raw Data'!$L$2:$L$10000,">=0",'Raw Data'!$L$2:$L$10000,"<0.2") | D38: =COUNTIFS('Raw Data'!$Q$2:$Q$10000,"No",'Raw Data'!$A$2:$A$10000,$C$1,'Raw Data'!$E$2:$E$10000,$C$2,'Raw Data'!$O$2:$O$10000,$B38,'Raw Data'!$L$2:$L$10000,">=0.2",'Raw Data'!$L$2:$L$10000,"<0.4") | E38: =COUNTIFS('Raw Data'!$Q$2:$Q$10000,"No",'Raw Data'!$A$2:$A$10000,$C$1,'Raw Data'!$E$2:$E$10000,$C$2,'Raw Data'!$O$2:$O$10000,$B38,'Raw Data'!$L$2:$L$10000,">=0.4",'Raw Data'!$L$2:$L$10000,"<0.5") | F38: =COUNTIFS('Raw Data'!$Q$2:$Q$10000,"No",'Raw Data'!$A$2:$A$10000,$C$1,'Raw Data'!$E$2:$E$10000,$C$2,'Raw Data'!$O$2:$O$10000,$B38,'Raw Data'!$L$2:$L$10000,">=0.5",'Raw Data'!$L$2:$L$10000,"<0.6") | G38: =COUNTIFS('Raw Data'!$Q$2:$Q$10000,"No",'Raw Data'!$A$2:$A$10000,$C$1,'Raw Data'!$E$2:$E$10000,$C$2,'Raw Data'!$O$2:$O$10000,$B38,'Raw Data'!$L$2:$L$10000,">=0.6",'Raw Data'!$L$2:$L$10000,"<0.7") | H38: =COUNTIFS('Raw Data'!$Q$2:$Q$10000,"No",'Raw Data'!$A$2:$A$10000,$C$1,'Raw Data'!$E$2:$E$10000,$C$2,'Raw Data'!$O$2:$O$10000,$B38,'Raw Data'!$L$2:$L$10000,">=0.7",'Raw Data'!$L$2:$L$10000,"<0.85") | I38: =COUNTIFS('Raw Data'!$Q$2:$Q$10000,"No",'Raw Data'!$A$2:$A$10000,$C$1,'Raw Data'!$E$2:$E$10000,$C$2,'Raw Data'!$O$2:$O$10000,$B38,'Raw Data'!$L$2:$L$10000,">=0.85",'Raw Data'!$L$2:$L$10000,"<0.95") | J38: =COUNTIFS('Raw Data'!$Q$2:$Q$10000,"No",'Raw Data'!$A$2:$A$10000,$C$1,'Raw Data'!$E$2:$E$10000,$C$2,'Raw Data'!$O$2:$O$10000,$B38,'Raw Data'!$L$2:$L$10000,">=0.95") | K38: =SUM(C38:J38) | L38: =IFERROR(AVERAGEIFS('Raw Data'!$L$2:$L$10000,'Raw Data'!$Q$2:$Q$10000,"No",'Raw Data'!$A$2:$A$10000,$C$1,'Raw Data'!$E$2:$E$10000,$C$2,'Raw Data'!$O$2:$O$10000,$B38),"")
A39: =IFERROR(VLOOKUP($B39,Leaders!$A:$B,2,0),"Not Mapped") | B39: Mohaideen DH | C39: =COUNTIFS('Raw Data'!$Q$2:$Q$10000,"No",'Raw Data'!$A$2:$A$10000,$C$1,'Raw Data'!$E$2:$E$10000,$C$2,'Raw Data'!$O$2:$O$10000,$B39,'Raw Data'!$L$2:$L$10000,">=0",'Raw Data'!$L$2:$L$10000,"<0.2") | D39: =COUNTIFS('Raw Data'!$Q$2:$Q$10000,"No",'Raw Data'!$A$2:$A$10000,$C$1,'Raw Data'!$E$2:$E$10000,$C$2,'Raw Data'!$O$2:$O$10000,$B39,'Raw Data'!$L$2:$L$10000,">=0.2",'Raw Data'!$L$2:$L$10000,"<0.4") | E39: =COUNTIFS('Raw Data'!$Q$2:$Q$10000,"No",'Raw Data'!$A$2:$A$10000,$C$1,'Raw Data'!$E$2:$E$10000,$C$2,'Raw Data'!$O$2:$O$10000,$B39,'Raw Data'!$L$2:$L$10000,">=0.4",'Raw Data'!$L$2:$L$10000,"<0.5") | F39: =COUNTIFS('Raw Data'!$Q$2:$Q$10000,"No",'Raw Data'!$A$2:$A$10000,$C$1,'Raw Data'!$E$2:$E$10000,$C$2,'Raw Data'!$O$2:$O$10000,$B39,'Raw Data'!$L$2:$L$10000,">=0.5",'Raw Data'!$L$2:$L$10000,"<0.6") | G39: =COUNTIFS('Raw Data'!$Q$2:$Q$10000,"No",'Raw Data'!$A$2:$A$10000,$C$1,'Raw Data'!$E$2:$E$10000,$C$2,'Raw Data'!$O$2:$O$10000,$B39,'Raw Data'!$L$2:$L$10000,">=0.6",'Raw Data'!$L$2:$L$10000,"<0.7") | H39: =COUNTIFS('Raw Data'!$Q$2:$Q$10000,"No",'Raw Data'!$A$2:$A$10000,$C$1,'Raw Data'!$E$2:$E$10000,$C$2,'Raw Data'!$O$2:$O$10000,$B39,'Raw Data'!$L$2:$L$10000,">=0.7",'Raw Data'!$L$2:$L$10000,"<0.85") | I39: =COUNTIFS('Raw Data'!$Q$2:$Q$10000,"No",'Raw Data'!$A$2:$A$10000,$C$1,'Raw Data'!$E$2:$E$10000,$C$2,'Raw Data'!$O$2:$O$10000,$B39,'Raw Data'!$L$2:$L$10000,">=0.85",'Raw Data'!$L$2:$L$10000,"<0.95") | J39: =COUNTIFS('Raw Data'!$Q$2:$Q$10000,"No",'Raw Data'!$A$2:$A$10000,$C$1,'Raw Data'!$E$2:$E$10000,$C$2,'Raw Data'!$O$2:$O$10000,$B39,'Raw Data'!$L$2:$L$10000,">=0.95") | K39: =SUM(C39:J39) | L39: =IFERROR(AVERAGEIFS('Raw Data'!$L$2:$L$10000,'Raw Data'!$Q$2:$Q$10000,"No",'Raw Data'!$A$2:$A$10000,$C$1,'Raw Data'!$E$2:$E$10000,$C$2,'Raw Data'!$O$2:$O$10000,$B39),"")
A40: =IFERROR(VLOOKUP($B40,Leaders!$A:$B,2,0),"Not Mapped") | B40: Richard Harris | C40: =COUNTIFS('Raw Data'!$Q$2:$Q$10000,"No",'Raw Data'!$A$2:$A$10000,$C$1,'Raw Data'!$E$2:$E$10000,$C$2,'Raw Data'!$O$2:$O$10000,$B40,'Raw Data'!$L$2:$L$10000,">=0",'Raw Data'!$L$2:$L$10000,"<0.2") | D40: =COUNTIFS('Raw Data'!$Q$2:$Q$10000,"No",'Raw Data'!$A$2:$A$10000,$C$1,'Raw Data'!$E$2:$E$10000,$C$2,'Raw Data'!$O$2:$O$10000,$B40,'Raw Data'!$L$2:$L$10000,">=0.2",'Raw Data'!$L$2:$L$10000,"<0.4") | E40: =COUNTIFS('Raw Data'!$Q$2:$Q$10000,"No",'Raw Data'!$A$2:$A$10000,$C$1,'Raw Data'!$E$2:$E$10000,$C$2,'Raw Data'!$O$2:$O$10000,$B40,'Raw Data'!$L$2:$L$10000,">=0.4",'Raw Data'!$L$2:$L$10000,"<0.5") | F40: =COUNTIFS('Raw Data'!$Q$2:$Q$10000,"No",'Raw Data'!$A$2:$A$10000,$C$1,'Raw Data'!$E$2:$E$10000,$C$2,'Raw Data'!$O$2:$O$10000,$B40,'Raw Data'!$L$2:$L$10000,">=0.5",'Raw Data'!$L$2:$L$10000,"<0.6") | G40: =COUNTIFS('Raw Data'!$Q$2:$Q$10000,"No",'Raw Data'!$A$2:$A$10000,$C$1,'Raw Data'!$E$2:$E$10000,$C$2,'Raw Data'!$O$2:$O$10000,$B40,'Raw Data'!$L$2:$L$10000,">=0.6",'Raw Data'!$L$2:$L$10000,"<0.7") | H40: =COUNTIFS('Raw Data'!$Q$2:$Q$10000,"No",'Raw Data'!$A$2:$A$10000,$C$1,'Raw Data'!$E$2:$E$10000,$C$2,'Raw Data'!$O$2:$O$10000,$B40,'Raw Data'!$L$2:$L$10000,">=0.7",'Raw Data'!$L$2:$L$10000,"<0.85") | I40: =COUNTIFS('Raw Data'!$Q$2:$Q$10000,"No",'Raw Data'!$A$2:$A$10000,$C$1,'Raw Data'!$E$2:$E$10000,$C$2,'Raw Data'!$O$2:$O$10000,$B40,'Raw Data'!$L$2:$L$10000,">=0.85",'Raw Data'!$L$2:$L$10000,"<0.95") | J40: =COUNTIFS('Raw Data'!$Q$2:$Q$10000,"No",'Raw Data'!$A$2:$A$10000,$C$1,'Raw Data'!$E$2:$E$10000,$C$2,'Raw Data'!$O$2:$O$10000,$B40,'Raw Data'!$L$2:$L$10000,">=0.95") | K40: =SUM(C40:J40) | L40: =IFERROR(AVERAGEIFS('Raw Data'!$L$2:$L$10000,'Raw Data'!$Q$2:$Q$10000,"No",'Raw Data'!$A$2:$A$10000,$C$1,'Raw Data'!$E$2:$E$10000,$C$2,'Raw Data'!$O$2:$O$10000,$B40),"")
A41: =IFERROR(VLOOKUP($B41,Leaders!$A:$B,2,0),"Not Mapped") | B41: Akshay P | C41: =COUNTIFS('Raw Data'!$Q$2:$Q$10000,"No",'Raw Data'!$A$2:$A$10000,$C$1,'Raw Data'!$E$2:$E$10000,$C$2,'Raw Data'!$O$2:$O$10000,$B41,'Raw Data'!$L$2:$L$10000,">=0",'Raw Data'!$L$2:$L$10000,"<0.2") | D41: =COUNTIFS('Raw Data'!$Q$2:$Q$10000,"No",'Raw Data'!$A$2:$A$10000,$C$1,'Raw Data'!$E$2:$E$10000,$C$2,'Raw Data'!$O$2:$O$10000,$B41,'Raw Data'!$L$2:$L$10000,">=0.2",'Raw Data'!$L$2:$L$10000,"<0.4") | E41: =COUNTIFS('Raw Data'!$Q$2:$Q$10000,"No",'Raw Data'!$A$2:$A$10000,$C$1,'Raw Data'!$E$2:$E$10000,$C$2,'Raw Data'!$O$2:$O$10000,$B41,'Raw Data'!$L$2:$L$10000,">=0.4",'Raw Data'!$L$2:$L$10000,"<0.5") | F41: =COUNTIFS('Raw Data'!$Q$2:$Q$10000,"No",'Raw Data'!$A$2:$A$10000,$C$1,'Raw Data'!$E$2:$E$10000,$C$2,'Raw Data'!$O$2:$O$10000,$B41,'Raw Data'!$L$2:$L$10000,">=0.5",'Raw Data'!$L$2:$L$10000,"<0.6") | G41: =COUNTIFS('Raw Data'!$Q$2:$Q$10000,"No",'Raw Data'!$A$2:$A$10000,$C$1,'Raw Data'!$E$2:$E$10000,$C$2,'Raw Data'!$O$2:$O$10000,$B41,'Raw Data'!$L$2:$L$10000,">=0.6",'Raw Data'!$L$2:$L$10000,"<0.7") | H41: =COUNTIFS('Raw Data'!$Q$2:$Q$10000,"No",'Raw Data'!$A$2:$A$10000,$C$1,'Raw Data'!$E$2:$E$10000,$C$2,'Raw Data'!$O$2:$O$10000,$B41,'Raw Data'!$L$2:$L$10000,">=0.7",'Raw Data'!$L$2:$L$10000,"<0.85") | I41: =COUNTIFS('Raw Data'!$Q$2:$Q$10000,"No",'Raw Data'!$A$2:$A$10000,$C$1,'Raw Data'!$E$2:$E$10000,$C$2,'Raw Data'!$O$2:$O$10000,$B41,'Raw Data'!$L$2:$L$10000,">=0.85",'Raw Data'!$L$2:$L$10000,"<0.95") | J41: =COUNTIFS('Raw Data'!$Q$2:$Q$10000,"No",'Raw Data'!$A$2:$A$10000,$C$1,'Raw Data'!$E$2:$E$10000,$C$2,'Raw Data'!$O$2:$O$10000,$B41,'Raw Data'!$L$2:$L$10000,">=0.95") | K41: =SUM(C41:J41) | L41: =IFERROR(AVERAGEIFS('Raw Data'!$L$2:$L$10000,'Raw Data'!$Q$2:$Q$10000,"No",'Raw Data'!$A$2:$A$10000,$C$1,'Raw Data'!$E$2:$E$10000,$C$2,'Raw Data'!$O$2:$O$10000,$B41),"")
A42: =IFERROR(VLOOKUP($B42,Leaders!$A:$B,2,0),"Not Mapped") | B42: Manoj Kj | C42: =COUNTIFS('Raw Data'!$Q$2:$Q$10000,"No",'Raw Data'!$A$2:$A$10000,$C$1,'Raw Data'!$E$2:$E$10000,$C$2,'Raw Data'!$O$2:$O$10000,$B42,'Raw Data'!$L$2:$L$10000,">=0",'Raw Data'!$L$2:$L$10000,"<0.2") | D42: =COUNTIFS('Raw Data'!$Q$2:$Q$10000,"No",'Raw Data'!$A$2:$A$10000,$C$1,'Raw Data'!$E$2:$E$10000,$C$2,'Raw Data'!$O$2:$O$10000,$B42,'Raw Data'!$L$2:$L$10000,">=0.2",'Raw Data'!$L$2:$L$10000,"<0.4") | E42: =COUNTIFS('Raw Data'!$Q$2:$Q$10000,"No",'Raw Data'!$A$2:$A$10000,$C$1,'Raw Data'!$E$2:$E$10000,$C$2,'Raw Data'!$O$2:$O$10000,$B42,'Raw Data'!$L$2:$L$10000,">=0.4",'Raw Data'!$L$2:$L$10000,"<0.5") | F42: =COUNTIFS('Raw Data'!$Q$2:$Q$10000,"No",'Raw Data'!$A$2:$A$10000,$C$1,'Raw Data'!$E$2:$E$10000,$C$2,'Raw Data'!$O$2:$O$10000,$B42,'Raw Data'!$L$2:$L$10000,">=0.5",'Raw Data'!$L$2:$L$10000,"<0.6") | G42: =COUNTIFS('Raw Data'!$Q$2:$Q$10000,"No",'Raw Data'!$A$2:$A$10000,$C$1,'Raw Data'!$E$2:$E$10000,$C$2,'Raw Data'!$O$2:$O$10000,$B42,'Raw Data'!$L$2:$L$10000,">=0.6",'Raw Data'!$L$2:$L$10000,"<0.7") | H42: =COUNTIFS('Raw Data'!$Q$2:$Q$10000,"No",'Raw Data'!$A$2:$A$10000,$C$1,'Raw Data'!$E$2:$E$10000,$C$2,'Raw Data'!$O$2:$O$10000,$B42,'Raw Data'!$L$2:$L$10000,">=0.7",'Raw Data'!$L$2:$L$10000,"<0.85") | I42: =COUNTIFS('Raw Data'!$Q$2:$Q$10000,"No",'Raw Data'!$A$2:$A$10000,$C$1,'Raw Data'!$E$2:$E$10000,$C$2,'Raw Data'!$O$2:$O$10000,$B42,'Raw Data'!$L$2:$L$10000,">=0.85",'Raw Data'!$L$2:$L$10000,"<0.95") | J42: =COUNTIFS('Raw Data'!$Q$2:$Q$10000,"No",'Raw Data'!$A$2:$A$10000,$C$1,'Raw Data'!$E$2:$E$10000,$C$2,'Raw Data'!$O$2:$O$10000,$B42,'Raw Data'!$L$2:$L$10000,">=0.95") | K42: =SUM(C42:J42) | L42: =IFERROR(AVERAGEIFS('Raw Data'!$L$2:$L$10000,'Raw Data'!$Q$2:$Q$10000,"No",'Raw Data'!$A$2:$A$10000,$C$1,'Raw Data'!$E$2:$E$10000,$C$2,'Raw Data'!$O$2:$O$10000,$B42),"")
A43: =IFERROR(VLOOKUP($B43,Leaders!$A:$B,2,0),"Not Mapped") | B43: Narasimhamurthy R | C43: =COUNTIFS('Raw Data'!$Q$2:$Q$10000,"No",'Raw Data'!$A$2:$A$10000,$C$1,'Raw Data'!$E$2:$E$10000,$C$2,'Raw Data'!$O$2:$O$10000,$B43,'Raw Data'!$L$2:$L$10000,">=0",'Raw Data'!$L$2:$L$10000,"<0.2") | D43: =COUNTIFS('Raw Data'!$Q$2:$Q$10000,"No",'Raw Data'!$A$2:$A$10000,$C$1,'Raw Data'!$E$2:$E$10000,$C$2,'Raw Data'!$O$2:$O$10000,$B43,'Raw Data'!$L$2:$L$10000,">=0.2",'Raw Data'!$L$2:$L$10000,"<0.4") | E43: =COUNTIFS('Raw Data'!$Q$2:$Q$10000,"No",'Raw Data'!$A$2:$A$10000,$C$1,'Raw Data'!$E$2:$E$10000,$C$2,'Raw Data'!$O$2:$O$10000,$B43,'Raw Data'!$L$2:$L$10000,">=0.4",'Raw Data'!$L$2:$L$10000,"<0.5") | F43: =COUNTIFS('Raw Data'!$Q$2:$Q$10000,"No",'Raw Data'!$A$2:$A$10000,$C$1,'Raw Data'!$E$2:$E$10000,$C$2,'Raw Data'!$O$2:$O$10000,$B43,'Raw Data'!$L$2:$L$10000,">=0.5",'Raw Data'!$L$2:$L$10000,"<0.6") | G43: =COUNTIFS('Raw Data'!$Q$2:$Q$10000,"No",'Raw Data'!$A$2:$A$10000,$C$1,'Raw Data'!$E$2:$E$10000,$C$2,'Raw Data'!$O$2:$O$10000,$B43,'Raw Data'!$L$2:$L$10000,">=0.6",'Raw Data'!$L$2:$L$10000,"<0.7") | H43: =COUNTIFS('Raw Data'!$Q$2:$Q$10000,"No",'Raw Data'!$A$2:$A$10000,$C$1,'Raw Data'!$E$2:$E$10000,$C$2,'Raw Data'!$O$2:$O$10000,$B43,'Raw Data'!$L$2:$L$10000,">=0.7",'Raw Data'!$L$2:$L$10000,"<0.85") | I43: =COUNTIFS('Raw Data'!$Q$2:$Q$10000,"No",'Raw Data'!$A$2:$A$10000,$C$1,'Raw Data'!$E$2:$E$10000,$C$2,'Raw Data'!$O$2:$O$10000,$B43,'Raw Data'!$L$2:$L$10000,">=0.85",'Raw Data'!$L$2:$L$10000,"<0.95") | J43: =COUNTIFS('Raw Data'!$Q$2:$Q$10000,"No",'Raw Data'!$A$2:$A$10000,$C$1,'Raw Data'!$E$2:$E$10000,$C$2,'Raw Data'!$O$2:$O$10000,$B43,'Raw Data'!$L$2:$L$10000,">=0.95") | K43: =SUM(C43:J43) | L43: =IFERROR(AVERAGEIFS('Raw Data'!$L$2:$L$10000,'Raw Data'!$Q$2:$Q$10000,"No",'Raw Data'!$A$2:$A$10000,$C$1,'Raw Data'!$E$2:$E$10000,$C$2,'Raw Data'!$O$2:$O$10000,$B43),"")
A44: =IFERROR(VLOOKUP($B44,Leaders!$A:$B,2,0),"Not Mapped") | B44: Ravishankar gowda | C44: =COUNTIFS('Raw Data'!$Q$2:$Q$10000,"No",'Raw Data'!$A$2:$A$10000,$C$1,'Raw Data'!$E$2:$E$10000,$C$2,'Raw Data'!$O$2:$O$10000,$B44,'Raw Data'!$L$2:$L$10000,">=0",'Raw Data'!$L$2:$L$10000,"<0.2") | D44: =COUNTIFS('Raw Data'!$Q$2:$Q$10000,"No",'Raw Data'!$A$2:$A$10000,$C$1,'Raw Data'!$E$2:$E$10000,$C$2,'Raw Data'!$O$2:$O$10000,$B44,'Raw Data'!$L$2:$L$10000,">=0.2",'Raw Data'!$L$2:$L$10000,"<0.4") | E44: =COUNTIFS('Raw Data'!$Q$2:$Q$10000,"No",'Raw Data'!$A$2:$A$10000,$C$1,'Raw Data'!$E$2:$E$10000,$C$2,'Raw Data'!$O$2:$O$10000,$B44,'Raw Data'!$L$2:$L$10000,">=0.4",'Raw Data'!$L$2:$L$10000,"<0.5") | F44: =COUNTIFS('Raw Data'!$Q$2:$Q$10000,"No",'Raw Data'!$A$2:$A$10000,$C$1,'Raw Data'!$E$2:$E$10000,$C$2,'Raw Data'!$O$2:$O$10000,$B44,'Raw Data'!$L$2:$L$10000,">=0.5",'Raw Data'!$L$2:$L$10000,"<0.6") | G44: =COUNTIFS('Raw Data'!$Q$2:$Q$10000,"No",'Raw Data'!$A$2:$A$10000,$C$1,'Raw Data'!$E$2:$E$10000,$C$2,'Raw Data'!$O$2:$O$10000,$B44,'Raw Data'!$L$2:$L$10000,">=0.6",'Raw Data'!$L$2:$L$10000,"<0.7") | H44: =COUNTIFS('Raw Data'!$Q$2:$Q$10000,"No",'Raw Data'!$A$2:$A$10000,$C$1,'Raw Data'!$E$2:$E$10000,$C$2,'Raw Data'!$O$2:$O$10000,$B44,'Raw Data'!$L$2:$L$10000,">=0.7",'Raw Data'!$L$2:$L$10000,"<0.85") | I44: =COUNTIFS('Raw Data'!$Q$2:$Q$10000,"No",'Raw Data'!$A$2:$A$10000,$C$1,'Raw Data'!$E$2:$E$10000,$C$2,'Raw Data'!$O$2:$O$10000,$B44,'Raw Data'!$L$2:$L$10000,">=0.85",'Raw Data'!$L$2:$L$10000,"<0.95") | J44: =COUNTIFS('Raw Data'!$Q$2:$Q$10000,"No",'Raw Data'!$A$2:$A$10000,$C$1,'Raw Data'!$E$2:$E$10000,$C$2,'Raw Data'!$O$2:$O$10000,$B44,'Raw Data'!$L$2:$L$10000,">=0.95") | K44: =SUM(C44:J44) | L44: =IFERROR(AVERAGEIFS('Raw Data'!$L$2:$L$10000,'Raw Data'!$Q$2:$Q$10000,"No",'Raw Data'!$A$2:$A$10000,$C$1,'Raw Data'!$E$2:$E$10000,$C$2,'Raw Data'!$O$2:$O$10000,$B44),"")
A45: =IFERROR(VLOOKUP($B45,Leaders!$A:$B,2,0),"Not Mapped") | B45: Balaji G | C45: =COUNTIFS('Raw Data'!$Q$2:$Q$10000,"No",'Raw Data'!$A$2:$A$10000,$C$1,'Raw Data'!$E$2:$E$10000,$C$2,'Raw Data'!$O$2:$O$10000,$B45,'Raw Data'!$L$2:$L$10000,">=0",'Raw Data'!$L$2:$L$10000,"<0.2") | D45: =COUNTIFS('Raw Data'!$Q$2:$Q$10000,"No",'Raw Data'!$A$2:$A$10000,$C$1,'Raw Data'!$E$2:$E$10000,$C$2,'Raw Data'!$O$2:$O$10000,$B45,'Raw Data'!$L$2:$L$10000,">=0.2",'Raw Data'!$L$2:$L$10000,"<0.4") | E45: =COUNTIFS('Raw Data'!$Q$2:$Q$10000,"No",'Raw Data'!$A$2:$A$10000,$C$1,'Raw Data'!$E$2:$E$10000,$C$2,'Raw Data'!$O$2:$O$10000,$B45,'Raw Data'!$L$2:$L$10000,">=0.4",'Raw Data'!$L$2:$L$10000,"<0.5") | F45: =COUNTIFS('Raw Data'!$Q$2:$Q$10000,"No",'Raw Data'!$A$2:$A$10000,$C$1,'Raw Data'!$E$2:$E$10000,$C$2,'Raw Data'!$O$2:$O$10000,$B45,'Raw Data'!$L$2:$L$10000,">=0.5",'Raw Data'!$L$2:$L$10000,"<0.6") | G45: =COUNTIFS('Raw Data'!$Q$2:$Q$10000,"No",'Raw Data'!$A$2:$A$10000,$C$1,'Raw Data'!$E$2:$E$10000,$C$2,'Raw Data'!$O$2:$O$10000,$B45,'Raw Data'!$L$2:$L$10000,">=0.6",'Raw Data'!$L$2:$L$10000,"<0.7") | H45: =COUNTIFS('Raw Data'!$Q$2:$Q$10000,"No",'Raw Data'!$A$2:$A$10000,$C$1,'Raw Data'!$E$2:$E$10000,$C$2,'Raw Data'!$O$2:$O$10000,$B45,'Raw Data'!$L$2:$L$10000,">=0.7",'Raw Data'!$L$2:$L$10000,"<0.85") | I45: =COUNTIFS('Raw Data'!$Q$2:$Q$10000,"No",'Raw Data'!$A$2:$A$10000,$C$1,'Raw Data'!$E$2:$E$10000,$C$2,'Raw Data'!$O$2:$O$10000,$B45,'Raw Data'!$L$2:$L$10000,">=0.85",'Raw Data'!$L$2:$L$10000,"<0.95") | J45: =COUNTIFS('Raw Data'!$Q$2:$Q$10000,"No",'Raw Data'!$A$2:$A$10000,$C$1,'Raw Data'!$E$2:$E$10000,$C$2,'Raw Data'!$O$2:$O$10000,$B45,'Raw Data'!$L$2:$L$10000,">=0.95") | K45: =SUM(C45:J45) | L45: =IFERROR(AVERAGEIFS('Raw Data'!$L$2:$L$10000,'Raw Data'!$Q$2:$Q$10000,"No",'Raw Data'!$A$2:$A$10000,$C$1,'Raw Data'!$E$2:$E$10000,$C$2,'Raw Data'!$O$2:$O$10000,$B45),"")
A46: =IFERROR(VLOOKUP($B46,Leaders!$A:$B,2,0),"Not Mapped") | B46: Basil Scariya | C46: =COUNTIFS('Raw Data'!$Q$2:$Q$10000,"No",'Raw Data'!$A$2:$A$10000,$C$1,'Raw Data'!$E$2:$E$10000,$C$2,'Raw Data'!$O$2:$O$10000,$B46,'Raw Data'!$L$2:$L$10000,">=0",'Raw Data'!$L$2:$L$10000,"<0.2") | D46: =COUNTIFS('Raw Data'!$Q$2:$Q$10000,"No",'Raw Data'!$A$2:$A$10000,$C$1,'Raw Data'!$E$2:$E$10000,$C$2,'Raw Data'!$O$2:$O$10000,$B46,'Raw Data'!$L$2:$L$10000,">=0.2",'Raw Data'!$L$2:$L$10000,"<0.4") | E46: =COUNTIFS('Raw Data'!$Q$2:$Q$10000,"No",'Raw Data'!$A$2:$A$10000,$C$1,'Raw Data'!$E$2:$E$10000,$C$2,'Raw Data'!$O$2:$O$10000,$B46,'Raw Data'!$L$2:$L$10000,">=0.4",'Raw Data'!$L$2:$L$10000,"<0.5") | F46: =COUNTIFS('Raw Data'!$Q$2:$Q$10000,"No",'Raw Data'!$A$2:$A$10000,$C$1,'Raw Data'!$E$2:$E$10000,$C$2,'Raw Data'!$O$2:$O$10000,$B46,'Raw Data'!$L$2:$L$10000,">=0.5",'Raw Data'!$L$2:$L$10000,"<0.6") | G46: =COUNTIFS('Raw Data'!$Q$2:$Q$10000,"No",'Raw Data'!$A$2:$A$10000,$C$1,'Raw Data'!$E$2:$E$10000,$C$2,'Raw Data'!$O$2:$O$10000,$B46,'Raw Data'!$L$2:$L$10000,">=0.6",'Raw Data'!$L$2:$L$10000,"<0.7") | H46: =COUNTIFS('Raw Data'!$Q$2:$Q$10000,"No",'Raw Data'!$A$2:$A$10000,$C$1,'Raw Data'!$E$2:$E$10000,$C$2,'Raw Data'!$O$2:$O$10000,$B46,'Raw Data'!$L$2:$L$10000,">=0.7",'Raw Data'!$L$2:$L$10000,"<0.85") | I46: =COUNTIFS('Raw Data'!$Q$2:$Q$10000,"No",'Raw Data'!$A$2:$A$10000,$C$1,'Raw Data'!$E$2:$E$10000,$C$2,'Raw Data'!$O$2:$O$10000,$B46,'Raw Data'!$L$2:$L$10000,">=0.85",'Raw Data'!$L$2:$L$10000,"<0.95") | J46: =COUNTIFS('Raw Data'!$Q$2:$Q$10000,"No",'Raw Data'!$A$2:$A$10000,$C$1,'Raw Data'!$E$2:$E$10000,$C$2,'Raw Data'!$O$2:$O$10000,$B46,'Raw Data'!$L$2:$L$10000,">=0.95") | K46: =SUM(C46:J46) | L46: =IFERROR(AVERAGEIFS('Raw Data'!$L$2:$L$10000,'Raw Data'!$Q$2:$Q$10000,"No",'Raw Data'!$A$2:$A$10000,$C$1,'Raw Data'!$E$2:$E$10000,$C$2,'Raw Data'!$O$2:$O$10000,$B46),"")
A47: =IFERROR(VLOOKUP($B47,Leaders!$A:$B,2,0),"Not Mapped") | B47: Keshav G | C47: =COUNTIFS('Raw Data'!$Q$2:$Q$10000,"No",'Raw Data'!$A$2:$A$10000,$C$1,'Raw Data'!$E$2:$E$10000,$C$2,'Raw Data'!$O$2:$O$10000,$B47,'Raw Data'!$L$2:$L$10000,">=0",'Raw Data'!$L$2:$L$10000,"<0.2") | D47: =COUNTIFS('Raw Data'!$Q$2:$Q$10000,"No",'Raw Data'!$A$2:$A$10000,$C$1,'Raw Data'!$E$2:$E$10000,$C$2,'Raw Data'!$O$2:$O$10000,$B47,'Raw Data'!$L$2:$L$10000,">=0.2",'Raw Data'!$L$2:$L$10000,"<0.4") | E47: =COUNTIFS('Raw Data'!$Q$2:$Q$10000,"No",'Raw Data'!$A$2:$A$10000,$C$1,'Raw Data'!$E$2:$E$10000,$C$2,'Raw Data'!$O$2:$O$10000,$B47,'Raw Data'!$L$2:$L$10000,">=0.4",'Raw Data'!$L$2:$L$10000,"<0.5") | F47: =COUNTIFS('Raw Data'!$Q$2:$Q$10000,"No",'Raw Data'!$A$2:$A$10000,$C$1,'Raw Data'!$E$2:$E$10000,$C$2,'Raw Data'!$O$2:$O$10000,$B47,'Raw Data'!$L$2:$L$10000,">=0.5",'Raw Data'!$L$2:$L$10000,"<0.6") | G47: =COUNTIFS('Raw Data'!$Q$2:$Q$10000,"No",'Raw Data'!$A$2:$A$10000,$C$1,'Raw Data'!$E$2:$E$10000,$C$2,'Raw Data'!$O$2:$O$10000,$B47,'Raw Data'!$L$2:$L$10000,">=0.6",'Raw Data'!$L$2:$L$10000,"<0.7") | H47: =COUNTIFS('Raw Data'!$Q$2:$Q$10000,"No",'Raw Data'!$A$2:$A$10000,$C$1,'Raw Data'!$E$2:$E$10000,$C$2,'Raw Data'!$O$2:$O$10000,$B47,'Raw Data'!$L$2:$L$10000,">=0.7",'Raw Data'!$L$2:$L$10000,"<0.85") | I47: =COUNTIFS('Raw Data'!$Q$2:$Q$10000,"No",'Raw Data'!$A$2:$A$10000,$C$1,'Raw Data'!$E$2:$E$10000,$C$2,'Raw Data'!$O$2:$O$10000,$B47,'Raw Data'!$L$2:$L$10000,">=0.85",'Raw Data'!$L$2:$L$10000,"<0.95") | J47: =COUNTIFS('Raw Data'!$Q$2:$Q$10000,"No",'Raw Data'!$A$2:$A$10000,$C$1,'Raw Data'!$E$2:$E$10000,$C$2,'Raw Data'!$O$2:$O$10000,$B47,'Raw Data'!$L$2:$L$10000,">=0.95") | K47: =SUM(C47:J47) | L47: =IFERROR(AVERAGEIFS('Raw Data'!$L$2:$L$10000,'Raw Data'!$Q$2:$Q$10000,"No",'Raw Data'!$A$2:$A$10000,$C$1,'Raw Data'!$E$2:$E$10000,$C$2,'Raw Data'!$O$2:$O$10000,$B47),"")
... A61: =IFERROR(VLOOKUP($B61,Leaders!$A:$B,2,0),"Not Mapped") | B61: Vishnu V | C61: =COUNTIFS('Raw Data'!$Q$2:$Q$10000,"No",'Raw Data'!$A$2:$A$10000,$C$1,'Raw Data'!$E$2:$E$10000,$C$2,'Raw Data'!$O$2:$O$10000,$B61,'Raw Data'!$L$2:$L$10000,">=0",'Raw Data'!$L$2:$L$10000,"<0.2") | D61: =COUNTIFS('Raw Data'!$Q$2:$Q$10000,"No",'Raw Data'!$A$2:$A$10000,$C$1,'Raw Data'!$E$2:$E$10000,$C$2,'Raw Data'!$O$2:$O$10000,$B61,'Raw Data'!$L$2:$L$10000,">=0.2",'Raw Data'!$L$2:$L$10000,"<0.4") | E61: =COUNTIFS('Raw Data'!$Q$2:$Q$10000,"No",'Raw Data'!$A$2:$A$10000,$C$1,'Raw Data'!$E$2:$E$10000,$C$2,'Raw Data'!$O$2:$O$10000,$B61,'Raw Data'!$L$2:$L$10000,">=0.4",'Raw Data'!$L$2:$L$10000,"<0.5") | F61: =COUNTIFS('Raw Data'!$Q$2:$Q$10000,"No",'Raw Data'!$A$2:$A$10000,$C$1,'Raw Data'!$E$2:$E$10000,$C$2,'Raw Data'!$O$2:$O$10000,$B61,'Raw Data'!$L$2:$L$10000,">=0.5",'Raw Data'!$L$2:$L$10000,"<0.6") | G61: =COUNTIFS('Raw Data'!$Q$2:$Q$10000,"No",'Raw Data'!$A$2:$A$10000,$C$1,'Raw Data'!$E$2:$E$10000,$C$2,'Raw Data'!$O$2:$O$10000,$B61,'Raw Data'!$L$2:$L$10000,">=0.6",'Raw Data'!$L$2:$L$10000,"<0.7") | H61: =COUNTIFS('Raw Data'!$Q$2:$Q$10000,"No",'Raw Data'!$A$2:$A$10000,$C$1,'Raw Data'!$E$2:$E$10000,$C$2,'Raw Data'!$O$2:$O$10000,$B61,'Raw Data'!$L$2:$L$10000,">=0.7",'Raw Data'!$L$2:$L$10000,"<0.85") | I61: =COUNTIFS('Raw Data'!$Q$2:$Q$10000,"No",'Raw Data'!$A$2:$A$10000,$C$1,'Raw Data'!$E$2:$E$10000,$C$2,'Raw Data'!$O$2:$O$10000,$B61,'Raw Data'!$L$2:$L$10000,">=0.85",'Raw Data'!$L$2:$L$10000,"<0.95") | J61: =COUNTIFS('Raw Data'!$Q$2:$Q$10000,"No",'Raw Data'!$A$2:$A$10000,$C$1,'Raw Data'!$E$2:$E$10000,$C$2,'Raw Data'!$O$2:$O$10000,$B61,'Raw Data'!$L$2:$L$10000,">=0.95") | K61: =SUM(C61:J61) | L61: =IFERROR(AVERAGEIFS('Raw Data'!$L$2:$L$10000,'Raw Data'!$Q$2:$Q$10000,"No",'Raw Data'!$A$2:$A$10000,$C$1,'Raw Data'!$E$2:$E$10000,$C$2,'Raw Data'!$O$2:$O$10000,$B61),"")
B62: Grand Total | C62: =COUNTIFS('Raw Data'!$Q$2:$Q$10000,"No",'Raw Data'!$A$2:$A$10000,$C$1,'Raw Data'!$E$2:$E$10000,$C$2,'Raw Data'!$O$2:$O$10000,"<>",'Raw Data'!$L$2:$L$10000,">=0",'Raw Data'!$L$2:$L$10000,"<0.2") | D62: =COUNTIFS('Raw Data'!$Q$2:$Q$10000,"No",'Raw Data'!$A$2:$A$10000,$C$1,'Raw Data'!$E$2:$E$10000,$C$2,'Raw Data'!$O$2:$O$10000,"<>",'Raw Data'!$L$2:$L$10000,">=0.2",'Raw Data'!$L$2:$L$10000,"<0.4") | E62: =COUNTIFS('Raw Data'!$Q$2:$Q$10000,"No",'Raw Data'!$A$2:$A$10000,$C$1,'Raw Data'!$E$2:$E$10000,$C$2,'Raw Data'!$O$2:$O$10000,"<>",'Raw Data'!$L$2:$L$10000,">=0.4",'Raw Data'!$L$2:$L$10000,"<0.5") | F62: =COUNTIFS('Raw Data'!$Q$2:$Q$10000,"No",'Raw Data'!$A$2:$A$10000,$C$1,'Raw Data'!$E$2:$E$10000,$C$2,'Raw Data'!$O$2:$O$10000,"<>",'Raw Data'!$L$2:$L$10000,">=0.5",'Raw Data'!$L$2:$L$10000,"<0.6") | G62: =COUNTIFS('Raw Data'!$Q$2:$Q$10000,"No",'Raw Data'!$A$2:$A$10000,$C$1,'Raw Data'!$E$2:$E$10000,$C$2,'Raw Data'!$O$2:$O$10000,"<>",'Raw Data'!$L$2:$L$10000,">=0.6",'Raw Data'!$L$2:$L$10000,"<0.7") | H62: =COUNTIFS('Raw Data'!$Q$2:$Q$10000,"No",'Raw Data'!$A$2:$A$10000,$C$1,'Raw Data'!$E$2:$E$10000,$C$2,'Raw Data'!$O$2:$O$10000,"<>",'Raw Data'!$L$2:$L$10000,">=0.7",'Raw Data'!$L$2:$L$10000,"<0.85") | I62: =COUNTIFS('Raw Data'!$Q$2:$Q$10000,"No",'Raw Data'!$A$2:$A$10000,$C$1,'Raw Data'!$E$2:$E$10000,$C$2,'Raw Data'!$O$2:$O$10000,"<>",'Raw Data'!$L$2:$L$10000,">=0.85",'Raw Data'!$L$2:$L$10000,"<0.95") | J62: =COUNTIFS('Raw Data'!$Q$2:$Q$10000,"No",'Raw Data'!$A$2:$A$10000,$C$1,'Raw Data'!$E$2:$E$10000,$C$2,'Raw Data'!$O$2:$O$10000,"<>",'Raw Data'!$L$2:$L$10000,">=0.95") | K62: =SUM(C62:J62) | L62: =IFERROR(AVERAGEIFS('Raw Data'!$L$2:$L$10000,'Raw Data'!$Q$2:$Q$10000,"No",'Raw Data'!$A$2:$A$10000,$C$1,'Raw Data'!$E$2:$E$10000,$C$2,'Raw Data'!$O$2:$O$10000,"<>"),"")
A64: CLM level - CC MTD Target Achievement: store count by status
A65: Leader | B65: CLM | C65: Critical | D65: Semi Critical | E65: Non Critical | F65: Total Stores | G65: Avg CC MTD % | H65: Avg CC MTD Target | I65: Avg Achieved % | J65: Critical %
A66: =IFERROR(VLOOKUP($B66,Leaders!$A:$B,2,0),"Not Mapped") | B66: Adhavan Subramani | C66: =COUNTIFS('Raw Data'!$Q$2:$Q$10000,"No",'Raw Data'!$A$2:$A$10000,$C$1,'Raw Data'!$E$2:$E$10000,$C$2,'Raw Data'!$O$2:$O$10000,$B66,'Raw Data'!$T$2:$T$10000,"Critical") | D66: =COUNTIFS('Raw Data'!$Q$2:$Q$10000,"No",'Raw Data'!$A$2:$A$10000,$C$1,'Raw Data'!$E$2:$E$10000,$C$2,'Raw Data'!$O$2:$O$10000,$B66,'Raw Data'!$T$2:$T$10000,"Semi Critical") | E66: =COUNTIFS('Raw Data'!$Q$2:$Q$10000,"No",'Raw Data'!$A$2:$A$10000,$C$1,'Raw Data'!$E$2:$E$10000,$C$2,'Raw Data'!$O$2:$O$10000,$B66,'Raw Data'!$T$2:$T$10000,"Non Critical") | F66: =SUM(C66:E66) | G66: =IFERROR(AVERAGEIFS('Raw Data'!$G$2:$G$10000,'Raw Data'!$Q$2:$Q$10000,"No",'Raw Data'!$A$2:$A$10000,$C$1,'Raw Data'!$E$2:$E$10000,$C$2,'Raw Data'!$O$2:$O$10000,$B66),"") | H66: =IFERROR(AVERAGEIFS('Raw Data'!$R$2:$R$10000,'Raw Data'!$Q$2:$Q$10000,"No",'Raw Data'!$A$2:$A$10000,$C$1,'Raw Data'!$E$2:$E$10000,$C$2,'Raw Data'!$O$2:$O$10000,$B66),"") | I66: =IFERROR(AVERAGEIFS('Raw Data'!$S$2:$S$10000,'Raw Data'!$Q$2:$Q$10000,"No",'Raw Data'!$A$2:$A$10000,$C$1,'Raw Data'!$E$2:$E$10000,$C$2,'Raw Data'!$O$2:$O$10000,$B66),"") | J66: =IFERROR(C66/F66,"")
A67: =IFERROR(VLOOKUP($B67,Leaders!$A:$B,2,0),"Not Mapped") | B67: Ashwath S | C67: =COUNTIFS('Raw Data'!$Q$2:$Q$10000,"No",'Raw Data'!$A$2:$A$10000,$C$1,'Raw Data'!$E$2:$E$10000,$C$2,'Raw Data'!$O$2:$O$10000,$B67,'Raw Data'!$T$2:$T$10000,"Critical") | D67: =COUNTIFS('Raw Data'!$Q$2:$Q$10000,"No",'Raw Data'!$A$2:$A$10000,$C$1,'Raw Data'!$E$2:$E$10000,$C$2,'Raw Data'!$O$2:$O$10000,$B67,'Raw Data'!$T$2:$T$10000,"Semi Critical") | E67: =COUNTIFS('Raw Data'!$Q$2:$Q$10000,"No",'Raw Data'!$A$2:$A$10000,$C$1,'Raw Data'!$E$2:$E$10000,$C$2,'Raw Data'!$O$2:$O$10000,$B67,'Raw Data'!$T$2:$T$10000,"Non Critical") | F67: =SUM(C67:E67) | G67: =IFERROR(AVERAGEIFS('Raw Data'!$G$2:$G$10000,'Raw Data'!$Q$2:$Q$10000,"No",'Raw Data'!$A$2:$A$10000,$C$1,'Raw Data'!$E$2:$E$10000,$C$2,'Raw Data'!$O$2:$O$10000,$B67),"") | H67: =IFERROR(AVERAGEIFS('Raw Data'!$R$2:$R$10000,'Raw Data'!$Q$2:$Q$10000,"No",'Raw Data'!$A$2:$A$10000,$C$1,'Raw Data'!$E$2:$E$10000,$C$2,'Raw Data'!$O$2:$O$10000,$B67),"") | I67: =IFERROR(AVERAGEIFS('Raw Data'!$S$2:$S$10000,'Raw Data'!$Q$2:$Q$10000,"No",'Raw Data'!$A$2:$A$10000,$C$1,'Raw Data'!$E$2:$E$10000,$C$2,'Raw Data'!$O$2:$O$10000,$B67),"") | J67: =IFERROR(C67/F67,"")
A68: =IFERROR(VLOOKUP($B68,Leaders!$A:$B,2,0),"Not Mapped") | B68: Girish N | C68: =COUNTIFS('Raw Data'!$Q$2:$Q$10000,"No",'Raw Data'!$A$2:$A$10000,$C$1,'Raw Data'!$E$2:$E$10000,$C$2,'Raw Data'!$O$2:$O$10000,$B68,'Raw Data'!$T$2:$T$10000,"Critical") | D68: =COUNTIFS('Raw Data'!$Q$2:$Q$10000,"No",'Raw Data'!$A$2:$A$10000,$C$1,'Raw Data'!$E$2:$E$10000,$C$2,'Raw Data'!$O$2:$O$10000,$B68,'Raw Data'!$T$2:$T$10000,"Semi Critical") | E68: =COUNTIFS('Raw Data'!$Q$2:$Q$10000,"No",'Raw Data'!$A$2:$A$10000,$C$1,'Raw Data'!$E$2:$E$10000,$C$2,'Raw Data'!$O$2:$O$10000,$B68,'Raw Data'!$T$2:$T$10000,"Non Critical") | F68: =SUM(C68:E68) | G68: =IFERROR(AVERAGEIFS('Raw Data'!$G$2:$G$10000,'Raw Data'!$Q$2:$Q$10000,"No",'Raw Data'!$A$2:$A$10000,$C$1,'Raw Data'!$E$2:$E$10000,$C$2,'Raw Data'!$O$2:$O$10000,$B68),"") | H68: =IFERROR(AVERAGEIFS('Raw Data'!$R$2:$R$10000,'Raw Data'!$Q$2:$Q$10000,"No",'Raw Data'!$A$2:$A$10000,$C$1,'Raw Data'!$E$2:$E$10000,$C$2,'Raw Data'!$O$2:$O$10000,$B68),"") | I68: =IFERROR(AVERAGEIFS('Raw Data'!$S$2:$S$10000,'Raw Data'!$Q$2:$Q$10000,"No",'Raw Data'!$A$2:$A$10000,$C$1,'Raw Data'!$E$2:$E$10000,$C$2,'Raw Data'!$O$2:$O$10000,$B68),"") | J68: =IFERROR(C68/F68,"")
A69: =IFERROR(VLOOKUP($B69,Leaders!$A:$B,2,0),"Not Mapped") | B69: Mohaideen DH | C69: =COUNTIFS('Raw Data'!$Q$2:$Q$10000,"No",'Raw Data'!$A$2:$A$10000,$C$1,'Raw Data'!$E$2:$E$10000,$C$2,'Raw Data'!$O$2:$O$10000,$B69,'Raw Data'!$T$2:$T$10000,"Critical") | D69: =COUNTIFS('Raw Data'!$Q$2:$Q$10000,"No",'Raw Data'!$A$2:$A$10000,$C$1,'Raw Data'!$E$2:$E$10000,$C$2,'Raw Data'!$O$2:$O$10000,$B69,'Raw Data'!$T$2:$T$10000,"Semi Critical") | E69: =COUNTIFS('Raw Data'!$Q$2:$Q$10000,"No",'Raw Data'!$A$2:$A$10000,$C$1,'Raw Data'!$E$2:$E$10000,$C$2,'Raw Data'!$O$2:$O$10000,$B69,'Raw Data'!$T$2:$T$10000,"Non Critical") | F69: =SUM(C69:E69) | G69: =IFERROR(AVERAGEIFS('Raw Data'!$G$2:$G$10000,'Raw Data'!$Q$2:$Q$10000,"No",'Raw Data'!$A$2:$A$10000,$C$1,'Raw Data'!$E$2:$E$10000,$C$2,'Raw Data'!$O$2:$O$10000,$B69),"") | H69: =IFERROR(AVERAGEIFS('Raw Data'!$R$2:$R$10000,'Raw Data'!$Q$2:$Q$10000,"No",'Raw Data'!$A$2:$A$10000,$C$1,'Raw Data'!$E$2:$E$10000,$C$2,'Raw Data'!$O$2:$O$10000,$B69),"") | I69: =IFERROR(AVERAGEIFS('Raw Data'!$S$2:$S$10000,'Raw Data'!$Q$2:$Q$10000,"No",'Raw Data'!$A$2:$A$10000,$C$1,'Raw Data'!$E$2:$E$10000,$C$2,'Raw Data'!$O$2:$O$10000,$B69),"") | J69: =IFERROR(C69/F69,"")
A70: =IFERROR(VLOOKUP($B70,Leaders!$A:$B,2,0),"Not Mapped") | B70: Richard Harris | C70: =COUNTIFS('Raw Data'!$Q$2:$Q$10000,"No",'Raw Data'!$A$2:$A$10000,$C$1,'Raw Data'!$E$2:$E$10000,$C$2,'Raw Data'!$O$2:$O$10000,$B70,'Raw Data'!$T$2:$T$10000,"Critical") | D70: =COUNTIFS('Raw Data'!$Q$2:$Q$10000,"No",'Raw Data'!$A$2:$A$10000,$C$1,'Raw Data'!$E$2:$E$10000,$C$2,'Raw Data'!$O$2:$O$10000,$B70,'Raw Data'!$T$2:$T$10000,"Semi Critical") | E70: =COUNTIFS('Raw Data'!$Q$2:$Q$10000,"No",'Raw Data'!$A$2:$A$10000,$C$1,'Raw Data'!$E$2:$E$10000,$C$2,'Raw Data'!$O$2:$O$10000,$B70,'Raw Data'!$T$2:$T$10000,"Non Critical") | F70: =SUM(C70:E70) | G70: =IFERROR(AVERAGEIFS('Raw Data'!$G$2:$G$10000,'Raw Data'!$Q$2:$Q$10000,"No",'Raw Data'!$A$2:$A$10000,$C$1,'Raw Data'!$E$2:$E$10000,$C$2,'Raw Data'!$O$2:$O$10000,$B70),"") | H70: =IFERROR(AVERAGEIFS('Raw Data'!$R$2:$R$10000,'Raw Data'!$Q$2:$Q$10000,"No",'Raw Data'!$A$2:$A$10000,$C$1,'Raw Data'!$E$2:$E$10000,$C$2,'Raw Data'!$O$2:$O$10000,$B70),"") | I70: =IFERROR(AVERAGEIFS('Raw Data'!$S$2:$S$10000,'Raw Data'!$Q$2:$Q$10000,"No",'Raw Data'!$A$2:$A$10000,$C$1,'Raw Data'!$E$2:$E$10000,$C$2,'Raw Data'!$O$2:$O$10000,$B70),"") | J70: =IFERROR(C70/F70,"")
A71: =IFERROR(VLOOKUP($B71,Leaders!$A:$B,2,0),"Not Mapped") | B71: Akshay P | C71: =COUNTIFS('Raw Data'!$Q$2:$Q$10000,"No",'Raw Data'!$A$2:$A$10000,$C$1,'Raw Data'!$E$2:$E$10000,$C$2,'Raw Data'!$O$2:$O$10000,$B71,'Raw Data'!$T$2:$T$10000,"Critical") | D71: =COUNTIFS('Raw Data'!$Q$2:$Q$10000,"No",'Raw Data'!$A$2:$A$10000,$C$1,'Raw Data'!$E$2:$E$10000,$C$2,'Raw Data'!$O$2:$O$10000,$B71,'Raw Data'!$T$2:$T$10000,"Semi Critical") | E71: =COUNTIFS('Raw Data'!$Q$2:$Q$10000,"No",'Raw Data'!$A$2:$A$10000,$C$1,'Raw Data'!$E$2:$E$10000,$C$2,'Raw Data'!$O$2:$O$10000,$B71,'Raw Data'!$T$2:$T$10000,"Non Critical") | F71: =SUM(C71:E71) | G71: =IFERROR(AVERAGEIFS('Raw Data'!$G$2:$G$10000,'Raw Data'!$Q$2:$Q$10000,"No",'Raw Data'!$A$2:$A$10000,$C$1,'Raw Data'!$E$2:$E$10000,$C$2,'Raw Data'!$O$2:$O$10000,$B71),"") | H71: =IFERROR(AVERAGEIFS('Raw Data'!$R$2:$R$10000,'Raw Data'!$Q$2:$Q$10000,"No",'Raw Data'!$A$2:$A$10000,$C$1,'Raw Data'!$E$2:$E$10000,$C$2,'Raw Data'!$O$2:$O$10000,$B71),"") | I71: =IFERROR(AVERAGEIFS('Raw Data'!$S$2:$S$10000,'Raw Data'!$Q$2:$Q$10000,"No",'Raw Data'!$A$2:$A$10000,$C$1,'Raw Data'!$E$2:$E$10000,$C$2,'Raw Data'!$O$2:$O$10000,$B71),"") | J71: =IFERROR(C71/F71,"")
A72: =IFERROR(VLOOKUP($B72,Leaders!$A:$B,2,0),"Not Mapped") | B72: Manoj Kj | C72: =COUNTIFS('Raw Data'!$Q$2:$Q$10000,"No",'Raw Data'!$A$2:$A$10000,$C$1,'Raw Data'!$E$2:$E$10000,$C$2,'Raw Data'!$O$2:$O$10000,$B72,'Raw Data'!$T$2:$T$10000,"Critical") | D72: =COUNTIFS('Raw Data'!$Q$2:$Q$10000,"No",'Raw Data'!$A$2:$A$10000,$C$1,'Raw Data'!$E$2:$E$10000,$C$2,'Raw Data'!$O$2:$O$10000,$B72,'Raw Data'!$T$2:$T$10000,"Semi Critical") | E72: =COUNTIFS('Raw Data'!$Q$2:$Q$10000,"No",'Raw Data'!$A$2:$A$10000,$C$1,'Raw Data'!$E$2:$E$10000,$C$2,'Raw Data'!$O$2:$O$10000,$B72,'Raw Data'!$T$2:$T$10000,"Non Critical") | F72: =SUM(C72:E72) | G72: =IFERROR(AVERAGEIFS('Raw Data'!$G$2:$G$10000,'Raw Data'!$Q$2:$Q$10000,"No",'Raw Data'!$A$2:$A$10000,$C$1,'Raw Data'!$E$2:$E$10000,$C$2,'Raw Data'!$O$2:$O$10000,$B72),"") | H72: =IFERROR(AVERAGEIFS('Raw Data'!$R$2:$R$10000,'Raw Data'!$Q$2:$Q$10000,"No",'Raw Data'!$A$2:$A$10000,$C$1,'Raw Data'!$E$2:$E$10000,$C$2,'Raw Data'!$O$2:$O$10000,$B72),"") | I72: =IFERROR(AVERAGEIFS('Raw Data'!$S$2:$S$10000,'Raw Data'!$Q$2:$Q$10000,"No",'Raw Data'!$A$2:$A$10000,$C$1,'Raw Data'!$E$2:$E$10000,$C$2,'Raw Data'!$O$2:$O$10000,$B72),"") | J72: =IFERROR(C72/F72,"")
A73: =IFERROR(VLOOKUP($B73,Leaders!$A:$B,2,0),"Not Mapped") | B73: Narasimhamurthy R | C73: =COUNTIFS('Raw Data'!$Q$2:$Q$10000,"No",'Raw Data'!$A$2:$A$10000,$C$1,'Raw Data'!$E$2:$E$10000,$C$2,'Raw Data'!$O$2:$O$10000,$B73,'Raw Data'!$T$2:$T$10000,"Critical") | D73: =COUNTIFS('Raw Data'!$Q$2:$Q$10000,"No",'Raw Data'!$A$2:$A$10000,$C$1,'Raw Data'!$E$2:$E$10000,$C$2,'Raw Data'!$O$2:$O$10000,$B73,'Raw Data'!$T$2:$T$10000,"Semi Critical") | E73: =COUNTIFS('Raw Data'!$Q$2:$Q$10000,"No",'Raw Data'!$A$2:$A$10000,$C$1,'Raw Data'!$E$2:$E$10000,$C$2,'Raw Data'!$O$2:$O$10000,$B73,'Raw Data'!$T$2:$T$10000,"Non Critical") | F73: =SUM(C73:E73) | G73: =IFERROR(AVERAGEIFS('Raw Data'!$G$2:$G$10000,'Raw Data'!$Q$2:$Q$10000,"No",'Raw Data'!$A$2:$A$10000,$C$1,'Raw Data'!$E$2:$E$10000,$C$2,'Raw Data'!$O$2:$O$10000,$B73),"") | H73: =IFERROR(AVERAGEIFS('Raw Data'!$R$2:$R$10000,'Raw Data'!$Q$2:$Q$10000,"No",'Raw Data'!$A$2:$A$10000,$C$1,'Raw Data'!$E$2:$E$10000,$C$2,'Raw Data'!$O$2:$O$10000,$B73),"") | I73: =IFERROR(AVERAGEIFS('Raw Data'!$S$2:$S$10000,'Raw Data'!$Q$2:$Q$10000,"No",'Raw Data'!$A$2:$A$10000,$C$1,'Raw Data'!$E$2:$E$10000,$C$2,'Raw Data'!$O$2:$O$10000,$B73),"") | J73: =IFERROR(C73/F73,"")
A74: =IFERROR(VLOOKUP($B74,Leaders!$A:$B,2,0),"Not Mapped") | B74: Ravishankar gowda | C74: =COUNTIFS('Raw Data'!$Q$2:$Q$10000,"No",'Raw Data'!$A$2:$A$10000,$C$1,'Raw Data'!$E$2:$E$10000,$C$2,'Raw Data'!$O$2:$O$10000,$B74,'Raw Data'!$T$2:$T$10000,"Critical") | D74: =COUNTIFS('Raw Data'!$Q$2:$Q$10000,"No",'Raw Data'!$A$2:$A$10000,$C$1,'Raw Data'!$E$2:$E$10000,$C$2,'Raw Data'!$O$2:$O$10000,$B74,'Raw Data'!$T$2:$T$10000,"Semi Critical") | E74: =COUNTIFS('Raw Data'!$Q$2:$Q$10000,"No",'Raw Data'!$A$2:$A$10000,$C$1,'Raw Data'!$E$2:$E$10000,$C$2,'Raw Data'!$O$2:$O$10000,$B74,'Raw Data'!$T$2:$T$10000,"Non Critical") | F74: =SUM(C74:E74) | G74: =IFERROR(AVERAGEIFS('Raw Data'!$G$2:$G$10000,'Raw Data'!$Q$2:$Q$10000,"No",'Raw Data'!$A$2:$A$10000,$C$1,'Raw Data'!$E$2:$E$10000,$C$2,'Raw Data'!$O$2:$O$10000,$B74),"") | H74: =IFERROR(AVERAGEIFS('Raw Data'!$R$2:$R$10000,'Raw Data'!$Q$2:$Q$10000,"No",'Raw Data'!$A$2:$A$10000,$C$1,'Raw Data'!$E$2:$E$10000,$C$2,'Raw Data'!$O$2:$O$10000,$B74),"") | I74: =IFERROR(AVERAGEIFS('Raw Data'!$S$2:$S$10000,'Raw Data'!$Q$2:$Q$10000,"No",'Raw Data'!$A$2:$A$10000,$C$1,'Raw Data'!$E$2:$E$10000,$C$2,'Raw Data'!$O$2:$O$10000,$B74),"") | J74: =IFERROR(C74/F74,"")
A75: =IFERROR(VLOOKUP($B75,Leaders!$A:$B,2,0),"Not Mapped") | B75: Balaji G | C75: =COUNTIFS('Raw Data'!$Q$2:$Q$10000,"No",'Raw Data'!$A$2:$A$10000,$C$1,'Raw Data'!$E$2:$E$10000,$C$2,'Raw Data'!$O$2:$O$10000,$B75,'Raw Data'!$T$2:$T$10000,"Critical") | D75: =COUNTIFS('Raw Data'!$Q$2:$Q$10000,"No",'Raw Data'!$A$2:$A$10000,$C$1,'Raw Data'!$E$2:$E$10000,$C$2,'Raw Data'!$O$2:$O$10000,$B75,'Raw Data'!$T$2:$T$10000,"Semi Critical") | E75: =COUNTIFS('Raw Data'!$Q$2:$Q$10000,"No",'Raw Data'!$A$2:$A$10000,$C$1,'Raw Data'!$E$2:$E$10000,$C$2,'Raw Data'!$O$2:$O$10000,$B75,'Raw Data'!$T$2:$T$10000,"Non Critical") | F75: =SUM(C75:E75) | G75: =IFERROR(AVERAGEIFS('Raw Data'!$G$2:$G$10000,'Raw Data'!$Q$2:$Q$10000,"No",'Raw Data'!$A$2:$A$10000,$C$1,'Raw Data'!$E$2:$E$10000,$C$2,'Raw Data'!$O$2:$O$10000,$B75),"") | H75: =IFERROR(AVERAGEIFS('Raw Data'!$R$2:$R$10000,'Raw Data'!$Q$2:$Q$10000,"No",'Raw Data'!$A$2:$A$10000,$C$1,'Raw Data'!$E$2:$E$10000,$C$2,'Raw Data'!$O$2:$O$10000,$B75),"") | I75: =IFERROR(AVERAGEIFS('Raw Data'!$S$2:$S$10000,'Raw Data'!$Q$2:$Q$10000,"No",'Raw Data'!$A$2:$A$10000,$C$1,'Raw Data'!$E$2:$E$10000,$C$2,'Raw Data'!$O$2:$O$10000,$B75),"") | J75: =IFERROR(C75/F75,"")
A76: =IFERROR(VLOOKUP($B76,Leaders!$A:$B,2,0),"Not Mapped") | B76: Basil Scariya | C76: =COUNTIFS('Raw Data'!$Q$2:$Q$10000,"No",'Raw Data'!$A$2:$A$10000,$C$1,'Raw Data'!$E$2:$E$10000,$C$2,'Raw Data'!$O$2:$O$10000,$B76,'Raw Data'!$T$2:$T$10000,"Critical") | D76: =COUNTIFS('Raw Data'!$Q$2:$Q$10000,"No",'Raw Data'!$A$2:$A$10000,$C$1,'Raw Data'!$E$2:$E$10000,$C$2,'Raw Data'!$O$2:$O$10000,$B76,'Raw Data'!$T$2:$T$10000,"Semi Critical") | E76: =COUNTIFS('Raw Data'!$Q$2:$Q$10000,"No",'Raw Data'!$A$2:$A$10000,$C$1,'Raw Data'!$E$2:$E$10000,$C$2,'Raw Data'!$O$2:$O$10000,$B76,'Raw Data'!$T$2:$T$10000,"Non Critical") | F76: =SUM(C76:E76) | G76: =IFERROR(AVERAGEIFS('Raw Data'!$G$2:$G$10000,'Raw Data'!$Q$2:$Q$10000,"No",'Raw Data'!$A$2:$A$10000,$C$1,'Raw Data'!$E$2:$E$10000,$C$2,'Raw Data'!$O$2:$O$10000,$B76),"") | H76: =IFERROR(AVERAGEIFS('Raw Data'!$R$2:$R$10000,'Raw Data'!$Q$2:$Q$10000,"No",'Raw Data'!$A$2:$A$10000,$C$1,'Raw Data'!$E$2:$E$10000,$C$2,'Raw Data'!$O$2:$O$10000,$B76),"") | I76: =IFERROR(AVERAGEIFS('Raw Data'!$S$2:$S$10000,'Raw Data'!$Q$2:$Q$10000,"No",'Raw Data'!$A$2:$A$10000,$C$1,'Raw Data'!$E$2:$E$10000,$C$2,'Raw Data'!$O$2:$O$10000,$B76),"") | J76: =IFERROR(C76/F76,"")
A77: =IFERROR(VLOOKUP($B77,Leaders!$A:$B,2,0),"Not Mapped") | B77: Keshav G | C77: =COUNTIFS('Raw Data'!$Q$2:$Q$10000,"No",'Raw Data'!$A$2:$A$10000,$C$1,'Raw Data'!$E$2:$E$10000,$C$2,'Raw Data'!$O$2:$O$10000,$B77,'Raw Data'!$T$2:$T$10000,"Critical") | D77: =COUNTIFS('Raw Data'!$Q$2:$Q$10000,"No",'Raw Data'!$A$2:$A$10000,$C$1,'Raw Data'!$E$2:$E$10000,$C$2,'Raw Data'!$O$2:$O$10000,$B77,'Raw Data'!$T$2:$T$10000,"Semi Critical") | E77: =COUNTIFS('Raw Data'!$Q$2:$Q$10000,"No",'Raw Data'!$A$2:$A$10000,$C$1,'Raw Data'!$E$2:$E$10000,$C$2,'Raw Data'!$O$2:$O$10000,$B77,'Raw Data'!$T$2:$T$10000,"Non Critical") | F77: =SUM(C77:E77) | G77: =IFERROR(AVERAGEIFS('Raw Data'!$G$2:$G$10000,'Raw Data'!$Q$2:$Q$10000,"No",'Raw Data'!$A$2:$A$10000,$C$1,'Raw Data'!$E$2:$E$10000,$C$2,'Raw Data'!$O$2:$O$10000,$B77),"") | H77: =IFERROR(AVERAGEIFS('Raw Data'!$R$2:$R$10000,'Raw Data'!$Q$2:$Q$10000,"No",'Raw Data'!$A$2:$A$10000,$C$1,'Raw Data'!$E$2:$E$10000,$C$2,'Raw Data'!$O$2:$O$10000,$B77),"") | I77: =IFERROR(AVERAGEIFS('Raw Data'!$S$2:$S$10000,'Raw Data'!$Q$2:$Q$10000,"No",'Raw Data'!$A$2:$A$10000,$C$1,'Raw Data'!$E$2:$E$10000,$C$2,'Raw Data'!$O$2:$O$10000,$B77),"") | J77: =IFERROR(C77/F77,"")
... A91: =IFERROR(VLOOKUP($B91,Leaders!$A:$B,2,0),"Not Mapped") | B91: Vishnu V | C91: =COUNTIFS('Raw Data'!$Q$2:$Q$10000,"No",'Raw Data'!$A$2:$A$10000,$C$1,'Raw Data'!$E$2:$E$10000,$C$2,'Raw Data'!$O$2:$O$10000,$B91,'Raw Data'!$T$2:$T$10000,"Critical") | D91: =COUNTIFS('Raw Data'!$Q$2:$Q$10000,"No",'Raw Data'!$A$2:$A$10000,$C$1,'Raw Data'!$E$2:$E$10000,$C$2,'Raw Data'!$O$2:$O$10000,$B91,'Raw Data'!$T$2:$T$10000,"Semi Critical") | E91: =COUNTIFS('Raw Data'!$Q$2:$Q$10000,"No",'Raw Data'!$A$2:$A$10000,$C$1,'Raw Data'!$E$2:$E$10000,$C$2,'Raw Data'!$O$2:$O$10000,$B91,'Raw Data'!$T$2:$T$10000,"Non Critical") | F91: =SUM(C91:E91) | G91: =IFERROR(AVERAGEIFS('Raw Data'!$G$2:$G$10000,'Raw Data'!$Q$2:$Q$10000,"No",'Raw Data'!$A$2:$A$10000,$C$1,'Raw Data'!$E$2:$E$10000,$C$2,'Raw Data'!$O$2:$O$10000,$B91),"") | H91: =IFERROR(AVERAGEIFS('Raw Data'!$R$2:$R$10000,'Raw Data'!$Q$2:$Q$10000,"No",'Raw Data'!$A$2:$A$10000,$C$1,'Raw Data'!$E$2:$E$10000,$C$2,'Raw Data'!$O$2:$O$10000,$B91),"") | I91: =IFERROR(AVERAGEIFS('Raw Data'!$S$2:$S$10000,'Raw Data'!$Q$2:$Q$10000,"No",'Raw Data'!$A$2:$A$10000,$C$1,'Raw Data'!$E$2:$E$10000,$C$2,'Raw Data'!$O$2:$O$10000,$B91),"") | J91: =IFERROR(C91/F91,"")
B92: Grand Total | C92: =COUNTIFS('Raw Data'!$Q$2:$Q$10000,"No",'Raw Data'!$A$2:$A$10000,$C$1,'Raw Data'!$E$2:$E$10000,$C$2,'Raw Data'!$O$2:$O$10000,"<>",'Raw Data'!$T$2:$T$10000,"Critical") | D92: =COUNTIFS('Raw Data'!$Q$2:$Q$10000,"No",'Raw Data'!$A$2:$A$10000,$C$1,'Raw Data'!$E$2:$E$10000,$C$2,'Raw Data'!$O$2:$O$10000,"<>",'Raw Data'!$T$2:$T$10000,"Semi Critical") | E92: =COUNTIFS('Raw Data'!$Q$2:$Q$10000,"No",'Raw Data'!$A$2:$A$10000,$C$1,'Raw Data'!$E$2:$E$10000,$C$2,'Raw Data'!$O$2:$O$10000,"<>",'Raw Data'!$T$2:$T$10000,"Non Critical") | F92: =SUM(C92:E92) | G92: =IFERROR(AVERAGEIFS('Raw Data'!$G$2:$G$10000,'Raw Data'!$Q$2:$Q$10000,"No",'Raw Data'!$A$2:$A$10000,$C$1,'Raw Data'!$E$2:$E$10000,$C$2,'Raw Data'!$O$2:$O$10000,"<>"),"") | H92: =IFERROR(AVERAGEIFS('Raw Data'!$R$2:$R$10000,'Raw Data'!$Q$2:$Q$10000,"No",'Raw Data'!$A$2:$A$10000,$C$1,'Raw Data'!$E$2:$E$10000,$C$2,'Raw Data'!$O$2:$O$10000,"<>"),"") | I92: =IFERROR(AVERAGEIFS('Raw Data'!$S$2:$S$10000,'Raw Data'!$Q$2:$Q$10000,"No",'Raw Data'!$A$2:$A$10000,$C$1,'Raw Data'!$E$2:$E$10000,$C$2,'Raw Data'!$O$2:$O$10000,"<>"),"") | J92: =IFERROR(C92/F92,"")

Sheet IM Cuts
A1: Select Date ▶ | B1: 46304 | C1: =IF($B$1="All","<>",$B$1) | D1: (pick a date or "All" from the dropdown)
A2: Select City ▶ | B2: All | C2: =IF($B$2="All","<>",$B$2) | D2: (pick a city or "All")
A4: IM level - CC MTD %: store count by band
A5: IM | B5: <20% | C5: 20-40% | D5: 40-50% | E5: 50-60% | F5: 60-70% | G5: 70-85% | H5: 85-95% | I5: >=95% | J5: Total Stores | K5: Avg CC MTD %
A6: Aravind S | B6: =COUNTIFS('Raw Data'!$Q$2:$Q$10000,"No",'Raw Data'!$A$2:$A$10000,$C$1,'Raw Data'!$E$2:$E$10000,$C$2,'Raw Data'!$P$2:$P$10000,$A6,'Raw Data'!$G$2:$G$10000,">=0",'Raw Data'!$G$2:$G$10000,"<0.2") | C6: =COUNTIFS('Raw Data'!$Q$2:$Q$10000,"No",'Raw Data'!$A$2:$A$10000,$C$1,'Raw Data'!$E$2:$E$10000,$C$2,'Raw Data'!$P$2:$P$10000,$A6,'Raw Data'!$G$2:$G$10000,">=0.2",'Raw Data'!$G$2:$G$10000,"<0.4") | D6: =COUNTIFS('Raw Data'!$Q$2:$Q$10000,"No",'Raw Data'!$A$2:$A$10000,$C$1,'Raw Data'!$E$2:$E$10000,$C$2,'Raw Data'!$P$2:$P$10000,$A6,'Raw Data'!$G$2:$G$10000,">=0.4",'Raw Data'!$G$2:$G$10000,"<0.5") | E6: =COUNTIFS('Raw Data'!$Q$2:$Q$10000,"No",'Raw Data'!$A$2:$A$10000,$C$1,'Raw Data'!$E$2:$E$10000,$C$2,'Raw Data'!$P$2:$P$10000,$A6,'Raw Data'!$G$2:$G$10000,">=0.5",'Raw Data'!$G$2:$G$10000,"<0.6") | F6: =COUNTIFS('Raw Data'!$Q$2:$Q$10000,"No",'Raw Data'!$A$2:$A$10000,$C$1,'Raw Data'!$E$2:$E$10000,$C$2,'Raw Data'!$P$2:$P$10000,$A6,'Raw Data'!$G$2:$G$10000,">=0.6",'Raw Data'!$G$2:$G$10000,"<0.7") | G6: =COUNTIFS('Raw Data'!$Q$2:$Q$10000,"No",'Raw Data'!$A$2:$A$10000,$C$1,'Raw Data'!$E$2:$E$10000,$C$2,'Raw Data'!$P$2:$P$10000,$A6,'Raw Data'!$G$2:$G$10000,">=0.7",'Raw Data'!$G$2:$G$10000,"<0.85") | H6: =COUNTIFS('Raw Data'!$Q$2:$Q$10000,"No",'Raw Data'!$A$2:$A$10000,$C$1,'Raw Data'!$E$2:$E$10000,$C$2,'Raw Data'!$P$2:$P$10000,$A6,'Raw Data'!$G$2:$G$10000,">=0.85",'Raw Data'!$G$2:$G$10000,"<0.95") | I6: =COUNTIFS('Raw Data'!$Q$2:$Q$10000,"No",'Raw Data'!$A$2:$A$10000,$C$1,'Raw Data'!$E$2:$E$10000,$C$2,'Raw Data'!$P$2:$P$10000,$A6,'Raw Data'!$G$2:$G$10000,">=0.95") | J6: =SUM(B6:I6) | K6: =IFERROR(AVERAGEIFS('Raw Data'!$G$2:$G$10000,'Raw Data'!$Q$2:$Q$10000,"No",'Raw Data'!$A$2:$A$10000,$C$1,'Raw Data'!$E$2:$E$10000,$C$2,'Raw Data'!$P$2:$P$10000,$A6),"")
A7: Arivind S | B7: =COUNTIFS('Raw Data'!$Q$2:$Q$10000,"No",'Raw Data'!$A$2:$A$10000,$C$1,'Raw Data'!$E$2:$E$10000,$C$2,'Raw Data'!$P$2:$P$10000,$A7,'Raw Data'!$G$2:$G$10000,">=0",'Raw Data'!$G$2:$G$10000,"<0.2") | C7: =COUNTIFS('Raw Data'!$Q$2:$Q$10000,"No",'Raw Data'!$A$2:$A$10000,$C$1,'Raw Data'!$E$2:$E$10000,$C$2,'Raw Data'!$P$2:$P$10000,$A7,'Raw Data'!$G$2:$G$10000,">=0.2",'Raw Data'!$G$2:$G$10000,"<0.4") | D7: =COUNTIFS('Raw Data'!$Q$2:$Q$10000,"No",'Raw Data'!$A$2:$A$10000,$C$1,'Raw Data'!$E$2:$E$10000,$C$2,'Raw Data'!$P$2:$P$10000,$A7,'Raw Data'!$G$2:$G$10000,">=0.4",'Raw Data'!$G$2:$G$10000,"<0.5") | E7: =COUNTIFS('Raw Data'!$Q$2:$Q$10000,"No",'Raw Data'!$A$2:$A$10000,$C$1,'Raw Data'!$E$2:$E$10000,$C$2,'Raw Data'!$P$2:$P$10000,$A7,'Raw Data'!$G$2:$G$10000,">=0.5",'Raw Data'!$G$2:$G$10000,"<0.6") | F7: =COUNTIFS('Raw Data'!$Q$2:$Q$10000,"No",'Raw Data'!$A$2:$A$10000,$C$1,'Raw Data'!$E$2:$E$10000,$C$2,'Raw Data'!$P$2:$P$10000,$A7,'Raw Data'!$G$2:$G$10000,">=0.6",'Raw Data'!$G$2:$G$10000,"<0.7") | G7: =COUNTIFS('Raw Data'!$Q$2:$Q$10000,"No",'Raw Data'!$A$2:$A$10000,$C$1,'Raw Data'!$E$2:$E$10000,$C$2,'Raw Data'!$P$2:$P$10000,$A7,'Raw Data'!$G$2:$G$10000,">=0.7",'Raw Data'!$G$2:$G$10000,"<0.85") | H7: =COUNTIFS('Raw Data'!$Q$2:$Q$10000,"No",'Raw Data'!$A$2:$A$10000,$C$1,'Raw Data'!$E$2:$E$10000,$C$2,'Raw Data'!$P$2:$P$10000,$A7,'Raw Data'!$G$2:$G$10000,">=0.85",'Raw Data'!$G$2:$G$10000,"<0.95") | I7: =COUNTIFS('Raw Data'!$Q$2:$Q$10000,"No",'Raw Data'!$A$2:$A$10000,$C$1,'Raw Data'!$E$2:$E$10000,$C$2,'Raw Data'!$P$2:$P$10000,$A7,'Raw Data'!$G$2:$G$10000,">=0.95") | J7: =SUM(B7:I7) | K7: =IFERROR(AVERAGEIFS('Raw Data'!$G$2:$G$10000,'Raw Data'!$Q$2:$Q$10000,"No",'Raw Data'!$A$2:$A$10000,$C$1,'Raw Data'!$E$2:$E$10000,$C$2,'Raw Data'!$P$2:$P$10000,$A7),"")
A8: Kantha Kumar | B8: =COUNTIFS('Raw Data'!$Q$2:$Q$10000,"No",'Raw Data'!$A$2:$A$10000,$C$1,'Raw Data'!$E$2:$E$10000,$C$2,'Raw Data'!$P$2:$P$10000,$A8,'Raw Data'!$G$2:$G$10000,">=0",'Raw Data'!$G$2:$G$10000,"<0.2") | C8: =COUNTIFS('Raw Data'!$Q$2:$Q$10000,"No",'Raw Data'!$A$2:$A$10000,$C$1,'Raw Data'!$E$2:$E$10000,$C$2,'Raw Data'!$P$2:$P$10000,$A8,'Raw Data'!$G$2:$G$10000,">=0.2",'Raw Data'!$G$2:$G$10000,"<0.4") | D8: =COUNTIFS('Raw Data'!$Q$2:$Q$10000,"No",'Raw Data'!$A$2:$A$10000,$C$1,'Raw Data'!$E$2:$E$10000,$C$2,'Raw Data'!$P$2:$P$10000,$A8,'Raw Data'!$G$2:$G$10000,">=0.4",'Raw Data'!$G$2:$G$10000,"<0.5") | E8: =COUNTIFS('Raw Data'!$Q$2:$Q$10000,"No",'Raw Data'!$A$2:$A$10000,$C$1,'Raw Data'!$E$2:$E$10000,$C$2,'Raw Data'!$P$2:$P$10000,$A8,'Raw Data'!$G$2:$G$10000,">=0.5",'Raw Data'!$G$2:$G$10000,"<0.6") | F8: =COUNTIFS('Raw Data'!$Q$2:$Q$10000,"No",'Raw Data'!$A$2:$A$10000,$C$1,'Raw Data'!$E$2:$E$10000,$C$2,'Raw Data'!$P$2:$P$10000,$A8,'Raw Data'!$G$2:$G$10000,">=0.6",'Raw Data'!$G$2:$G$10000,"<0.7") | G8: =COUNTIFS('Raw Data'!$Q$2:$Q$10000,"No",'Raw Data'!$A$2:$A$10000,$C$1,'Raw Data'!$E$2:$E$10000,$C$2,'Raw Data'!$P$2:$P$10000,$A8,'Raw Data'!$G$2:$G$10000,">=0.7",'Raw Data'!$G$2:$G$10000,"<0.85") | H8: =COUNTIFS('Raw Data'!$Q$2:$Q$10000,"No",'Raw Data'!$A$2:$A$10000,$C$1,'Raw Data'!$E$2:$E$10000,$C$2,'Raw Data'!$P$2:$P$10000,$A8,'Raw Data'!$G$2:$G$10000,">=0.85",'Raw Data'!$G$2:$G$10000,"<0.95") | I8: =COUNTIFS('Raw Data'!$Q$2:$Q$10000,"No",'Raw Data'!$A$2:$A$10000,$C$1,'Raw Data'!$E$2:$E$10000,$C$2,'Raw Data'!$P$2:$P$10000,$A8,'Raw Data'!$G$2:$G$10000,">=0.95") | J8: =SUM(B8:I8) | K8: =IFERROR(AVERAGEIFS('Raw Data'!$G$2:$G$10000,'Raw Data'!$Q$2:$Q$10000,"No",'Raw Data'!$A$2:$A$10000,$C$1,'Raw Data'!$E$2:$E$10000,$C$2,'Raw Data'!$P$2:$P$10000,$A8),"")
A9: Kishor K | B9: =COUNTIFS('Raw Data'!$Q$2:$Q$10000,"No",'Raw Data'!$A$2:$A$10000,$C$1,'Raw Data'!$E$2:$E$10000,$C$2,'Raw Data'!$P$2:$P$10000,$A9,'Raw Data'!$G$2:$G$10000,">=0",'Raw Data'!$G$2:$G$10000,"<0.2") | C9: =COUNTIFS('Raw Data'!$Q$2:$Q$10000,"No",'Raw Data'!$A$2:$A$10000,$C$1,'Raw Data'!$E$2:$E$10000,$C$2,'Raw Data'!$P$2:$P$10000,$A9,'Raw Data'!$G$2:$G$10000,">=0.2",'Raw Data'!$G$2:$G$10000,"<0.4") | D9: =COUNTIFS('Raw Data'!$Q$2:$Q$10000,"No",'Raw Data'!$A$2:$A$10000,$C$1,'Raw Data'!$E$2:$E$10000,$C$2,'Raw Data'!$P$2:$P$10000,$A9,'Raw Data'!$G$2:$G$10000,">=0.4",'Raw Data'!$G$2:$G$10000,"<0.5") | E9: =COUNTIFS('Raw Data'!$Q$2:$Q$10000,"No",'Raw Data'!$A$2:$A$10000,$C$1,'Raw Data'!$E$2:$E$10000,$C$2,'Raw Data'!$P$2:$P$10000,$A9,'Raw Data'!$G$2:$G$10000,">=0.5",'Raw Data'!$G$2:$G$10000,"<0.6") | F9: =COUNTIFS('Raw Data'!$Q$2:$Q$10000,"No",'Raw Data'!$A$2:$A$10000,$C$1,'Raw Data'!$E$2:$E$10000,$C$2,'Raw Data'!$P$2:$P$10000,$A9,'Raw Data'!$G$2:$G$10000,">=0.6",'Raw Data'!$G$2:$G$10000,"<0.7") | G9: =COUNTIFS('Raw Data'!$Q$2:$Q$10000,"No",'Raw Data'!$A$2:$A$10000,$C$1,'Raw Data'!$E$2:$E$10000,$C$2,'Raw Data'!$P$2:$P$10000,$A9,'Raw Data'!$G$2:$G$10000,">=0.7",'Raw Data'!$G$2:$G$10000,"<0.85") | H9: =COUNTIFS('Raw Data'!$Q$2:$Q$10000,"No",'Raw Data'!$A$2:$A$10000,$C$1,'Raw Data'!$E$2:$E$10000,$C$2,'Raw Data'!$P$2:$P$10000,$A9,'Raw Data'!$G$2:$G$10000,">=0.85",'Raw Data'!$G$2:$G$10000,"<0.95") | I9: =COUNTIFS('Raw Data'!$Q$2:$Q$10000,"No",'Raw Data'!$A$2:$A$10000,$C$1,'Raw Data'!$E$2:$E$10000,$C$2,'Raw Data'!$P$2:$P$10000,$A9,'Raw Data'!$G$2:$G$10000,">=0.95") | J9: =SUM(B9:I9) | K9: =IFERROR(AVERAGEIFS('Raw Data'!$G$2:$G$10000,'Raw Data'!$Q$2:$Q$10000,"No",'Raw Data'!$A$2:$A$10000,$C$1,'Raw Data'!$E$2:$E$10000,$C$2,'Raw Data'!$P$2:$P$10000,$A9),"")
A10: Mohammed Akbar | B10: =COUNTIFS('Raw Data'!$Q$2:$Q$10000,"No",'Raw Data'!$A$2:$A$10000,$C$1,'Raw Data'!$E$2:$E$10000,$C$2,'Raw Data'!$P$2:$P$10000,$A10,'Raw Data'!$G$2:$G$10000,">=0",'Raw Data'!$G$2:$G$10000,"<0.2") | C10: =COUNTIFS('Raw Data'!$Q$2:$Q$10000,"No",'Raw Data'!$A$2:$A$10000,$C$1,'Raw Data'!$E$2:$E$10000,$C$2,'Raw Data'!$P$2:$P$10000,$A10,'Raw Data'!$G$2:$G$10000,">=0.2",'Raw Data'!$G$2:$G$10000,"<0.4") | D10: =COUNTIFS('Raw Data'!$Q$2:$Q$10000,"No",'Raw Data'!$A$2:$A$10000,$C$1,'Raw Data'!$E$2:$E$10000,$C$2,'Raw Data'!$P$2:$P$10000,$A10,'Raw Data'!$G$2:$G$10000,">=0.4",'Raw Data'!$G$2:$G$10000,"<0.5") | E10: =COUNTIFS('Raw Data'!$Q$2:$Q$10000,"No",'Raw Data'!$A$2:$A$10000,$C$1,'Raw Data'!$E$2:$E$10000,$C$2,'Raw Data'!$P$2:$P$10000,$A10,'Raw Data'!$G$2:$G$10000,">=0.5",'Raw Data'!$G$2:$G$10000,"<0.6") | F10: =COUNTIFS('Raw Data'!$Q$2:$Q$10000,"No",'Raw Data'!$A$2:$A$10000,$C$1,'Raw Data'!$E$2:$E$10000,$C$2,'Raw Data'!$P$2:$P$10000,$A10,'Raw Data'!$G$2:$G$10000,">=0.6",'Raw Data'!$G$2:$G$10000,"<0.7") | G10: =COUNTIFS('Raw Data'!$Q$2:$Q$10000,"No",'Raw Data'!$A$2:$A$10000,$C$1,'Raw Data'!$E$2:$E$10000,$C$2,'Raw Data'!$P$2:$P$10000,$A10,'Raw Data'!$G$2:$G$10000,">=0.7",'Raw Data'!$G$2:$G$10000,"<0.85") | H10: =COUNTIFS('Raw Data'!$Q$2:$Q$10000,"No",'Raw Data'!$A$2:$A$10000,$C$1,'Raw Data'!$E$2:$E$10000,$C$2,'Raw Data'!$P$2:$P$10000,$A10,'Raw Data'!$G$2:$G$10000,">=0.85",'Raw Data'!$G$2:$G$10000,"<0.95") | I10: =COUNTIFS('Raw Data'!$Q$2:$Q$10000,"No",'Raw Data'!$A$2:$A$10000,$C$1,'Raw Data'!$E$2:$E$10000,$C$2,'Raw Data'!$P$2:$P$10000,$A10,'Raw Data'!$G$2:$G$10000,">=0.95") | J10: =SUM(B10:I10) | K10: =IFERROR(AVERAGEIFS('Raw Data'!$G$2:$G$10000,'Raw Data'!$Q$2:$Q$10000,"No",'Raw Data'!$A$2:$A$10000,$C$1,'Raw Data'!$E$2:$E$10000,$C$2,'Raw Data'!$P$2:$P$10000,$A10),"")
A11: Prakash BS | B11: =COUNTIFS('Raw Data'!$Q$2:$Q$10000,"No",'Raw Data'!$A$2:$A$10000,$C$1,'Raw Data'!$E$2:$E$10000,$C$2,'Raw Data'!$P$2:$P$10000,$A11,'Raw Data'!$G$2:$G$10000,">=0",'Raw Data'!$G$2:$G$10000,"<0.2") | C11: =COUNTIFS('Raw Data'!$Q$2:$Q$10000,"No",'Raw Data'!$A$2:$A$10000,$C$1,'Raw Data'!$E$2:$E$10000,$C$2,'Raw Data'!$P$2:$P$10000,$A11,'Raw Data'!$G$2:$G$10000,">=0.2",'Raw Data'!$G$2:$G$10000,"<0.4") | D11: =COUNTIFS('Raw Data'!$Q$2:$Q$10000,"No",'Raw Data'!$A$2:$A$10000,$C$1,'Raw Data'!$E$2:$E$10000,$C$2,'Raw Data'!$P$2:$P$10000,$A11,'Raw Data'!$G$2:$G$10000,">=0.4",'Raw Data'!$G$2:$G$10000,"<0.5") | E11: =COUNTIFS('Raw Data'!$Q$2:$Q$10000,"No",'Raw Data'!$A$2:$A$10000,$C$1,'Raw Data'!$E$2:$E$10000,$C$2,'Raw Data'!$P$2:$P$10000,$A11,'Raw Data'!$G$2:$G$10000,">=0.5",'Raw Data'!$G$2:$G$10000,"<0.6") | F11: =COUNTIFS('Raw Data'!$Q$2:$Q$10000,"No",'Raw Data'!$A$2:$A$10000,$C$1,'Raw Data'!$E$2:$E$10000,$C$2,'Raw Data'!$P$2:$P$10000,$A11,'Raw Data'!$G$2:$G$10000,">=0.6",'Raw Data'!$G$2:$G$10000,"<0.7") | G11: =COUNTIFS('Raw Data'!$Q$2:$Q$10000,"No",'Raw Data'!$A$2:$A$10000,$C$1,'Raw Data'!$E$2:$E$10000,$C$2,'Raw Data'!$P$2:$P$10000,$A11,'Raw Data'!$G$2:$G$10000,">=0.7",'Raw Data'!$G$2:$G$10000,"<0.85") | H11: =COUNTIFS('Raw Data'!$Q$2:$Q$10000,"No",'Raw Data'!$A$2:$A$10000,$C$1,'Raw Data'!$E$2:$E$10000,$C$2,'Raw Data'!$P$2:$P$10000,$A11,'Raw Data'!$G$2:$G$10000,">=0.85",'Raw Data'!$G$2:$G$10000,"<0.95") | I11: =COUNTIFS('Raw Data'!$Q$2:$Q$10000,"No",'Raw Data'!$A$2:$A$10000,$C$1,'Raw Data'!$E$2:$E$10000,$C$2,'Raw Data'!$P$2:$P$10000,$A11,'Raw Data'!$G$2:$G$10000,">=0.95") | J11: =SUM(B11:I11) | K11: =IFERROR(AVERAGEIFS('Raw Data'!$G$2:$G$10000,'Raw Data'!$Q$2:$Q$10000,"No",'Raw Data'!$A$2:$A$10000,$C$1,'Raw Data'!$E$2:$E$10000,$C$2,'Raw Data'!$P$2:$P$10000,$A11),"")
A12: Simon Manoharan | B12: =COUNTIFS('Raw Data'!$Q$2:$Q$10000,"No",'Raw Data'!$A$2:$A$10000,$C$1,'Raw Data'!$E$2:$E$10000,$C$2,'Raw Data'!$P$2:$P$10000,$A12,'Raw Data'!$G$2:$G$10000,">=0",'Raw Data'!$G$2:$G$10000,"<0.2") | C12: =COUNTIFS('Raw Data'!$Q$2:$Q$10000,"No",'Raw Data'!$A$2:$A$10000,$C$1,'Raw Data'!$E$2:$E$10000,$C$2,'Raw Data'!$P$2:$P$10000,$A12,'Raw Data'!$G$2:$G$10000,">=0.2",'Raw Data'!$G$2:$G$10000,"<0.4") | D12: =COUNTIFS('Raw Data'!$Q$2:$Q$10000,"No",'Raw Data'!$A$2:$A$10000,$C$1,'Raw Data'!$E$2:$E$10000,$C$2,'Raw Data'!$P$2:$P$10000,$A12,'Raw Data'!$G$2:$G$10000,">=0.4",'Raw Data'!$G$2:$G$10000,"<0.5") | E12: =COUNTIFS('Raw Data'!$Q$2:$Q$10000,"No",'Raw Data'!$A$2:$A$10000,$C$1,'Raw Data'!$E$2:$E$10000,$C$2,'Raw Data'!$P$2:$P$10000,$A12,'Raw Data'!$G$2:$G$10000,">=0.5",'Raw Data'!$G$2:$G$10000,"<0.6") | F12: =COUNTIFS('Raw Data'!$Q$2:$Q$10000,"No",'Raw Data'!$A$2:$A$10000,$C$1,'Raw Data'!$E$2:$E$10000,$C$2,'Raw Data'!$P$2:$P$10000,$A12,'Raw Data'!$G$2:$G$10000,">=0.6",'Raw Data'!$G$2:$G$10000,"<0.7") | G12: =COUNTIFS('Raw Data'!$Q$2:$Q$10000,"No",'Raw Data'!$A$2:$A$10000,$C$1,'Raw Data'!$E$2:$E$10000,$C$2,'Raw Data'!$P$2:$P$10000,$A12,'Raw Data'!$G$2:$G$10000,">=0.7",'Raw Data'!$G$2:$G$10000,"<0.85") | H12: =COUNTIFS('Raw Data'!$Q$2:$Q$10000,"No",'Raw Data'!$A$2:$A$10000,$C$1,'Raw Data'!$E$2:$E$10000,$C$2,'Raw Data'!$P$2:$P$10000,$A12,'Raw Data'!$G$2:$G$10000,">=0.85",'Raw Data'!$G$2:$G$10000,"<0.95") | I12: =COUNTIFS('Raw Data'!$Q$2:$Q$10000,"No",'Raw Data'!$A$2:$A$10000,$C$1,'Raw Data'!$E$2:$E$10000,$C$2,'Raw Data'!$P$2:$P$10000,$A12,'Raw Data'!$G$2:$G$10000,">=0.95") | J12: =SUM(B12:I12) | K12: =IFERROR(AVERAGEIFS('Raw Data'!$G$2:$G$10000,'Raw Data'!$Q$2:$Q$10000,"No",'Raw Data'!$A$2:$A$10000,$C$1,'Raw Data'!$E$2:$E$10000,$C$2,'Raw Data'!$P$2:$P$10000,$A12),"")
A13: Srittam Dhal | B13: =COUNTIFS('Raw Data'!$Q$2:$Q$10000,"No",'Raw Data'!$A$2:$A$10000,$C$1,'Raw Data'!$E$2:$E$10000,$C$2,'Raw Data'!$P$2:$P$10000,$A13,'Raw Data'!$G$2:$G$10000,">=0",'Raw Data'!$G$2:$G$10000,"<0.2") | C13: =COUNTIFS('Raw Data'!$Q$2:$Q$10000,"No",'Raw Data'!$A$2:$A$10000,$C$1,'Raw Data'!$E$2:$E$10000,$C$2,'Raw Data'!$P$2:$P$10000,$A13,'Raw Data'!$G$2:$G$10000,">=0.2",'Raw Data'!$G$2:$G$10000,"<0.4") | D13: =COUNTIFS('Raw Data'!$Q$2:$Q$10000,"No",'Raw Data'!$A$2:$A$10000,$C$1,'Raw Data'!$E$2:$E$10000,$C$2,'Raw Data'!$P$2:$P$10000,$A13,'Raw Data'!$G$2:$G$10000,">=0.4",'Raw Data'!$G$2:$G$10000,"<0.5") | E13: =COUNTIFS('Raw Data'!$Q$2:$Q$10000,"No",'Raw Data'!$A$2:$A$10000,$C$1,'Raw Data'!$E$2:$E$10000,$C$2,'Raw Data'!$P$2:$P$10000,$A13,'Raw Data'!$G$2:$G$10000,">=0.5",'Raw Data'!$G$2:$G$10000,"<0.6") | F13: =COUNTIFS('Raw Data'!$Q$2:$Q$10000,"No",'Raw Data'!$A$2:$A$10000,$C$1,'Raw Data'!$E$2:$E$10000,$C$2,'Raw Data'!$P$2:$P$10000,$A13,'Raw Data'!$G$2:$G$10000,">=0.6",'Raw Data'!$G$2:$G$10000,"<0.7") | G13: =COUNTIFS('Raw Data'!$Q$2:$Q$10000,"No",'Raw Data'!$A$2:$A$10000,$C$1,'Raw Data'!$E$2:$E$10000,$C$2,'Raw Data'!$P$2:$P$10000,$A13,'Raw Data'!$G$2:$G$10000,">=0.7",'Raw Data'!$G$2:$G$10000,"<0.85") | H13: =COUNTIFS('Raw Data'!$Q$2:$Q$10000,"No",'Raw Data'!$A$2:$A$10000,$C$1,'Raw Data'!$E$2:$E$10000,$C$2,'Raw Data'!$P$2:$P$10000,$A13,'Raw Data'!$G$2:$G$10000,">=0.85",'Raw Data'!$G$2:$G$10000,"<0.95") | I13: =COUNTIFS('Raw Data'!$Q$2:$Q$10000,"No",'Raw Data'!$A$2:$A$10000,$C$1,'Raw Data'!$E$2:$E$10000,$C$2,'Raw Data'!$P$2:$P$10000,$A13,'Raw Data'!$G$2:$G$10000,">=0.95") | J13: =SUM(B13:I13) | K13: =IFERROR(AVERAGEIFS('Raw Data'!$G$2:$G$10000,'Raw Data'!$Q$2:$Q$10000,"No",'Raw Data'!$A$2:$A$10000,$C$1,'Raw Data'!$E$2:$E$10000,$C$2,'Raw Data'!$P$2:$P$10000,$A13),"")
A14: Un Mapped | B14: =COUNTIFS('Raw Data'!$Q$2:$Q$10000,"No",'Raw Data'!$A$2:$A$10000,$C$1,'Raw Data'!$E$2:$E$10000,$C$2,'Raw Data'!$P$2:$P$10000,$A14,'Raw Data'!$G$2:$G$10000,">=0",'Raw Data'!$G$2:$G$10000,"<0.2") | C14: =COUNTIFS('Raw Data'!$Q$2:$Q$10000,"No",'Raw Data'!$A$2:$A$10000,$C$1,'Raw Data'!$E$2:$E$10000,$C$2,'Raw Data'!$P$2:$P$10000,$A14,'Raw Data'!$G$2:$G$10000,">=0.2",'Raw Data'!$G$2:$G$10000,"<0.4") | D14: =COUNTIFS('Raw Data'!$Q$2:$Q$10000,"No",'Raw Data'!$A$2:$A$10000,$C$1,'Raw Data'!$E$2:$E$10000,$C$2,'Raw Data'!$P$2:$P$10000,$A14,'Raw Data'!$G$2:$G$10000,">=0.4",'Raw Data'!$G$2:$G$10000,"<0.5") | E14: =COUNTIFS('Raw Data'!$Q$2:$Q$10000,"No",'Raw Data'!$A$2:$A$10000,$C$1,'Raw Data'!$E$2:$E$10000,$C$2,'Raw Data'!$P$2:$P$10000,$A14,'Raw Data'!$G$2:$G$10000,">=0.5",'Raw Data'!$G$2:$G$10000,"<0.6") | F14: =COUNTIFS('Raw Data'!$Q$2:$Q$10000,"No",'Raw Data'!$A$2:$A$10000,$C$1,'Raw Data'!$E$2:$E$10000,$C$2,'Raw Data'!$P$2:$P$10000,$A14,'Raw Data'!$G$2:$G$10000,">=0.6",'Raw Data'!$G$2:$G$10000,"<0.7") | G14: =COUNTIFS('Raw Data'!$Q$2:$Q$10000,"No",'Raw Data'!$A$2:$A$10000,$C$1,'Raw Data'!$E$2:$E$10000,$C$2,'Raw Data'!$P$2:$P$10000,$A14,'Raw Data'!$G$2:$G$10000,">=0.7",'Raw Data'!$G$2:$G$10000,"<0.85") | H14: =COUNTIFS('Raw Data'!$Q$2:$Q$10000,"No",'Raw Data'!$A$2:$A$10000,$C$1,'Raw Data'!$E$2:$E$10000,$C$2,'Raw Data'!$P$2:$P$10000,$A14,'Raw Data'!$G$2:$G$10000,">=0.85",'Raw Data'!$G$2:$G$10000,"<0.95") | I14: =COUNTIFS('Raw Data'!$Q$2:$Q$10000,"No",'Raw Data'!$A$2:$A$10000,$C$1,'Raw Data'!$E$2:$E$10000,$C$2,'Raw Data'!$P$2:$P$10000,$A14,'Raw Data'!$G$2:$G$10000,">=0.95") | J14: =SUM(B14:I14) | K14: =IFERROR(AVERAGEIFS('Raw Data'!$G$2:$G$10000,'Raw Data'!$Q$2:$Q$10000,"No",'Raw Data'!$A$2:$A$10000,$C$1,'Raw Data'!$E$2:$E$10000,$C$2,'Raw Data'!$P$2:$P$10000,$A14),"")
