Workbook

Sheet Raw Data
A1: Date | B1: Store Name | C1: Sub Store Type | D1: Planogram Enabled | E1: City | F1: Total Bins | G1: CC MTD % | H1: BA MTD % | I1: IA MTD % | J1: CC ACC % | K1: PD % | L1: Inv Health | M1: CC Associate Count | N1: Store Type | O1: CLM | P1: IM | Q1: Leader | R1: Exclude | S1: CC MTD Target | T1: CC MTD Achieved % | U1: CC MTD Status | V1: RCA | W1: POA | X1: ETA | Y1: Additional Remarks | Z1: Planned CC Associate | AA1: Delta | AB1: Delta HC | AC1: MTD Avg Util % | AD1: Util Bucket | AE1: CC MTD & Util Status
A2: 46304 | B2: BEL-Khanapur Road | C2: RETAIL_STORE | D2: No | E2: Belgavi | F2: 6826 | G2: 0.52988573 | H2: 0.94747028 | I2: 0.975021 | J2: 0.94747028 | K2: 0 | L2: 0.99893485 | M2: 2 | N2: =IF($B2="","",IF($C2="SUPERSTORE","Superstore","DH")) | O2: =IF($B2="","",IFERROR(VLOOKUP($B2,Mapping!$A:$C,2,0),"Not Mapped")) | P2: =IF($B2="","",IFERROR(VLOOKUP($B2,Mapping!$A:$C,3,0),"Not Mapped")) | Q2: =IF($B2="","",IFERROR(VLOOKUP($O2,Leaders!$A:$B,2,0),"Not Mapped")) | R2: =IF($B2="","",IF(COUNTIF(Exclusions!$A:$A,$B2)>0,"Yes","No")) | S2: =IF($B2="","",MIN(1,DAY($A2)/IF($N2="Superstore",Settings!$B$5,Settings!$B$4))) | T2: =IF(OR($B2="",$G2="",$S2=0),"",$G2/$S2) | U2: =IF($T2="","",IF($T2<Settings!$B$8,"Critical",IF($T2<Settings!$B$9,"Semi Critical","Non Critical"))) | Z2: =IF($B2="","",IFERROR(VLOOKUP($B2,'Plan HC for CCA'!$A:$B,2,0),"")) | AA2: =IF(OR($B2="",$Z2=""),"",IF(N($M2)<$Z2,"Delta","No Delta")) | AB2: =IF(OR($B2="",$Z2=""),"",MAX(0,$Z2-N($M2))) | AC2: =IF($B2="","",IFERROR(INDEX('CCA Util %'!$H:$H,MATCH($B2,'CCA Util %'!$E:$E,0)),"")) | AD2: =IF($B2="","",IFERROR(INDEX('CCA Util %'!$G:$G,MATCH($B2,'CCA Util %'!$E:$E,0)),"")) | AE2: =IF(OR($B2="",$U2=""),"",$U2&" & "&IF(OR($AD2="",$AD2=0),"Util NA",$AD2&" Util"))
A3: 46304 | B3: BEL-Sector 12 | C3: RETAIL_STORE | D3: No | E3: Belgavi | F3: 6127 | G3: 0.7976171 | H3: 0.99447514 | I3: 0.998408 | J3: 0.99447514 | K3: 0 | L3: 1 | M3: 3 | N3: =IF($B3="","",IF($C3="SUPERSTORE","Superstore","DH")) | O3: =IF($B3="","",IFERROR(VLOOKUP($B3,Mapping!$A:$C,2,0),"Not Mapped")) | P3: =IF($B3="","",IFERROR(VLOOKUP($B3,Mapping!$A:$C,3,0),"Not Mapped")) | Q3: =IF($B3="","",IFERROR(VLOOKUP($O3,Leaders!$A:$B,2,0),"Not Mapped")) | R3: =IF($B3="","",IF(COUNTIF(Exclusions!$A:$A,$B3)>0,"Yes","No")) | S3: =IF($B3="","",MIN(1,DAY($A3)/IF($N3="Superstore",Settings!$B$5,Settings!$B$4))) | T3: =IF(OR($B3="",$G3="",$S3=0),"",$G3/$S3) | U3: =IF($T3="","",IF($T3<Settings!$B$8,"Critical",IF($T3<Settings!$B$9,"Semi Critical","Non Critical"))) | Z3: =IF($B3="","",IFERROR(VLOOKUP($B3,'Plan HC for CCA'!$A:$B,2,0),"")) | AA3: =IF(OR($B3="",$Z3=""),"",IF(N($M3)<$Z3,"Delta","No Delta")) | AB3: =IF(OR($B3="",$Z3=""),"",MAX(0,$Z3-N($M3))) | AC3: =IF($B3="","",IFERROR(INDEX('CCA Util %'!$H:$H,MATCH($B3,'CCA Util %'!$E:$E,0)),"")) | AD3: =IF($B3="","",IFERROR(INDEX('CCA Util %'!$G:$G,MATCH($B3,'CCA Util %'!$E:$E,0)),"")) | AE3: =IF(OR($B3="",$U3=""),"",$U3&" & "&IF(OR($AD3="",$AD3=0),"Util NA",$AD3&" Util"))
A4: 46304 | B4: BLR - Bhadrappa Layout | C4: RETAIL_STORE | D4: Yes | E4: Bengaluru | F4: 4463 | G4: 0.99977594 | H4: 0.92783505 | I4: 0.983748 | J4: 0.92783505 | K4: 0 | L4: 0.99066739 | M4: 4 | N4: =IF($B4="","",IF($C4="SUPERSTORE","Superstore","DH")) | O4: =IF($B4="","",IFERROR(VLOOKUP($B4,Mapping!$A:$C,2,0),"Not Mapped")) | P4: =IF($B4="","",IFERROR(VLOOKUP($B4,Mapping!$A:$C,3,0),"Not Mapped")) | Q4: =IF($B4="","",IFERROR(VLOOKUP($O4,Leaders!$A:$B,2,0),"Not Mapped")) | R4: =IF($B4="","",IF(COUNTIF(Exclusions!$A:$A,$B4)>0,"Yes","No")) | S4: =IF($B4="","",MIN(1,DAY($A4)/IF($N4="Superstore",Settings!$B$5,Settings!$B$4))) | T4: =IF(OR($B4="",$G4="",$S4=0),"",$G4/$S4) | U4: =IF($T4="","",IF($T4<Settings!$B$8,"Critical",IF($T4<Settings!$B$9,"Semi Critical","Non Critical"))) | Z4: =IF($B4="","",IFERROR(VLOOKUP($B4,'Plan HC for CCA'!$A:$B,2,0),"")) | AA4: =IF(OR($B4="",$Z4=""),"",IF(N($M4)<$Z4,"Delta","No Delta")) | AB4: =IF(OR($B4="",$Z4=""),"",MAX(0,$Z4-N($M4))) | AC4: =IF($B4="","",IFERROR(INDEX('CCA Util %'!$H:$H,MATCH($B4,'CCA Util %'!$E:$E,0)),"")) | AD4: =IF($B4="","",IFERROR(INDEX('CCA Util %'!$G:$G,MATCH($B4,'CCA Util %'!$E:$E,0)),"")) | AE4: =IF(OR($B4="",$U4=""),"",$U4&" & "&IF(OR($AD4="",$AD4=0),"Util NA",$AD4&" Util"))
A5: 46304 | B5: BLR- Brookefield SS | C5: SUPERSTORE | D5: No | E5: Bengaluru | F5: 11768 | G5: 0.39488443 | H5: 0.95588552 | I5: 0.987703 | J5: 0.95588552 | K5: 0 | L5: 1 | M5: 2 | N5: =IF($B5="","",IF($C5="SUPERSTORE","Superstore","DH")) | O5: =IF($B5="","",IFERROR(VLOOKUP($B5,Mapping!$A:$C,2,0),"Not Mapped")) | P5: =IF($B5="","",IFERROR(VLOOKUP($B5,Mapping!$A:$C,3,0),"Not Mapped")) | Q5: =IF($B5="","",IFERROR(VLOOKUP($O5,Leaders!$A:$B,2,0),"Not Mapped")) | R5: =IF($B5="","",IF(COUNTIF(Exclusions!$A:$A,$B5)>0,"Yes","No")) | S5: =IF($B5="","",MIN(1,DAY($A5)/IF($N5="Superstore",Settings!$B$5,Settings!$B$4))) | T5: =IF(OR($B5="",$G5="",$S5=0),"",$G5/$S5) | U5: =IF($T5="","",IF($T5<Settings!$B$8,"Critical",IF($T5<Settings!$B$9,"Semi Critical","Non Critical"))) | Z5: =IF($B5="","",IFERROR(VLOOKUP($B5,'Plan HC for CCA'!$A:$B,2,0),"")) | AA5: =IF(OR($B5="",$Z5=""),"",IF(N($M5)<$Z5,"Delta","No Delta")) | AB5: =IF(OR($B5="",$Z5=""),"",MAX(0,$Z5-N($M5))) | AC5: =IF($B5="","",IFERROR(INDEX('CCA Util %'!$H:$H,MATCH($B5,'CCA Util %'!$E:$E,0)),"")) | AD5: =IF($B5="","",IFERROR(INDEX('CCA Util %'!$G:$G,MATCH($B5,'CCA Util %'!$E:$E,0)),"")) | AE5: =IF(OR($B5="",$U5=""),"",$U5&" & "&IF(OR($AD5="",$AD5=0),"Util NA",$AD5&" Util"))
A6: 46304 | B6: BLR- Sonnenahalli New | C6: RETAIL_STORE | D6: Yes | E6: Bengaluru | F6: 5305 | G6: 0.45259189 | H6: 0.99250312 | I6: 0.977826 | J6: 0.99250312 | K6: 0 | L6: 1 | M6: 2 | N6: =IF($B6="","",IF($C6="SUPERSTORE","Superstore","DH")) | O6: =IF($B6="","",IFERROR(VLOOKUP($B6,Mapping!$A:$C,2,0),"Not Mapped")) | P6: =IF($B6="","",IFERROR(VLOOKUP($B6,Mapping!$A:$C,3,0),"Not Mapped")) | Q6: =IF($B6="","",IFERROR(VLOOKUP($O6,Leaders!$A:$B,2,0),"Not Mapped")) | R6: =IF($B6="","",IF(COUNTIF(Exclusions!$A:$A,$B6)>0,"Yes","No")) | S6: =IF($B6="","",MIN(1,DAY($A6)/IF($N6="Superstore",Settings!$B$5,Settings!$B$4))) | T6: =IF(OR($B6="",$G6="",$S6=0),"",$G6/$S6) | U6: =IF($T6="","",IF($T6<Settings!$B$8,"Critical",IF($T6<Settings!$B$9,"Semi Critical","Non Critical"))) | Z6: =IF($B6="","",IFERROR(VLOOKUP($B6,'Plan HC for CCA'!$A:$B,2,0),"")) | AA6: =IF(OR($B6="",$Z6=""),"",IF(N($M6)<$Z6,"Delta","No Delta")) | AB6: =IF(OR($B6="",$Z6=""),"",MAX(0,$Z6-N($M6))) | AC6: =IF($B6="","",IFERROR(INDEX('CCA Util %'!$H:$H,MATCH($B6,'CCA Util %'!$E:$E,0)),"")) | AD6: =IF($B6="","",IFERROR(INDEX('CCA Util %'!$G:$G,MATCH($B6,'CCA Util %'!$E:$E,0)),"")) | AE6: =IF(OR($B6="",$U6=""),"",$U6&" & "&IF(OR($AD6="",$AD6=0),"Util NA",$AD6&" Util"))
A7: 46304 | B7: BLR-27th Main Road | C7: RETAIL_STORE | D7: No | E7: Bengaluru | F7: 4212 | G7: 0.80104463 | H7: 0.80082988 | I7: 0.977275 | J7: 0.80082988 | K7: 0 | L7: 0.93719153 | M7: 3 | N7: =IF($B7="","",IF($C7="SUPERSTORE","Superstore","DH")) | O7: =IF($B7="","",IFERROR(VLOOKUP($B7,Mapping!$A:$C,2,0),"Not Mapped")) | P7: =IF($B7="","",IFERROR(VLOOKUP($B7,Mapping!$A:$C,3,0),"Not Mapped")) | Q7: =IF($B7="","",IFERROR(VLOOKUP($O7,Leaders!$A:$B,2,0),"Not Mapped")) | R7: =IF($B7="","",IF(COUNTIF(Exclusions!$A:$A,$B7)>0,"Yes","No")) | S7: =IF($B7="","",MIN(1,DAY($A7)/IF($N7="Superstore",Settings!$B$5,Settings!$B$4))) | T7: =IF(OR($B7="",$G7="",$S7=0),"",$G7/$S7) | U7: =IF($T7="","",IF($T7<Settings!$B$8,"Critical",IF($T7<Settings!$B$9,"Semi Critical","Non Critical"))) | Z7: =IF($B7="","",IFERROR(VLOOKUP($B7,'Plan HC for CCA'!$A:$B,2,0),"")) | AA7: =IF(OR($B7="",$Z7=""),"",IF(N($M7)<$Z7,"Delta","No Delta")) | AB7: =IF(OR($B7="",$Z7=""),"",MAX(0,$Z7-N($M7))) | AC7: =IF($B7="","",IFERROR(INDEX('CCA Util %'!$H:$H,MATCH($B7,'CCA Util %'!$E:$E,0)),"")) | AD7: =IF($B7="","",IFERROR(INDEX('CCA Util %'!$G:$G,MATCH($B7,'CCA Util %'!$E:$E,0)),"")) | AE7: =IF(OR($B7="",$U7=""),"",$U7&" & "&IF(OR($AD7="",$AD7=0),"Util NA",$AD7&" Util"))
A8: 46304 | B8: BLR-Abbigere | C8: RETAIL_STORE | D8: Yes | E8: Bengaluru | F8: 6102 | G8: 0.99754179 | H8: 0.95334319 | I8: 0.988139 | J8: 0.95334319 | K8: 0 | L8: 1 | M8: 4 | N8: =IF($B8="","",IF($C8="SUPERSTORE","Superstore","DH")) | O8: =IF($B8="","",IFERROR(VLOOKUP($B8,Mapping!$A:$C,2,0),"Not Mapped")) | P8: =IF($B8="","",IFERROR(VLOOKUP($B8,Mapping!$A:$C,3,0),"Not Mapped")) | Q8: =IF($B8="","",IFERROR(VLOOKUP($O8,Leaders!$A:$B,2,0),"Not Mapped")) | R8: =IF($B8="","",IF(COUNTIF(Exclusions!$A:$A,$B8)>0,"Yes","No")) | S8: =IF($B8="","",MIN(1,DAY($A8)/IF($N8="Superstore",Settings!$B$5,Settings!$B$4))) | T8: =IF(OR($B8="",$G8="",$S8=0),"",$G8/$S8) | U8: =IF($T8="","",IF($T8<Settings!$B$8,"Critical",IF($T8<Settings!$B$9,"Semi Critical","Non Critical"))) | Z8: =IF($B8="","",IFERROR(VLOOKUP($B8,'Plan HC for CCA'!$A:$B,2,0),"")) | AA8: =IF(OR($B8="",$Z8=""),"",IF(N($M8)<$Z8,"Delta","No Delta")) | AB8: =IF(OR($B8="",$Z8=""),"",MAX(0,$Z8-N($M8))) | AC8: =IF($B8="","",IFERROR(INDEX('CCA Util %'!$H:$H,MATCH($B8,'CCA Util %'!$E:$E,0)),"")) | AD8: =IF($B8="","",IFERROR(INDEX('CCA Util %'!$G:$G,MATCH($B8,'CCA Util %'!$E:$E,0)),"")) | AE8: =IF(OR($B8="",$U8=""),"",$U8&" & "&IF(OR($AD8="",$AD8=0),"Util NA",$AD8&" Util"))
A9: 46304 | B9: BLR-Agrahara Road | C9: RETAIL_STORE | D9: Yes | E9: Bengaluru | F9: 5194 | G9: 0.97593377 | H9: 0.93983034 | I9: 0.984343 | J9: 0.93983034 | K9: 0 | L9: 0.99571804 | M9: 3 | N9: =IF($B9="","",IF($C9="SUPERSTORE","Superstore","DH")) | O9: =IF($B9="","",IFERROR(VLOOKUP($B9,Mapping!$A:$C,2,0),"Not Mapped")) | P9: =IF($B9="","",IFERROR(VLOOKUP($B9,Mapping!$A:$C,3,0),"Not Mapped")) | Q9: =IF($B9="","",IFERROR(VLOOKUP($O9,Leaders!$A:$B,2,0),"Not Mapped")) | R9: =IF($B9="","",IF(COUNTIF(Exclusions!$A:$A,$B9)>0,"Yes","No")) | S9: =IF($B9="","",MIN(1,DAY($A9)/IF($N9="Superstore",Settings!$B$5,Settings!$B$4))) | T9: =IF(OR($B9="",$G9="",$S9=0),"",$G9/$S9) | U9: =IF($T9="","",IF($T9<Settings!$B$8,"Critical",IF($T9<Settings!$B$9,"Semi Critical","Non Critical"))) | Z9: =IF($B9="","",IFERROR(VLOOKUP($B9,'Plan HC for CCA'!$A:$B,2,0),"")) | AA9: =IF(OR($B9="",$Z9=""),"",IF(N($M9)<$Z9,"Delta","No Delta")) | AB9: =IF(OR($B9="",$Z9=""),"",MAX(0,$Z9-N($M9))) | AC9: =IF($B9="","",IFERROR(INDEX('CCA Util %'!$H:$H,MATCH($B9,'CCA Util %'!$E:$E,0)),"")) | AD9: =IF($B9="","",IFERROR(INDEX('CCA Util %'!$G:$G,MATCH($B9,'CCA Util %'!$E:$E,0)),"")) | AE9: =IF(OR($B9="",$U9=""),"",$U9&" & "&IF(OR($AD9="",$AD9=0),"Util NA",$AD9&" Util"))
A10: 46304 | B10: BLR-Anjanapura | C10: RETAIL_STORE | D10: Yes | E10: Bengaluru | F10: 7332 | G10: 0.60351882 | H10: 0.97310734 | I10: 0.990094 | J10: 0.97310734 | K10: 0 | L10: 1 | M10: 1 | N10: =IF($B10="","",IF($C10="SUPERSTORE","Superstore","DH")) | O10: =IF($B10="","",IFERROR(VLOOKUP($B10,Mapping!$A:$C,2,0),"Not Mapped")) | P10: =IF($B10="","",IFERROR(VLOOKUP($B10,Mapping!$A:$C,3,0),"Not Mapped")) | Q10: =IF($B10="","",IFERROR(VLOOKUP($O10,Leaders!$A:$B,2,0),"Not Mapped")) | R10: =IF($B10="","",IF(COUNTIF(Exclusions!$A:$A,$B10)>0,"Yes","No")) | S10: =IF($B10="","",MIN(1,DAY($A10)/IF($N10="Superstore",Settings!$B$5,Settings!$B$4))) | T10: =IF(OR($B10="",$G10="",$S10=0),"",$G10/$S10) | U10: =IF($T10="","",IF($T10<Settings!$B$8,"Critical",IF($T10<Settings!$B$9,"Semi Critical","Non Critical"))) | Z10: =IF($B10="","",IFERROR(VLOOKUP($B10,'Plan HC for CCA'!$A:$B,2,0),"")) | AA10: =IF(OR($B10="",$Z10=""),"",IF(N($M10)<$Z10,"Delta","No Delta")) | AB10: =IF(OR($B10="",$Z10=""),"",MAX(0,$Z10-N($M10))) | AC10: =IF($B10="","",IFERROR(INDEX('CCA Util %'!$H:$H,MATCH($B10,'CCA Util %'!$E:$E,0)),"")) | AD10: =IF($B10="","",IFERROR(INDEX('CCA Util %'!$G:$G,MATCH($B10,'CCA Util %'!$E:$E,0)),"")) | AE10: =IF(OR($B10="",$U10=""),"",$U10&" & "&IF(OR($AD10="",$AD10=0),"Util NA",$AD10&" Util"))
A11: 46304 | B11: BLR-Arekere | C11: RETAIL_STORE | D11: Yes | E11: Bengaluru | F11: 6055 | G11: 0.81420314 | H11: 0.80649087 | I11: 0.940736 | J11: 0.80649087 | K11: 0 | L11: 0.9395751 | M11: 6 | N11: =IF($B11="","",IF($C11="SUPERSTORE","Superstore","DH")) | O11: =IF($B11="","",IFERROR(VLOOKUP($B11,Mapping!$A:$C,2,0),"Not Mapped")) | P11: =IF($B11="","",IFERROR(VLOOKUP($B11,Mapping!$A:$C,3,0),"Not Mapped")) | Q11: =IF($B11="","",IFERROR(VLOOKUP($O11,Leaders!$A:$B,2,0),"Not Mapped")) | R11: =IF($B11="","",IF(COUNTIF(Exclusions!$A:$A,$B11)>0,"Yes","No")) | S11: =IF($B11="","",MIN(1,DAY($A11)/IF($N11="Superstore",Settings!$B$5,Settings!$B$4))) | T11: =IF(OR($B11="",$G11="",$S11=0),"",$G11/$S11) | U11: =IF($T11="","",IF($T11<Settings!$B$8,"Critical",IF($T11<Settings!$B$9,"Semi Critical","Non Critical"))) | Z11: =IF($B11="","",IFERROR(VLOOKUP($B11,'Plan HC for CCA'!$A:$B,2,0),"")) | AA11: =IF(OR($B11="",$Z11=""),"",IF(N($M11)<$Z11,"Delta","No Delta")) | AB11: =IF(OR($B11="",$Z11=""),"",MAX(0,$Z11-N($M11))) | AC11: =IF($B11="","",IFERROR(INDEX('CCA Util %'!$H:$H,MATCH($B11,'CCA Util %'!$E:$E,0)),"")) | AD11: =IF($B11="","",IFERROR(INDEX('CCA Util %'!$G:$G,MATCH($B11,'CCA Util %'!$E:$E,0)),"")) | AE11: =IF(OR($B11="",$U11=""),"",$U11&" & "&IF(OR($AD11="",$AD11=0),"Util NA",$AD11&" Util"))
A12: 46304 | B12: BLR-Aswath Nagar | C12: RETAIL_STORE | D12: Yes | E12: Bengaluru | F12: 5167 | G12: 0.93342365 | H12: 0.87186399 | I12: 0.964062 | J12: 0.87186399 | K12: 0 | L12: 0.96710063 | M12: 3 | N12: =IF($B12="","",IF($C12="SUPERSTORE","Superstore","DH")) | O12: =IF($B12="","",IFERROR(VLOOKUP($B12,Mapping!$A:$C,2,0),"Not Mapped")) | P12: =IF($B12="","",IFERROR(VLOOKUP($B12,Mapping!$A:$C,3,0),"Not Mapped")) | Q12: =IF($B12="","",IFERROR(VLOOKUP($O12,Leaders!$A:$B,2,0),"Not Mapped")) | R12: =IF($B12="","",IF(COUNTIF(Exclusions!$A:$A,$B12)>0,"Yes","No")) | S12: =IF($B12="","",MIN(1,DAY($A12)/IF($N12="Superstore",Settings!$B$5,Settings!$B$4))) | T12: =IF(OR($B12="",$G12="",$S12=0),"",$G12/$S12) | U12: =IF($T12="","",IF($T12<Settings!$B$8,"Critical",IF($T12<Settings!$B$9,"Semi Critical","Non Critical"))) | Z12: =IF($B12="","",IFERROR(VLOOKUP($B12,'Plan HC for CCA'!$A:$B,2,0),"")) | AA12: =IF(OR($B12="",$Z12=""),"",IF(N($M12)<$Z12,"Delta","No Delta")) | AB12: =IF(OR($B12="",$Z12=""),"",MAX(0,$Z12-N($M12))) | AC12: =IF($B12="","",IFERROR(INDEX('CCA Util %'!$H:$H,MATCH($B12,'CCA Util %'!$E:$E,0)),"")) | AD12: =IF($B12="","",IFERROR(INDEX('CCA Util %'!$G:$G,MATCH($B12,'CCA Util %'!$E:$E,0)),"")) | AE12: =IF(OR($B12="",$U12=""),"",$U12&" & "&IF(OR($AD12="",$AD12=0),"Util NA",$AD12&" Util"))
A13: 46304 | B13: BLR-Attibele | C13: RETAIL_STORE | D13: Yes | E13: Bengaluru | F13: 7445 | G13: 0.95446608 | H13: 0.93653251 | I13: 0.970763 | K13: 0 | L13: 0.99432948 | M13: 1 | N13: =IF($B13="","",IF($C13="SUPERSTORE","Superstore","DH")) | O13: =IF($B13="","",IFERROR(VLOOKUP($B13,Mapping!$A:$C,2,0),"Not Mapped")) | P13: =IF($B13="","",IFERROR(VLOOKUP($B13,Mapping!$A:$C,3,0),"Not Mapped")) | Q13: =IF($B13="","",IFERROR(VLOOKUP($O13,Leaders!$A:$B,2,0),"Not Mapped")) | R13: =IF($B13="","",IF(COUNTIF(Exclusions!$A:$A,$B13)>0,"Yes","No")) | S13: =IF($B13="","",MIN(1,DAY($A13)/IF($N13="Superstore",Settings!$B$5,Settings!$B$4))) | T13: =IF(OR($B13="",$G13="",$S13=0),"",$G13/$S13) | U13: =IF($T13="","",IF($T13<Settings!$B$8,"Critical",IF($T13<Settings!$B$9,"Semi Critical","Non Critical"))) | Z13: =IF($B13="","",IFERROR(VLOOKUP($B13,'Plan HC for CCA'!$A:$B,2,0),"")) | AA13: =IF(OR($B13="",$Z13=""),"",IF(N($M13)<$Z13,"Delta","No Delta")) | AB13: =IF(OR($B13="",$Z13=""),"",MAX(0,$Z13-N($M13))) | AC13: =IF($B13="","",IFERROR(INDEX('CCA Util %'!$H:$H,MATCH($B13,'CCA Util %'!$E:$E,0)),"")) | AD13: =IF($B13="","",IFERROR(INDEX('CCA Util %'!$G:$G,MATCH($B13,'CCA Util %'!$E:$E,0)),"")) | AE13: =IF(OR($B13="",$U13=""),"",$U13&" & "&IF(OR($AD13="",$AD13=0),"Util NA",$AD13&" Util"))
A14: 46304 | B14: BLR-Avalahalli Main | C14: RETAIL_STORE | D14: Yes | E14: Bengaluru | F14: 6396 | G14: 0.3388055 | H14: 0.73834795 | I14: 0.86305 | J14: 0.73834795 | K14: 0 | L14: 0.91088335 | M14: 4 | N14: =IF($B14="","",IF($C14="SUPERSTORE","Superstore","DH")) | O14: =IF($B14="","",IFERROR(VLOOKUP($B14,Mapping!$A:$C,2,0),"Not Mapped")) | P14: =IF($B14="","",IFERROR(VLOOKUP($B14,Mapping!$A:$C,3,0),"Not Mapped")) | Q14: =IF($B14="","",IFERROR(VLOOKUP($O14,Leaders!$A:$B,2,0),"Not Mapped")) | R14: =IF($B14="","",IF(COUNTIF(Exclusions!$A:$A,$B14)>0,"Yes","No")) | S14: =IF($B14="","",MIN(1,DAY($A14)/IF($N14="Superstore",Settings!$B$5,Settings!$B$4))) | T14: =IF(OR($B14="",$G14="",$S14=0),"",$G14/$S14) | U14: =IF($T14="","",IF($T14<Settings!$B$8,"Critical",IF($T14<Settings!$B$9,"Semi Critical","Non Critical"))) | Z14: =IF($B14="","",IFERROR(VLOOKUP($B14,'Plan HC for CCA'!$A:$B,2,0),"")) | AA14: =IF(OR($B14="",$Z14=""),"",IF(N($M14)<$Z14,"Delta","No Delta")) | AB14: =IF(OR($B14="",$Z14=""),"",MAX(0,$Z14-N($M14))) | AC14: =IF($B14="","",IFERROR(INDEX('CCA Util %'!$H:$H,MATCH($B14,'CCA Util %'!$E:$E,0)),"")) | AD14: =IF($B14="","",IFERROR(INDEX('CCA Util %'!$G:$G,MATCH($B14,'CCA Util %'!$E:$E,0)),"")) | AE14: =IF(OR($B14="",$U14=""),"",$U14&" & "&IF(OR($AD14="",$AD14=0),"Util NA",$AD14&" Util"))
A15: 46304 | B15: BLR-BANNERGHATTA | C15: RETAIL_STORE | D15: No | E15: Bengaluru | F15: 5222 | G15: 0.75277671 | H15: 0.82269143 | I15: 0.959299 | J15: 0.82269143 | K15: 0 | L15: 0.94639639 | M15: 4 | N15: =IF($B15="","",IF($C15="SUPERSTORE","Superstore","DH")) | O15: =IF($B15="","",IFERROR(VLOOKUP($B15,Mapping!$A:$C,2,0),"Not Mapped")) | P15: =IF($B15="","",IFERROR(VLOOKUP($B15,Mapping!$A:$C,3,0),"Not Mapped")) | Q15: =IF($B15="","",IFERROR(VLOOKUP($O15,Leaders!$A:$B,2,0),"Not Mapped")) | R15: =IF($B15="","",IF(COUNTIF(Exclusions!$A:$A,$B15)>0,"Yes","No")) | S15: =IF($B15="","",MIN(1,DAY($A15)/IF($N15="Superstore",Settings!$B$5,Settings!$B$4))) | T15: =IF(OR($B15="",$G15="",$S15=0),"",$G15/$S15) | U15: =IF($T15="","",IF($T15<Settings!$B$8,"Critical",IF($T15<Settings!$B$9,"Semi Critical","Non Critical"))) | Z15: =IF($B15="","",IFERROR(VLOOKUP($B15,'Plan HC for CCA'!$A:$B,2,0),"")) | AA15: =IF(OR($B15="",$Z15=""),"",IF(N($M15)<$Z15,"Delta","No Delta")) | AB15: =IF(OR($B15="",$Z15=""),"",MAX(0,$Z15-N($M15))) | AC15: =IF($B15="","",IFERROR(INDEX('CCA Util %'!$H:$H,MATCH($B15,'CCA Util %'!$E:$E,0)),"")) | AD15: =IF($B15="","",IFERROR(INDEX('CCA Util %'!$G:$G,MATCH($B15,'CCA Util %'!$E:$E,0)),"")) | AE15: =IF(OR($B15="",$U15=""),"",$U15&" & "&IF(OR($AD15="",$AD15=0),"Util NA",$AD15&" Util"))
A16: 46304 | B16: BLR-BASAVANAPURA | C16: RETAIL_STORE | D16: Yes | E16: Bengaluru | F16: 4538 | G16: 0.2717056 | H16: 0.39253852 | I16: 0.836175 | J16: 0.36737602 | K16: 0 | L16: 0.73963838 | M16: 3 | N16: =IF($B16="","",IF($C16="SUPERSTORE","Superstore","DH")) | O16: =IF($B16="","",IFERROR(VLOOKUP($B16,Mapping!$A:$C,2,0),"Not Mapped")) | P16: =IF($B16="","",IFERROR(VLOOKUP($B16,Mapping!$A:$C,3,0),"Not Mapped")) | Q16: =IF($B16="","",IFERROR(VLOOKUP($O16,Leaders!$A:$B,2,0),"Not Mapped")) | R16: =IF($B16="","",IF(COUNTIF(Exclusions!$A:$A,$B16)>0,"Yes","No")) | S16: =IF($B16="","",MIN(1,DAY($A16)/IF($N16="Superstore",Settings!$B$5,Settings!$B$4))) | T16: =IF(OR($B16="",$G16="",$S16=0),"",$G16/$S16) | U16: =IF($T16="","",IF($T16<Settings!$B$8,"Critical",IF($T16<Settings!$B$9,"Semi Critical","Non Critical"))) | Z16: =IF($B16="","",IFERROR(VLOOKUP($B16,'Plan HC for CCA'!$A:$B,2,0),"")) | AA16: =IF(OR($B16="",$Z16=""),"",IF(N($M16)<$Z16,"Delta","No Delta")) | AB16: =IF(OR($B16="",$Z16=""),"",MAX(0,$Z16-N($M16))) | AC16: =IF($B16="","",IFERROR(INDEX('CCA Util %'!$H:$H,MATCH($B16,'CCA Util %'!$E:$E,0)),"")) | AD16: =IF($B16="","",IFERROR(INDEX('CCA Util %'!$G:$G,MATCH($B16,'CCA Util %'!$E:$E,0)),"")) | AE16: =IF(OR($B16="",$U16=""),"",$U16&" & "&IF(OR($AD16="",$AD16=0),"Util NA",$AD16&" Util"))
A17: 46304 | B17: BLR-BASAVANAPURA NETWORK 2 | C17: RETAIL_STORE | D17: Yes | E17: Bengaluru | F17: 5302 | G17: 0.45039608 | H17: 0.76046901 | I17: 0.936732 | J17: 0.76046901 | K17: 0 | L17: 0.92019748 | M17: 3 | N17: =IF($B17="","",IF($C17="SUPERSTORE","Superstore","DH")) | O17: =IF($B17="","",IFERROR(VLOOKUP($B17,Mapping!$A:$C,2,0),"Not Mapped")) | P17: =IF($B17="","",IFERROR(VLOOKUP($B17,Mapping!$A:$C,3,0),"Not Mapped")) | Q17: =IF($B17="","",IFERROR(VLOOKUP($O17,Leaders!$A:$B,2,0),"Not Mapped")) | R17: =IF($B17="","",IF(COUNTIF(Exclusions!$A:$A,$B17)>0,"Yes","No")) | S17: =IF($B17="","",MIN(1,DAY($A17)/IF($N17="Superstore",Settings!$B$5,Settings!$B$4))) | T17: =IF(OR($B17="",$G17="",$S17=0),"",$G17/$S17) | U17: =IF($T17="","",IF($T17<Settings!$B$8,"Critical",IF($T17<Settings!$B$9,"Semi Critical","Non Critical"))) | Z17: =IF($B17="","",IFERROR(VLOOKUP($B17,'Plan HC for CCA'!$A:$B,2,0),"")) | AA17: =IF(OR($B17="",$Z17=""),"",IF(N($M17)<$Z17,"Delta","No Delta")) | AB17: =IF(OR($B17="",$Z17=""),"",MAX(0,$Z17-N($M17))) | AC17: =IF($B17="","",IFERROR(INDEX('CCA Util %'!$H:$H,MATCH($B17,'CCA Util %'!$E:$E,0)),"")) | AD17: =IF($B17="","",IFERROR(INDEX('CCA Util %'!$G:$G,MATCH($B17,'CCA Util %'!$E:$E,0)),"")) | AE17: =IF(OR($B17="",$U17=""),"",$U17&" & "&IF(OR($AD17="",$AD17=0),"Util NA",$AD17&" Util"))
A18: 46304 | B18: BLR-BASAVANAPURA SS | C18: SUPERSTORE | D18: No | E18: Bengaluru | F18: 13185 | G18: 0.48668942 | H18: 0.99672744 | I18: 0.999136 | J18: 0.99672744 | K18: 0 | L18: 1 | M18: 4 | N18: =IF($B18="","",IF($C18="SUPERSTORE","Superstore","DH")) | O18: =IF($B18="","",IFERROR(VLOOKUP($B18,Mapping!$A:$C,2,0),"Not Mapped")) | P18: =IF($B18="","",IFERROR(VLOOKUP($B18,Mapping!$A:$C,3,0),"Not Mapped")) | Q18: =IF($B18="","",IFERROR(VLOOKUP($O18,Leaders!$A:$B,2,0),"Not Mapped")) | R18: =IF($B18="","",IF(COUNTIF(Exclusions!$A:$A,$B18)>0,"Yes","No")) | S18: =IF($B18="","",MIN(1,DAY($A18)/IF($N18="Superstore",Settings!$B$5,Settings!$B$4))) | T18: =IF(OR($B18="",$G18="",$S18=0),"",$G18/$S18) | U18: =IF($T18="","",IF($T18<Settings!$B$8,"Critical",IF($T18<Settings!$B$9,"Semi Critical","Non Critical"))) | Z18: =IF($B18="","",IFERROR(VLOOKUP($B18,'Plan HC for CCA'!$A:$B,2,0),"")) | AA18: =IF(OR($B18="",$Z18=""),"",IF(N($M18)<$Z18,"Delta","No Delta")) | AB18: =IF(OR($B18="",$Z18=""),"",MAX(0,$Z18-N($M18))) | AC18: =IF($B18="","",IFERROR(INDEX('CCA Util %'!$H:$H,MATCH($B18,'CCA Util %'!$E:$E,0)),"")) | AD18: =IF($B18="","",IFERROR(INDEX('CCA Util %'!$G:$G,MATCH($B18,'CCA Util %'!$E:$E,0)),"")) | AE18: =IF(OR($B18="",$U18=""),"",$U18&" & "&IF(OR($AD18="",$AD18=0),"Util NA",$AD18&" Util"))
A19: 46304 | B19: BLR-BELLANDUR - 2 | C19: RETAIL_STORE | D19: Yes | E19: Bengaluru | F19: 5663 | G19: 0.96556595 | H19: 0.89630578 | I19: 0.977457 | J19: 0.89630578 | K19: 0.0088284287 | L19: 0.97562622 | M19: 4 | N19: =IF($B19="","",IF($C19="SUPERSTORE","Superstore","DH")) | O19: =IF($B19="","",IFERROR(VLOOKUP($B19,Mapping!$A:$C,2,0),"Not Mapped")) | P19: =IF($B19="","",IFERROR(VLOOKUP($B19,Mapping!$A:$C,3,0),"Not Mapped")) | Q19: =IF($B19="","",IFERROR(VLOOKUP($O19,Leaders!$A:$B,2,0),"Not Mapped")) | R19: =IF($B19="","",IF(COUNTIF(Exclusions!$A:$A,$B19)>0,"Yes","No")) | S19: =IF($B19="","",MIN(1,DAY($A19)/IF($N19="Superstore",Settings!$B$5,Settings!$B$4))) | T19: =IF(OR($B19="",$G19="",$S19=0),"",$G19/$S19) | U19: =IF($T19="","",IF($T19<Settings!$B$8,"Critical",IF($T19<Settings!$B$9,"Semi Critical","Non Critical"))) | Z19: =IF($B19="","",IFERROR(VLOOKUP($B19,'Plan HC for CCA'!$A:$B,2,0),"")) | AA19: =IF(OR($B19="",$Z19=""),"",IF(N($M19)<$Z19,"Delta","No Delta")) | AB19: =IF(OR($B19="",$Z19=""),"",MAX(0,$Z19-N($M19))) | AC19: =IF($B19="","",IFERROR(INDEX('CCA Util %'!$H:$H,MATCH($B19,'CCA Util %'!$E:$E,0)),"")) | AD19: =IF($B19="","",IFERROR(INDEX('CCA Util %'!$G:$G,MATCH($B19,'CCA Util %'!$E:$E,0)),"")) | AE19: =IF(OR($B19="",$U19=""),"",$U19&" & "&IF(OR($AD19="",$AD19=0),"Util NA",$AD19&" Util"))
A20: 46304 | B20: BLR-BELLANDUR-4 | C20: RETAIL_STORE | D20: Yes | E20: Bengaluru | F20: 5551 | G20: 0.47540984 | H20: 0.82417582 | I20: 0.937842 | J20: 0.82417582 | K20: 0 | L20: 0.9470214 | M20: 4 | N20: =IF($B20="","",IF($C20="SUPERSTORE","Superstore","DH")) | O20: =IF($B20="","",IFERROR(VLOOKUP($B20,Mapping!$A:$C,2,0),"Not Mapped")) | P20: =IF($B20="","",IFERROR(VLOOKUP($B20,Mapping!$A:$C,3,0),"Not Mapped")) | Q20: =IF($B20="","",IFERROR(VLOOKUP($O20,Leaders!$A:$B,2,0),"Not Mapped")) | R20: =IF($B20="","",IF(COUNTIF(Exclusions!$A:$A,$B20)>0,"Yes","No")) | S20: =IF($B20="","",MIN(1,DAY($A20)/IF($N20="Superstore",Settings!$B$5,Settings!$B$4))) | T20: =IF(OR($B20="",$G20="",$S20=0),"",$G20/$S20) | U20: =IF($T20="","",IF($T20<Settings!$B$8,"Critical",IF($T20<Settings!$B$9,"Semi Critical","Non Critical"))) | Z20: =IF($B20="","",IFERROR(VLOOKUP($B20,'Plan HC for CCA'!$A:$B,2,0),"")) | AA20: =IF(OR($B20="",$Z20=""),"",IF(N($M20)<$Z20,"Delta","No Delta")) | AB20: =IF(OR($B20="",$Z20=""),"",MAX(0,$Z20-N($M20))) | AC20: =IF($B20="","",IFERROR(INDEX('CCA Util %'!$H:$H,MATCH($B20,'CCA Util %'!$E:$E,0)),"")) | AD20: =IF($B20="","",IFERROR(INDEX('CCA Util %'!$G:$G,MATCH($B20,'CCA Util %'!$E:$E,0)),"")) | AE20: =IF(OR($B20="",$U20=""),"",$U20&" & "&IF(OR($AD20="",$AD20=0),"Util NA",$AD20&" Util"))
A21: 46304 | B21: BLR-BEML Layout | C21: RETAIL_STORE | D21: Yes | E21: Bengaluru | F21: 6734 | G21: 0.96124146 | H21: 0.9720377 | I21: 0.989857 | J21: 0.9720377 | K21: 0.0032021096 | L21: 0.99935958 | M21: 4 | N21: =IF($B21="","",IF($C21="SUPERSTORE","Superstore","DH")) | O21: =IF($B21="","",IFERROR(VLOOKUP($B21,Mapping!$A:$C,2,0),"Not Mapped")) | P21: =IF($B21="","",IFERROR(VLOOKUP($B21,Mapping!$A:$C,3,0),"Not Mapped")) | Q21: =IF($B21="","",IFERROR(VLOOKUP($O21,Leaders!$A:$B,2,0),"Not Mapped")) | R21: =IF($B21="","",IF(COUNTIF(Exclusions!$A:$A,$B21)>0,"Yes","No")) | S21: =IF($B21="","",MIN(1,DAY($A21)/IF($N21="Superstore",Settings!$B$5,Settings!$B$4))) | T21: =IF(OR($B21="",$G21="",$S21=0),"",$G21/$S21) | U21: =IF($T21="","",IF($T21<Settings!$B$8,"Critical",IF($T21<Settings!$B$9,"Semi Critical","Non Critical"))) | Z21: =IF($B21="","",IFERROR(VLOOKUP($B21,'Plan HC for CCA'!$A:$B,2,0),"")) | AA21: =IF(OR($B21="",$Z21=""),"",IF(N($M21)<$Z21,"Delta","No Delta")) | AB21: =IF(OR($B21="",$Z21=""),"",MAX(0,$Z21-N($M21))) | AC21: =IF($B21="","",IFERROR(INDEX('CCA Util %'!$H:$H,MATCH($B21,'CCA Util %'!$E:$E,0)),"")) | AD21: =IF($B21="","",IFERROR(INDEX('CCA Util %'!$G:$G,MATCH($B21,'CCA Util %'!$E:$E,0)),"")) | AE21: =IF(OR($B21="",$U21=""),"",$U21&" & "&IF(OR($AD21="",$AD21=0),"Util NA",$AD21&" Util"))
A22: 46304 | B22: BLR-BHADRAPPA LAYOUT NETWORK | C22: RETAIL_STORE | D22: Yes | E22: Bengaluru | F22: 6324 | G22: 0.76723593 | H22: 0.78833471 | I22: 0.8286 | J22: 0.78833471 | K22: 0.0035360679 | L22: 0.93122319 | M22: 6 | N22: =IF($B22="","",IF($C22="SUPERSTORE","Superstore","DH")) | O22: =IF($B22="","",IFERROR(VLOOKUP($B22,Mapping!$A:$C,2,0),"Not Mapped")) | P22: =IF($B22="","",IFERROR(VLOOKUP($B22,Mapping!$A:$C,3,0),"Not Mapped")) | Q22: =IF($B22="","",IFERROR(VLOOKUP($O22,Leaders!$A:$B,2,0),"Not Mapped")) | R22: =IF($B22="","",IF(COUNTIF(Exclusions!$A:$A,$B22)>0,"Yes","No")) | S22: =IF($B22="","",MIN(1,DAY($A22)/IF($N22="Superstore",Settings!$B$5,Settings!$B$4))) | T22: =IF(OR($B22="",$G22="",$S22=0),"",$G22/$S22) | U22: =IF($T22="","",IF($T22<Settings!$B$8,"Critical",IF($T22<Settings!$B$9,"Semi Critical","Non Critical"))) | Z22: =IF($B22="","",IFERROR(VLOOKUP($B22,'Plan HC for CCA'!$A:$B,2,0),"")) | AA22: =IF(OR($B22="",$Z22=""),"",IF(N($M22)<$Z22,"Delta","No Delta")) | AB22: =IF(OR($B22="",$Z22=""),"",MAX(0,$Z22-N($M22))) | AC22: =IF($B22="","",IFERROR(INDEX('CCA Util %'!$H:$H,MATCH($B22,'CCA Util %'!$E:$E,0)),"")) | AD22: =IF($B22="","",IFERROR(INDEX('CCA Util %'!$G:$G,MATCH($B22,'CCA Util %'!$E:$E,0)),"")) | AE22: =IF(OR($B22="",$U22=""),"",$U22&" & "&IF(OR($AD22="",$AD22=0),"Util NA",$AD22&" Util"))
A23: 46304 | B23: BLR-BROOKEFIELD | C23: RETAIL_STORE | D23: Yes | E23: Bengaluru | F23: 7849 | G23: 0 | K23: 0 | L23: 0.6 | N23: =IF($B23="","",IF($C23="SUPERSTORE","Superstore","DH")) | O23: =IF($B23="","",IFERROR(VLOOKUP($B23,Mapping!$A:$C,2,0),"Not Mapped")) | P23: =IF($B23="","",IFERROR(VLOOKUP($B23,Mapping!$A:$C,3,0),"Not Mapped")) | Q23: =IF($B23="","",IFERROR(VLOOKUP($O23,Leaders!$A:$B,2,0),"Not Mapped")) | R23: =IF($B23="","",IF(COUNTIF(Exclusions!$A:$A,$B23)>0,"Yes","No")) | S23: =IF($B23="","",MIN(1,DAY($A23)/IF($N23="Superstore",Settings!$B$5,Settings!$B$4))) | T23: =IF(OR($B23="",$G23="",$S23=0),"",$G23/$S23) | U23: =IF($T23="","",IF($T23<Settings!$B$8,"Critical",IF($T23<Settings!$B$9,"Semi Critical","Non Critical"))) | V23: Store Closed | Z23: =IF($B23="","",IFERROR(VLOOKUP($B23,'Plan HC for CCA'!$A:$B,2,0),"")) | AA23: =IF(OR($B23="",$Z23=""),"",IF(N($M23)<$Z23,"Delta","No Delta")) | AB23: =IF(OR($B23="",$Z23=""),"",MAX(0,$Z23-N($M23))) | AC23: =IF($B23="","",IFERROR(INDEX('CCA Util %'!$H:$H,MATCH($B23,'CCA Util %'!$E:$E,0)),"")) | AD23: =IF($B23="","",IFERROR(INDEX('CCA Util %'!$G:$G,MATCH($B23,'CCA Util %'!$E:$E,0)),"")) | AE23: =IF(OR($B23="",$U23=""),"",$U23&" & "&IF(OR($AD23="",$AD23=0),"Util NA",$AD23&" Util"))
A24: 46304 | B24: BLR-BTM LAYOUT NEW | C24: RETAIL_STORE | D24: No | E24: Bengaluru | F24: 6976 | G24: 0.78282683 | H24: 0.8514924 | I24: 0.958625 | J24: 0.8514924 | K24: 0 | L24: 0.95852312 | M24: 7 | N24: =IF($B24="","",IF($C24="SUPERSTORE","Superstore","DH")) | O24: =IF($B24="","",IFERROR(VLOOKUP($B24,Mapping!$A:$C,2,0),"Not Mapped")) | P24: =IF($B24="","",IFERROR(VLOOKUP($B24,Mapping!$A:$C,3,0),"Not Mapped")) | Q24: =IF($B24="","",IFERROR(VLOOKUP($O24,Leaders!$A:$B,2,0),"Not Mapped")) | R24: =IF($B24="","",IF(COUNTIF(Exclusions!$A:$A,$B24)>0,"Yes","No")) | S24: =IF($B24="","",MIN(1,DAY($A24)/IF($N24="Superstore",Settings!$B$5,Settings!$B$4))) | T24: =IF(OR($B24="",$G24="",$S24=0),"",$G24/$S24) | U24: =IF($T24="","",IF($T24<Settings!$B$8,"Critical",IF($T24<Settings!$B$9,"Semi Critical","Non Critical"))) | Z24: =IF($B24="","",IFERROR(VLOOKUP($B24,'Plan HC for CCA'!$A:$B,2,0),"")) | AA24: =IF(OR($B24="",$Z24=""),"",IF(N($M24)<$Z24,"Delta","No Delta")) | AB24: =IF(OR($B24="",$Z24=""),"",MAX(0,$Z24-N($M24))) | AC24: =IF($B24="","",IFERROR(INDEX('CCA Util %'!$H:$H,MATCH($B24,'CCA Util %'!$E:$E,0)),"")) | AD24: =IF($B24="","",IFERROR(INDEX('CCA Util %'!$G:$G,MATCH($B24,'CCA Util %'!$E:$E,0)),"")) | AE24: =IF(OR($B24="",$U24=""),"",$U24&" & "&IF(OR($AD24="",$AD24=0),"Util NA",$AD24&" Util"))
A25: 46304 | B25: BLR-BTM Layout Network-3 | C25: RETAIL_STORE | D25: Yes | E25: Bengaluru | F25: 5155 | G25: 0.6785645 | H25: 0.83962264 | I25: 0.965423 | J25: 0.83962264 | K25: 0.0049375545 | L25: 0.95253781 | M25: 4 | N25: =IF($B25="","",IF($C25="SUPERSTORE","Superstore","DH")) | O25: =IF($B25="","",IFERROR(VLOOKUP($B25,Mapping!$A:$C,2,0),"Not Mapped")) | P25: =IF($B25="","",IFERROR(VLOOKUP($B25,Mapping!$A:$C,3,0),"Not Mapped")) | Q25: =IF($B25="","",IFERROR(VLOOKUP($O25,Leaders!$A:$B,2,0),"Not Mapped")) | R25: =IF($B25="","",IF(COUNTIF(Exclusions!$A:$A,$B25)>0,"Yes","No")) | S25: =IF($B25="","",MIN(1,DAY($A25)/IF($N25="Superstore",Settings!$B$5,Settings!$B$4))) | T25: =IF(OR($B25="",$G25="",$S25=0),"",$G25/$S25) | U25: =IF($T25="","",IF($T25<Settings!$B$8,"Critical",IF($T25<Settings!$B$9,"Semi Critical","Non Critical"))) | Z25: =IF($B25="","",IFERROR(VLOOKUP($B25,'Plan HC for CCA'!$A:$B,2,0),"")) | AA25: =IF(OR($B25="",$Z25=""),"",IF(N($M25)<$Z25,"Delta","No Delta")) | AB25: =IF(OR($B25="",$Z25=""),"",MAX(0,$Z25-N($M25))) | AC25: =IF($B25="","",IFERROR(INDEX('CCA Util %'!$H:$H,MATCH($B25,'CCA Util %'!$E:$E,0)),"")) | AD25: =IF($B25="","",IFERROR(INDEX('CCA Util %'!$G:$G,MATCH($B25,'CCA Util %'!$E:$E,0)),"")) | AE25: =IF(OR($B25="",$U25=""),"",$U25&" & "&IF(OR($AD25="",$AD25=0),"Util NA",$AD25&" Util"))
A26: 46304 | B26: BLR-BTM-2 New | C26: RETAIL_STORE | D26: Yes | E26: Bengaluru | F26: 5768 | G26: 0.99930652 | H26: 0.93789035 | I26: 0.989143 | K26: 0.0031413613 | L26: 0.99427293 | M26: 6 | N26: =IF($B26="","",IF($C26="SUPERSTORE","Superstore","DH")) | O26: =IF($B26="","",IFERROR(VLOOKUP($B26,Mapping!$A:$C,2,0),"Not Mapped")) | P26: =IF($B26="","",IFERROR(VLOOKUP($B26,Mapping!$A:$C,3,0),"Not Mapped")) | Q26: =IF($B26="","",IFERROR(VLOOKUP($O26,Leaders!$A:$B,2,0),"Not Mapped")) | R26: =IF($B26="","",IF(COUNTIF(Exclusions!$A:$A,$B26)>0,"Yes","No")) | S26: =IF($B26="","",MIN(1,DAY($A26)/IF($N26="Superstore",Settings!$B$5,Settings!$B$4))) | T26: =IF(OR($B26="",$G26="",$S26=0),"",$G26/$S26) | U26: =IF($T26="","",IF($T26<Settings!$B$8,"Critical",IF($T26<Settings!$B$9,"Semi Critical","Non Critical"))) | Z26: =IF($B26="","",IFERROR(VLOOKUP($B26,'Plan HC for CCA'!$A:$B,2,0),"")) | AA26: =IF(OR($B26="",$Z26=""),"",IF(N($M26)<$Z26,"Delta","No Delta")) | AB26: =IF(OR($B26="",$Z26=""),"",MAX(0,$Z26-N($M26))) | AC26: =IF($B26="","",IFERROR(INDEX('CCA Util %'!$H:$H,MATCH($B26,'CCA Util %'!$E:$E,0)),"")) | AD26: =IF($B26="","",IFERROR(INDEX('CCA Util %'!$G:$G,MATCH($B26,'CCA Util %'!$E:$E,0)),"")) | AE26: =IF(OR($B26="",$U26=""),"",$U26&" & "&IF(OR($AD26="",$AD26=0),"Util NA",$AD26&" Util"))
A27: 46304 | B27: BLR-BTM-3 | C27: RETAIL_STORE | D27: Yes | E27: Bengaluru | F27: 5097 | G27: 0.78104768 | H27: 0.78623461 | I27: 0.943884 | J27: 0.78623461 | K27: 0.0067716872 | L27: 0.92969182 | M27: 6 | N27: =IF($B27="","",IF($C27="SUPERSTORE","Superstore","DH")) | O27: =IF($B27="","",IFERROR(VLOOKUP($B27,Mapping!$A:$C,2,0),"Not Mapped")) | P27: =IF($B27="","",IFERROR(VLOOKUP($B27,Mapping!$A:$C,3,0),"Not Mapped")) | Q27: =IF($B27="","",IFERROR(VLOOKUP($O27,Leaders!$A:$B,2,0),"Not Mapped")) | R27: =IF($B27="","",IF(COUNTIF(Exclusions!$A:$A,$B27)>0,"Yes","No")) | S27: =IF($B27="","",MIN(1,DAY($A27)/IF($N27="Superstore",Settings!$B$5,Settings!$B$4))) | T27: =IF(OR($B27="",$G27="",$S27=0),"",$G27/$S27) | U27: =IF($T27="","",IF($T27<Settings!$B$8,"Critical",IF($T27<Settings!$B$9,"Semi Critical","Non Critical"))) | Z27: =IF($B27="","",IFERROR(VLOOKUP($B27,'Plan HC for CCA'!$A:$B,2,0),"")) | AA27: =IF(OR($B27="",$Z27=""),"",IF(N($M27)<$Z27,"Delta","No Delta")) | AB27: =IF(OR($B27="",$Z27=""),"",MAX(0,$Z27-N($M27))) | AC27: =IF($B27="","",IFERROR(INDEX('CCA Util %'!$H:$H,MATCH($B27,'CCA Util %'!$E:$E,0)),"")) | AD27: =IF($B27="","",IFERROR(INDEX('CCA Util %'!$G:$G,MATCH($B27,'CCA Util %'!$E:$E,0)),"")) | AE27: =IF(OR($B27="",$U27=""),"",$U27&" & "&IF(OR($AD27="",$AD27=0),"Util NA",$AD27&" Util"))
A28: 46304 | B28: BLR-Bagalakunte | C28: RETAIL_STORE | D28: Yes | E28: Bengaluru | F28: 7531 | G28: 0.47204886 | H28: 0.81125176 | I28: 0.906427 | J28: 0.81125176 | K28: 0.0041293875 | L28: 0.94075381 | M28: 4 | N28: =IF($B28="","",IF($C28="SUPERSTORE","Superstore","DH")) | O28: =IF($B28="","",IFERROR(VLOOKUP($B28,Mapping!$A:$C,2,0),"Not Mapped")) | P28: =IF($B28="","",IFERROR(VLOOKUP($B28,Mapping!$A:$C,3,0),"Not Mapped")) | Q28: =IF($B28="","",IFERROR(VLOOKUP($O28,Leaders!$A:$B,2,0),"Not Mapped")) | R28: =IF($B28="","",IF(COUNTIF(Exclusions!$A:$A,$B28)>0,"Yes","No")) | S28: =IF($B28="","",MIN(1,DAY($A28)/IF($N28="Superstore",Settings!$B$5,Settings!$B$4))) | T28: =IF(OR($B28="",$G28="",$S28=0),"",$G28/$S28) | U28: =IF($T28="","",IF($T28<Settings!$B$8,"Critical",IF($T28<Settings!$B$9,"Semi Critical","Non Critical"))) | Z28: =IF($B28="","",IFERROR(VLOOKUP($B28,'Plan HC for CCA'!$A:$B,2,0),"")) | AA28: =IF(OR($B28="",$Z28=""),"",IF(N($M28)<$Z28,"Delta","No Delta")) | AB28: =IF(OR($B28="",$Z28=""),"",MAX(0,$Z28-N($M28))) | AC28: =IF($B28="","",IFERROR(INDEX('CCA Util %'!$H:$H,MATCH($B28,'CCA Util %'!$E:$E,0)),"")) | AD28: =IF($B28="","",IFERROR(INDEX('CCA Util %'!$G:$G,MATCH($B28,'CCA Util %'!$E:$E,0)),"")) | AE28: =IF(OR($B28="",$U28=""),"",$U28&" & "&IF(OR($AD28="",$AD28=0),"Util NA",$AD28&" Util"))
A29: 46304 | B29: BLR-Bagalur | C29: RETAIL_STORE | D29: Yes | E29: Bengaluru | F29: 5516 | G29: 0.79786077 | H29: 0.79277437 | I29: 0.95335 | J29: 0.79277437 | K29: 0.0016874077 | L29: 0.93346225 | M29: 4 | N29: =IF($B29="","",IF($C29="SUPERSTORE","Superstore","DH")) | O29: =IF($B29="","",IFERROR(VLOOKUP($B29,Mapping!$A:$C,2,0),"Not Mapped")) | P29: =IF($B29="","",IFERROR(VLOOKUP($B29,Mapping!$A:$C,3,0),"Not Mapped")) | Q29: =IF($B29="","",IFERROR(VLOOKUP($O29,Leaders!$A:$B,2,0),"Not Mapped")) | R29: =IF($B29="","",IF(COUNTIF(Exclusions!$A:$A,$B29)>0,"Yes","No")) | S29: =IF($B29="","",MIN(1,DAY($A29)/IF($N29="Superstore",Settings!$B$5,Settings!$B$4))) | T29: =IF(OR($B29="",$G29="",$S29=0),"",$G29/$S29) | U29: =IF($T29="","",IF($T29<Settings!$B$8,"Critical",IF($T29<Settings!$B$9,"Semi Critical","Non Critical"))) | Z29: =IF($B29="","",IFERROR(VLOOKUP($B29,'Plan HC for CCA'!$A:$B,2,0),"")) | AA29: =IF(OR($B29="",$Z29=""),"",IF(N($M29)<$Z29,"Delta","No Delta")) | AB29: =IF(OR($B29="",$Z29=""),"",MAX(0,$Z29-N($M29))) | AC29: =IF($B29="","",IFERROR(INDEX('CCA Util %'!$H:$H,MATCH($B29,'CCA Util %'!$E:$E,0)),"")) | AD29: =IF($B29="","",IFERROR(INDEX('CCA Util %'!$G:$G,MATCH($B29,'CCA Util %'!$E:$E,0)),"")) | AE29: =IF(OR($B29="",$U29=""),"",$U29&" & "&IF(OR($AD29="",$AD29=0),"Util NA",$AD29&" Util"))
A30: 46304 | B30: BLR-Balagere SS | C30: SUPERSTORE | D30: No | E30: Bengaluru | F30: 10619 | G30: 0.033524814 | H30: 0.0084269663 | I30: -0.997121 | J30: 0.00097311236 | K30: 0 | L30: 0.2497382 | N30: =IF($B30="","",IF($C30="SUPERSTORE","Superstore","DH")) | O30: =IF($B30="","",IFERROR(VLOOKUP($B30,Mapping!$A:$C,2,0),"Not Mapped")) | P30: =IF($B30="","",IFERROR(VLOOKUP($B30,Mapping!$A:$C,3,0),"Not Mapped")) | Q30: =IF($B30="","",IFERROR(VLOOKUP($O30,Leaders!$A:$B,2,0),"Not Mapped")) | R30: =IF($B30="","",IF(COUNTIF(Exclusions!$A:$A,$B30)>0,"Yes","No")) | S30: =IF($B30="","",MIN(1,DAY($A30)/IF($N30="Superstore",Settings!$B$5,Settings!$B$4))) | T30: =IF(OR($B30="",$G30="",$S30=0),"",$G30/$S30) | U30: =IF($T30="","",IF($T30<Settings!$B$8,"Critical",IF($T30<Settings!$B$9,"Semi Critical","Non Critical"))) | V30: Store Closed | Z30: =IF($B30="","",IFERROR(VLOOKUP($B30,'Plan HC for CCA'!$A:$B,2,0),"")) | AA30: =IF(OR($B30="",$Z30=""),"",IF(N($M30)<$Z30,"Delta","No Delta")) | AB30: =IF(OR($B30="",$Z30=""),"",MAX(0,$Z30-N($M30))) | AC30: =IF($B30="","",IFERROR(INDEX('CCA Util %'!$H:$H,MATCH($B30,'CCA Util %'!$E:$E,0)),"")) | AD30: =IF($B30="","",IFERROR(INDEX('CCA Util %'!$G:$G,MATCH($B30,'CCA Util %'!$E:$E,0)),"")) | AE30: =IF(OR($B30="",$U30=""),"",$U30&" & "&IF(OR($AD30="",$AD30=0),"Util NA",$AD30&" Util"))
A31: 46304 | B31: BLR-Banashankari Network | C31: RETAIL_STORE | D31: Yes | E31: Bengaluru | F31: 5783 | G31: 0.66937576 | H31: 0.86101782 | I31: 0.960456 | J31: 0.86101782 | K31: 0 | L31: 0.96253382 | M31: 3 | N31: =IF($B31="","",IF($C31="SUPERSTORE","Superstore","DH")) | O31: =IF($B31="","",IFERROR(VLOOKUP($B31,Mapping!$A:$C,2,0),"Not Mapped")) | P31: =IF($B31="","",IFERROR(VLOOKUP($B31,Mapping!$A:$C,3,0),"Not Mapped")) | Q31: =IF($B31="","",IFERROR(VLOOKUP($O31,Leaders!$A:$B,2,0),"Not Mapped")) | R31: =IF($B31="","",IF(COUNTIF(Exclusions!$A:$A,$B31)>0,"Yes","No")) | S31: =IF($B31="","",MIN(1,DAY($A31)/IF($N31="Superstore",Settings!$B$5,Settings!$B$4))) | T31: =IF(OR($B31="",$G31="",$S31=0),"",$G31/$S31) | U31: =IF($T31="","",IF($T31<Settings!$B$8,"Critical",IF($T31<Settings!$B$9,"Semi Critical","Non Critical"))) | Z31: =IF($B31="","",IFERROR(VLOOKUP($B31,'Plan HC for CCA'!$A:$B,2,0),"")) | AA31: =IF(OR($B31="",$Z31=""),"",IF(N($M31)<$Z31,"Delta","No Delta")) | AB31: =IF(OR($B31="",$Z31=""),"",MAX(0,$Z31-N($M31))) | AC31: =IF($B31="","",IFERROR(INDEX('CCA Util %'!$H:$H,MATCH($B31,'CCA Util %'!$E:$E,0)),"")) | AD31: =IF($B31="","",IFERROR(INDEX('CCA Util %'!$G:$G,MATCH($B31,'CCA Util %'!$E:$E,0)),"")) | AE31: =IF(OR($B31="",$U31=""),"",$U31&" & "&IF(OR($AD31="",$AD31=0),"Util NA",$AD31&" Util"))
A32: 46304 | B32: BLR-Banashankari New | C32: RETAIL_STORE | D32: Yes | E32: Bengaluru | F32: 5165 | G32: 0.66292352 | H32: 0.89778037 | I32: 0.973729 | J32: 0.89778037 | K32: 0 | L32: 0.97801279 | N32: =IF($B32="","",IF($C32="SUPERSTORE","Superstore","DH")) | O32: =IF($B32="","",IFERROR(VLOOKUP($B32,Mapping!$A:$C,2,0),"Not Mapped")) | P32: =IF($B32="","",IFERROR(VLOOKUP($B32,Mapping!$A:$C,3,0),"Not Mapped")) | Q32: =IF($B32="","",IFERROR(VLOOKUP($O32,Leaders!$A:$B,2,0),"Not Mapped")) | R32: =IF($B32="","",IF(COUNTIF(Exclusions!$A:$A,$B32)>0,"Yes","No")) | S32: =IF($B32="","",MIN(1,DAY($A32)/IF($N32="Superstore",Settings!$B$5,Settings!$B$4))) | T32: =IF(OR($B32="",$G32="",$S32=0),"",$G32/$S32) | U32: =IF($T32="","",IF($T32<Settings!$B$8,"Critical",IF($T32<Settings!$B$9,"Semi Critical","Non Critical"))) | Z32: =IF($B32="","",IFERROR(VLOOKUP($B32,'Plan HC for CCA'!$A:$B,2,0),"")) | AA32: =IF(OR($B32="",$Z32=""),"",IF(N($M32)<$Z32,"Delta","No Delta")) | AB32: =IF(OR($B32="",$Z32=""),"",MAX(0,$Z32-N($M32))) | AC32: =IF($B32="","",IFERROR(INDEX('CCA Util %'!$H:$H,MATCH($B32,'CCA Util %'!$E:$E,0)),"")) | AD32: =IF($B32="","",IFERROR(INDEX('CCA Util %'!$G:$G,MATCH($B32,'CCA Util %'!$E:$E,0)),"")) | AE32: =IF(OR($B32="",$U32=""),"",$U32&" & "&IF(OR($AD32="",$AD32=0),"Util NA",$AD32&" Util"))
A33: 46304 | B33: BLR-Banjara Layout | C33: RETAIL_STORE | D33: Yes | E33: Bengaluru | F33: 7186 | G33: 0.83189535 | H33: 0.83640013 | I33: 0.928781 | J33: 0.83640013 | K33: 0 | L33: 0.95216848 | M33: 2 | N33: =IF($B33="","",IF($C33="SUPERSTORE","Superstore","DH")) | O33: =IF($B33="","",IFERROR(VLOOKUP($B33,Mapping!$A:$C,2,0),"Not Mapped")) | P33: =IF($B33="","",IFERROR(VLOOKUP($B33,Mapping!$A:$C,3,0),"Not Mapped")) | Q33: =IF($B33="","",IFERROR(VLOOKUP($O33,Leaders!$A:$B,2,0),"Not Mapped")) | R33: =IF($B33="","",IF(COUNTIF(Exclusions!$A:$A,$B33)>0,"Yes","No")) | S33: =IF($B33="","",MIN(1,DAY($A33)/IF($N33="Superstore",Settings!$B$5,Settings!$B$4))) | T33: =IF(OR($B33="",$G33="",$S33=0),"",$G33/$S33) | U33: =IF($T33="","",IF($T33<Settings!$B$8,"Critical",IF($T33<Settings!$B$9,"Semi Critical","Non Critical"))) | Z33: =IF($B33="","",IFERROR(VLOOKUP($B33,'Plan HC for CCA'!$A:$B,2,0),"")) | AA33: =IF(OR($B33="",$Z33=""),"",IF(N($M33)<$Z33,"Delta","No Delta")) | AB33: =IF(OR($B33="",$Z33=""),"",MAX(0,$Z33-N($M33))) | AC33: =IF($B33="","",IFERROR(INDEX('CCA Util %'!$H:$H,MATCH($B33,'CCA Util %'!$E:$E,0)),"")) | AD33: =IF($B33="","",IFERROR(INDEX('CCA Util %'!$G:$G,MATCH($B33,'CCA Util %'!$E:$E,0)),"")) | AE33: =IF(OR($B33="",$U33=""),"",$U33&" & "&IF(OR($AD33="",$AD33=0),"Util NA",$AD33&" Util"))
A34: 46304 | B34: BLR-Bannerghatta Network | C34: RETAIL_STORE | D34: Yes | E34: Bengaluru | F34: 5330 | G34: 0.66679174 | H34: 0.86072032 | I34: 0.968499 | J34: 0.86072032 | K34: 0.005501965 | L34: 0.96130816 | M34: 4 | N34: =IF($B34="","",IF($C34="SUPERSTORE","Superstore","DH")) | O34: =IF($B34="","",IFERROR(VLOOKUP($B34,Mapping!$A:$C,2,0),"Not Mapped")) | P34: =IF($B34="","",IFERROR(VLOOKUP($B34,Mapping!$A:$C,3,0),"Not Mapped")) | Q34: =IF($B34="","",IFERROR(VLOOKUP($O34,Leaders!$A:$B,2,0),"Not Mapped")) | R34: =IF($B34="","",IF(COUNTIF(Exclusions!$A:$A,$B34)>0,"Yes","No")) | S34: =IF($B34="","",MIN(1,DAY($A34)/IF($N34="Superstore",Settings!$B$5,Settings!$B$4))) | T34: =IF(OR($B34="",$G34="",$S34=0),"",$G34/$S34) | U34: =IF($T34="","",IF($T34<Settings!$B$8,"Critical",IF($T34<Settings!$B$9,"Semi Critical","Non Critical"))) | Z34: =IF($B34="","",IFERROR(VLOOKUP($B34,'Plan HC for CCA'!$A:$B,2,0),"")) | AA34: =IF(OR($B34="",$Z34=""),"",IF(N($M34)<$Z34,"Delta","No Delta")) | AB34: =IF(OR($B34="",$Z34=""),"",MAX(0,$Z34-N($M34))) | AC34: =IF($B34="","",IFERROR(INDEX('CCA Util %'!$H:$H,MATCH($B34,'CCA Util %'!$E:$E,0)),"")) | AD34: =IF($B34="","",IFERROR(INDEX('CCA Util %'!$G:$G,MATCH($B34,'CCA Util %'!$E:$E,0)),"")) | AE34: =IF(OR($B34="",$U34=""),"",$U34&" & "&IF(OR($AD34="",$AD34=0),"Util NA",$AD34&" Util"))
A35: 46304 | B35: BLR-Bannerghatta Network 2 | C35: RETAIL_STORE | D35: No | E35: Bengaluru | F35: 5022 | G35: 0.56770211 | H35: 0.7790249 | I35: 0.926306 | J35: 0.7790249 | K35: 0 | L35: 0.92801049 | M35: 4 | N35: =IF($B35="","",IF($C35="SUPERSTORE","Superstore","DH")) | O35: =IF($B35="","",IFERROR(VLOOKUP($B35,Mapping!$A:$C,2,0),"Not Mapped")) | P35: =IF($B35="","",IFERROR(VLOOKUP($B35,Mapping!$A:$C,3,0),"Not Mapped")) | Q35: =IF($B35="","",IFERROR(VLOOKUP($O35,Leaders!$A:$B,2,0),"Not Mapped")) | R35: =IF($B35="","",IF(COUNTIF(Exclusions!$A:$A,$B35)>0,"Yes","No")) | S35: =IF($B35="","",MIN(1,DAY($A35)/IF($N35="Superstore",Settings!$B$5,Settings!$B$4))) | T35: =IF(OR($B35="",$G35="",$S35=0),"",$G35/$S35) | U35: =IF($T35="","",IF($T35<Settings!$B$8,"Critical",IF($T35<Settings!$B$9,"Semi Critical","Non Critical"))) | Z35: =IF($B35="","",IFERROR(VLOOKUP($B35,'Plan HC for CCA'!$A:$B,2,0),"")) | AA35: =IF(OR($B35="",$Z35=""),"",IF(N($M35)<$Z35,"Delta","No Delta")) | AB35: =IF(OR($B35="",$Z35=""),"",MAX(0,$Z35-N($M35))) | AC35: =IF($B35="","",IFERROR(INDEX('CCA Util %'!$H:$H,MATCH($B35,'CCA Util %'!$E:$E,0)),"")) | AD35: =IF($B35="","",IFERROR(INDEX('CCA Util %'!$G:$G,MATCH($B35,'CCA Util %'!$E:$E,0)),"")) | AE35: =IF(OR($B35="",$U35=""),"",$U35&" & "&IF(OR($AD35="",$AD35=0),"Util NA",$AD35&" Util"))
A36: 46304 | B36: BLR-Bannerghatta SS | C36: SUPERSTORE | D36: No | E36: Bengaluru | F36: 10225 | G36: 0.35334963 | H36: 0.9706615 | I36: 0.988853 | J36: 0.9706615 | K36: 0 | L36: 1 | M36: 1 | N36: =IF($B36="","",IF($C36="SUPERSTORE","Superstore","DH")) | O36: =IF($B36="","",IFERROR(VLOOKUP($B36,Mapping!$A:$C,2,0),"Not Mapped")) | P36: =IF($B36="","",IFERROR(VLOOKUP($B36,Mapping!$A:$C,3,0),"Not Mapped")) | Q36: =IF($B36="","",IFERROR(VLOOKUP($O36,Leaders!$A:$B,2,0),"Not Mapped")) | R36: =IF($B36="","",IF(COUNTIF(Exclusions!$A:$A,$B36)>0,"Yes","No")) | S36: =IF($B36="","",MIN(1,DAY($A36)/IF($N36="Superstore",Settings!$B$5,Settings!$B$4))) | T36: =IF(OR($B36="",$G36="",$S36=0),"",$G36/$S36) | U36: =IF($T36="","",IF($T36<Settings!$B$8,"Critical",IF($T36<Settings!$B$9,"Semi Critical","Non Critical"))) | Z36: =IF($B36="","",IFERROR(VLOOKUP($B36,'Plan HC for CCA'!$A:$B,2,0),"")) | AA36: =IF(OR($B36="",$Z36=""),"",IF(N($M36)<$Z36,"Delta","No Delta")) | AB36: =IF(OR($B36="",$Z36=""),"",MAX(0,$Z36-N($M36))) | AC36: =IF($B36="","",IFERROR(INDEX('CCA Util %'!$H:$H,MATCH($B36,'CCA Util %'!$E:$E,0)),"")) | AD36: =IF($B36="","",IFERROR(INDEX('CCA Util %'!$G:$G,MATCH($B36,'CCA Util %'!$E:$E,0)),"")) | AE36: =IF(OR($B36="",$U36=""),"",$U36&" & "&IF(OR($AD36="",$AD36=0),"Util NA",$AD36&" Util"))
A37: 46304 | B37: BLR-Basavanapura Network | C37: RETAIL_STORE | D37: Yes | E37: Bengaluru | F37: 7642 | G37: 0.65532583 | H37: 0.86821086 | I37: 0.97246 | J37: 0.86821086 | K37: 0 | L37: 0.96556247 | M37: 5 | N37: =IF($B37="","",IF($C37="SUPERSTORE","Superstore","DH")) | O37: =IF($B37="","",IFERROR(VLOOKUP($B37,Mapping!$A:$C,2,0),"Not Mapped")) | P37: =IF($B37="","",IFERROR(VLOOKUP($B37,Mapping!$A:$C,3,0),"Not Mapped")) | Q37: =IF($B37="","",IFERROR(VLOOKUP($O37,Leaders!$A:$B,2,0),"Not Mapped")) | R37: =IF($B37="","",IF(COUNTIF(Exclusions!$A:$A,$B37)>0,"Yes","No")) | S37: =IF($B37="","",MIN(1,DAY($A37)/IF($N37="Superstore",Settings!$B$5,Settings!$B$4))) | T37: =IF(OR($B37="",$G37="",$S37=0),"",$G37/$S37) | U37: =IF($T37="","",IF($T37<Settings!$B$8,"Critical",IF($T37<Settings!$B$9,"Semi Critical","Non Critical"))) | Z37: =IF($B37="","",IFERROR(VLOOKUP($B37,'Plan HC for CCA'!$A:$B,2,0),"")) | AA37: =IF(OR($B37="",$Z37=""),"",IF(N($M37)<$Z37,"Delta","No Delta")) | AB37: =IF(OR($B37="",$Z37=""),"",MAX(0,$Z37-N($M37))) | AC37: =IF($B37="","",IFERROR(INDEX('CCA Util %'!$H:$H,MATCH($B37,'CCA Util %'!$E:$E,0)),"")) | AD37: =IF($B37="","",IFERROR(INDEX('CCA Util %'!$G:$G,MATCH($B37,'CCA Util %'!$E:$E,0)),"")) | AE37: =IF(OR($B37="",$U37=""),"",$U37&" & "&IF(OR($AD37="",$AD37=0),"Util NA",$AD37&" Util"))
A38: 46304 | B38: BLR-Belathur | C38: RETAIL_STORE | D38: Yes | E38: Bengaluru | F38: 5788 | G38: 0.96423635 | H38: 0.93782476 | I38: 0.990364 | J38: 0.93782476 | K38: 0 | L38: 0.99487358 | M38: 6 | N38: =IF($B38="","",IF($C38="SUPERSTORE","Superstore","DH")) | O38: =IF($B38="","",IFERROR(VLOOKUP($B38,Mapping!$A:$C,2,0),"Not Mapped")) | P38: =IF($B38="","",IFERROR(VLOOKUP($B38,Mapping!$A:$C,3,0),"Not Mapped")) | Q38: =IF($B38="","",IFERROR(VLOOKUP($O38,Leaders!$A:$B,2,0),"Not Mapped")) | R38: =IF($B38="","",IF(COUNTIF(Exclusions!$A:$A,$B38)>0,"Yes","No")) | S38: =IF($B38="","",MIN(1,DAY($A38)/IF($N38="Superstore",Settings!$B$5,Settings!$B$4))) | T38: =IF(OR($B38="",$G38="",$S38=0),"",$G38/$S38) | U38: =IF($T38="","",IF($T38<Settings!$B$8,"Critical",IF($T38<Settings!$B$9,"Semi Critical","Non Critical"))) | Z38: =IF($B38="","",IFERROR(VLOOKUP($B38,'Plan HC for CCA'!$A:$B,2,0),"")) | AA38: =IF(OR($B38="",$Z38=""),"",IF(N($M38)<$Z38,"Delta","No Delta")) | AB38: =IF(OR($B38="",$Z38=""),"",MAX(0,$Z38-N($M38))) | AC38: =IF($B38="","",IFERROR(INDEX('CCA Util %'!$H:$H,MATCH($B38,'CCA Util %'!$E:$E,0)),"")) | AD38: =IF($B38="","",IFERROR(INDEX('CCA Util %'!$G:$G,MATCH($B38,'CCA Util %'!$E:$E,0)),"")) | AE38: =IF(OR($B38="",$U38=""),"",$U38&" & "&IF(OR($AD38="",$AD38=0),"Util NA",$AD38&" Util"))
A39: 46304 | B39: BLR-Bellandur 6 | C39: RETAIL_STORE | D39: Yes | E39: Bengaluru | F39: 6158 | G39: 0.79116596 | H39: 0.83189655 | I39: 0.953668 | J39: 0.83189655 | K39: 0.0029579693 | L39: 0.94968064 | M39: 4 | N39: =IF($B39="","",IF($C39="SUPERSTORE","Superstore","DH")) | O39: =IF($B39="","",IFERROR(VLOOKUP($B39,Mapping!$A:$C,2,0),"Not Mapped")) | P39: =IF($B39="","",IFERROR(VLOOKUP($B39,Mapping!$A:$C,3,0),"Not Mapped")) | Q39: =IF($B39="","",IFERROR(VLOOKUP($O39,Leaders!$A:$B,2,0),"Not Mapped")) | R39: =IF($B39="","",IF(COUNTIF(Exclusions!$A:$A,$B39)>0,"Yes","No")) | S39: =IF($B39="","",MIN(1,DAY($A39)/IF($N39="Superstore",Settings!$B$5,Settings!$B$4))) | T39: =IF(OR($B39="",$G39="",$S39=0),"",$G39/$S39) | U39: =IF($T39="","",IF($T39<Settings!$B$8,"Critical",IF($T39<Settings!$B$9,"Semi Critical","Non Critical"))) | Z39: =IF($B39="","",IFERROR(VLOOKUP($B39,'Plan HC for CCA'!$A:$B,2,0),"")) | AA39: =IF(OR($B39="",$Z39=""),"",IF(N($M39)<$Z39,"Delta","No Delta")) | AB39: =IF(OR($B39="",$Z39=""),"",MAX(0,$Z39-N($M39))) | AC39: =IF($B39="","",IFERROR(INDEX('CCA Util %'!$H:$H,MATCH($B39,'CCA Util %'!$E:$E,0)),"")) | AD39: =IF($B39="","",IFERROR(INDEX('CCA Util %'!$G:$G,MATCH($B39,'CCA Util %'!$E:$E,0)),"")) | AE39: =IF(OR($B39="",$U39=""),"",$U39&" & "&IF(OR($AD39="",$AD39=0),"Util NA",$AD39&" Util"))
A40: 46304 | B40: BLR-Bellandur SS | C40: SUPERSTORE | D40: No | E40: Bengaluru | F40: 10796 | G40: 0.2682475 | H40: 0.94854972 | I40: 0.987524 | J40: 0.87643433 | K40: 0 | L40: 0.96897836 | M40: 1 | N40: =IF($B40="","",IF($C40="SUPERSTORE","Superstore","DH")) | O40: =IF($B40="","",IFERROR(VLOOKUP($B40,Mapping!$A:$C,2,0),"Not Mapped")) | P40: =IF($B40="","",IFERROR(VLOOKUP($B40,Mapping!$A:$C,3,0),"Not Mapped")) | Q40: =IF($B40="","",IFERROR(VLOOKUP($O40,Leaders!$A:$B,2,0),"Not Mapped")) | R40: =IF($B40="","",IF(COUNTIF(Exclusions!$A:$A,$B40)>0,"Yes","No")) | S40: =IF($B40="","",MIN(1,DAY($A40)/IF($N40="Superstore",Settings!$B$5,Settings!$B$4))) | T40: =IF(OR($B40="",$G40="",$S40=0),"",$G40/$S40) | U40: =IF($T40="","",IF($T40<Settings!$B$8,"Critical",IF($T40<Settings!$B$9,"Semi Critical","Non Critical"))) | Z40: =IF($B40="","",IFERROR(VLOOKUP($B40,'Plan HC for CCA'!$A:$B,2,0),"")) | AA40: =IF(OR($B40="",$Z40=""),"",IF(N($M40)<$Z40,"Delta","No Delta")) | AB40: =IF(OR($B40="",$Z40=""),"",MAX(0,$Z40-N($M40))) | AC40: =IF($B40="","",IFERROR(INDEX('CCA Util %'!$H:$H,MATCH($B40,'CCA Util %'!$E:$E,0)),"")) | AD40: =IF($B40="","",IFERROR(INDEX('CCA Util %'!$G:$G,MATCH($B40,'CCA Util %'!$E:$E,0)),"")) | AE40: =IF(OR($B40="",$U40=""),"",$U40&" & "&IF(OR($AD40="",$AD40=0),"Util NA",$AD40&" Util"))
A41: 46304 | B41: BLR-Bellandur new | C41: RETAIL_STORE | D41: Yes | E41: Bengaluru | F41: 7207 | G41: 0.91910642 | H41: 0.94474638 | I41: 0.880166 | J41: 0.94474638 | K41: 0 | L41: 0.99778795 | M41: 5 | N41: =IF($B41="","",IF($C41="SUPERSTORE","Superstore","DH")) | O41: =IF($B41="","",IFERROR(VLOOKUP($B41,Mapping!$A:$C,2,0),"Not Mapped")) | P41: =IF($B41="","",IFERROR(VLOOKUP($B41,Mapping!$A:$C,3,0),"Not Mapped")) | Q41: =IF($B41="","",IFERROR(VLOOKUP($O41,Leaders!$A:$B,2,0),"Not Mapped")) | R41: =IF($B41="","",IF(COUNTIF(Exclusions!$A:$A,$B41)>0,"Yes","No")) | S41: =IF($B41="","",MIN(1,DAY($A41)/IF($N41="Superstore",Settings!$B$5,Settings!$B$4))) | T41: =IF(OR($B41="",$G41="",$S41=0),"",$G41/$S41) | U41: =IF($T41="","",IF($T41<Settings!$B$8,"Critical",IF($T41<Settings!$B$9,"Semi Critical","Non Critical"))) | Z41: =IF($B41="","",IFERROR(VLOOKUP($B41,'Plan HC for CCA'!$A:$B,2,0),"")) | AA41: =IF(OR($B41="",$Z41=""),"",IF(N($M41)<$Z41,"Delta","No Delta")) | AB41: =IF(OR($B41="",$Z41=""),"",MAX(0,$Z41-N($M41))) | AC41: =IF($B41="","",IFERROR(INDEX('CCA Util %'!$H:$H,MATCH($B41,'CCA Util %'!$E:$E,0)),"")) | AD41: =IF($B41="","",IFERROR(INDEX('CCA Util %'!$G:$G,MATCH($B41,'CCA Util %'!$E:$E,0)),"")) | AE41: =IF(OR($B41="",$U41=""),"",$U41&" & "&IF(OR($AD41="",$AD41=0),"Util NA",$AD41&" Util"))
A42: 46304 | B42: BLR-Bellandur-3 | C42: RETAIL_STORE | D42: Yes | E42: Bengaluru | F42: 7376 | G42: 0.53606291 | H42: 0.81967628 | I42: 0.717621 | J42: 0.81967628 | K42: 0.0078809107 | L42: 0.94355067 | M42: 5 | N42: =IF($B42="","",IF($C42="SUPERSTORE","Superstore","DH")) | O42: =IF($B42="","",IFERROR(VLOOKUP($B42,Mapping!$A:$C,2,0),"Not Mapped")) | P42: =IF($B42="","",IFERROR(VLOOKUP($B42,Mapping!$A:$C,3,0),"Not Mapped")) | Q42: =IF($B42="","",IFERROR(VLOOKUP($O42,Leaders!$A:$B,2,0),"Not Mapped")) | R42: =IF($B42="","",IF(COUNTIF(Exclusions!$A:$A,$B42)>0,"Yes","No")) | S42: =IF($B42="","",MIN(1,DAY($A42)/IF($N42="Superstore",Settings!$B$5,Settings!$B$4))) | T42: =IF(OR($B42="",$G42="",$S42=0),"",$G42/$S42) | U42: =IF($T42="","",IF($T42<Settings!$B$8,"Critical",IF($T42<Settings!$B$9,"Semi Critical","Non Critical"))) | Z42: =IF($B42="","",IFERROR(VLOOKUP($B42,'Plan HC for CCA'!$A:$B,2,0),"")) | AA42: =IF(OR($B42="",$Z42=""),"",IF(N($M42)<$Z42,"Delta","No Delta")) | AB42: =IF(OR($B42="",$Z42=""),"",MAX(0,$Z42-N($M42))) | AC42: =IF($B42="","",IFERROR(INDEX('CCA Util %'!$H:$H,MATCH($B42,'CCA Util %'!$E:$E,0)),"")) | AD42: =IF($B42="","",IFERROR(INDEX('CCA Util %'!$G:$G,MATCH($B42,'CCA Util %'!$E:$E,0)),"")) | AE42: =IF(OR($B42="",$U42=""),"",$U42&" & "&IF(OR($AD42="",$AD42=0),"Util NA",$AD42&" Util"))
A43: 46304 | B43: BLR-Bellandur-5 | C43: RETAIL_STORE | D43: Yes | E43: Bengaluru | F43: 6248 | G43: 0.82138284 | H43: 0.94953235 | I43: 0.984945 | J43: 0.94953235 | K43: 0.0025232499 | L43: 0.99929844 | M43: 2 | N43: =IF($B43="","",IF($C43="SUPERSTORE","Superstore","DH")) | O43: =IF($B43="","",IFERROR(VLOOKUP($B43,Mapping!$A:$C,2,0),"Not Mapped")) | P43: =IF($B43="","",IFERROR(VLOOKUP($B43,Mapping!$A:$C,3,0),"Not Mapped")) | Q43: =IF($B43="","",IFERROR(VLOOKUP($O43,Leaders!$A:$B,2,0),"Not Mapped")) | R43: =IF($B43="","",IF(COUNTIF(Exclusions!$A:$A,$B43)>0,"Yes","No")) | S43: =IF($B43="","",MIN(1,DAY($A43)/IF($N43="Superstore",Settings!$B$5,Settings!$B$4))) | T43: =IF(OR($B43="",$G43="",$S43=0),"",$G43/$S43) | U43: =IF($T43="","",IF($T43<Settings!$B$8,"Critical",IF($T43<Settings!$B$9,"Semi Critical","Non Critical"))) | Z43: =IF($B43="","",IFERROR(VLOOKUP($B43,'Plan HC for CCA'!$A:$B,2,0),"")) | AA43: =IF(OR($B43="",$Z43=""),"",IF(N($M43)<$Z43,"Delta","No Delta")) | AB43: =IF(OR($B43="",$Z43=""),"",MAX(0,$Z43-N($M43))) | AC43: =IF($B43="","",IFERROR(INDEX('CCA Util %'!$H:$H,MATCH($B43,'CCA Util %'!$E:$E,0)),"")) | AD43: =IF($B43="","",IFERROR(INDEX('CCA Util %'!$G:$G,MATCH($B43,'CCA Util %'!$E:$E,0)),"")) | AE43: =IF(OR($B43="",$U43=""),"",$U43&" & "&IF(OR($AD43="",$AD43=0),"Util NA",$AD43&" Util"))
A44: 46304 | B44: BLR-Bidaraguppe | C44: RETAIL_STORE | D44: Yes | E44: Bengaluru | F44: 7106 | G44: 0.6722488 | H44: 0.97257693 | I44: 0.987993 | K44: 0 | L44: 1 | M44: 2 | N44: =IF($B44="","",IF($C44="SUPERSTORE","Superstore","DH")) | O44: =IF($B44="","",IFERROR(VLOOKUP($B44,Mapping!$A:$C,2,0),"Not Mapped")) | P44: =IF($B44="","",IFERROR(VLOOKUP($B44,Mapping!$A:$C,3,0),"Not Mapped")) | Q44: =IF($B44="","",IFERROR(VLOOKUP($O44,Leaders!$A:$B,2,0),"Not Mapped")) | R44: =IF($B44="","",IF(COUNTIF(Exclusions!$A:$A,$B44)>0,"Yes","No")) | S44: =IF($B44="","",MIN(1,DAY($A44)/IF($N44="Superstore",Settings!$B$5,Settings!$B$4))) | T44: =IF(OR($B44="",$G44="",$S44=0),"",$G44/$S44) | U44: =IF($T44="","",IF($T44<Settings!$B$8,"Critical",IF($T44<Settings!$B$9,"Semi Critical","Non Critical"))) | Z44: =IF($B44="","",IFERROR(VLOOKUP($B44,'Plan HC for CCA'!$A:$B,2,0),"")) | AA44: =IF(OR($B44="",$Z44=""),"",IF(N($M44)<$Z44,"Delta","No Delta")) | AB44: =IF(OR($B44="",$Z44=""),"",MAX(0,$Z44-N($M44))) | AC44: =IF($B44="","",IFERROR(INDEX('CCA Util %'!$H:$H,MATCH($B44,'CCA Util %'!$E:$E,0)),"")) | AD44: =IF($B44="","",IFERROR(INDEX('CCA Util %'!$G:$G,MATCH($B44,'CCA Util %'!$E:$E,0)),"")) | AE44: =IF(OR($B44="",$U44=""),"",$U44&" & "&IF(OR($AD44="",$AD44=0),"Util NA",$AD44&" Util"))
A45: 46304 | B45: BLR-Bommanahalli | C45: RETAIL_STORE | D45: No | E45: Bengaluru | F45: 10820 | G45: 0.48807763 | H45: 0.94660102 | I45: 0.955954 | K45: 0 | L45: 0.99856885 | N45: =IF($B45="","",IF($C45="SUPERSTORE","Superstore","DH")) | O45: =IF($B45="","",IFERROR(VLOOKUP($B45,Mapping!$A:$C,2,0),"Not Mapped")) | P45: =IF($B45="","",IFERROR(VLOOKUP($B45,Mapping!$A:$C,3,0),"Not Mapped")) | Q45: =IF($B45="","",IFERROR(VLOOKUP($O45,Leaders!$A:$B,2,0),"Not Mapped")) | R45: =IF($B45="","",IF(COUNTIF(Exclusions!$A:$A,$B45)>0,"Yes","No")) | S45: =IF($B45="","",MIN(1,DAY($A45)/IF($N45="Superstore",Settings!$B$5,Settings!$B$4))) | T45: =IF(OR($B45="",$G45="",$S45=0),"",$G45/$S45) | U45: =IF($T45="","",IF($T45<Settings!$B$8,"Critical",IF($T45<Settings!$B$9,"Semi Critical","Non Critical"))) | Z45: =IF($B45="","",IFERROR(VLOOKUP($B45,'Plan HC for CCA'!$A:$B,2,0),"")) | AA45: =IF(OR($B45="",$Z45=""),"",IF(N($M45)<$Z45,"Delta","No Delta")) | AB45: =IF(OR($B45="",$Z45=""),"",MAX(0,$Z45-N($M45))) | AC45: =IF($B45="","",IFERROR(INDEX('CCA Util %'!$H:$H,MATCH($B45,'CCA Util %'!$E:$E,0)),"")) | AD45: =IF($B45="","",IFERROR(INDEX('CCA Util %'!$G:$G,MATCH($B45,'CCA Util %'!$E:$E,0)),"")) | AE45: =IF(OR($B45="",$U45=""),"",$U45&" & "&IF(OR($AD45="",$AD45=0),"Util NA",$AD45&" Util"))
A46: 46304 | B46: BLR-Bommasandra | C46: RETAIL_STORE | D46: No | E46: Bengaluru | F46: 5262 | G46: 0.96351197 | H46: 0.96153846 | I46: 0.764774 | J46: 0.96153846 | K46: 0.0033964962 | L46: 0.9993207 | M46: 3 | N46: =IF($B46="","",IF($C46="SUPERSTORE","Superstore","DH")) | O46: =IF($B46="","",IFERROR(VLOOKUP($B46,Mapping!$A:$C,2,0),"Not Mapped")) | P46: =IF($B46="","",IFERROR(VLOOKUP($B46,Mapping!$A:$C,3,0),"Not Mapped")) | Q46: =IF($B46="","",IFERROR(VLOOKUP($O46,Leaders!$A:$B,2,0),"Not Mapped")) | R46: =IF($B46="","",IF(COUNTIF(Exclusions!$A:$A,$B46)>0,"Yes","No")) | S46: =IF($B46="","",MIN(1,DAY($A46)/IF($N46="Superstore",Settings!$B$5,Settings!$B$4))) | T46: =IF(OR($B46="",$G46="",$S46=0),"",$G46/$S46) | U46: =IF($T46="","",IF($T46<Settings!$B$8,"Critical",IF($T46<Settings!$B$9,"Semi Critical","Non Critical"))) | Z46: =IF($B46="","",IFERROR(VLOOKUP($B46,'Plan HC for CCA'!$A:$B,2,0),"")) | AA46: =IF(OR($B46="",$Z46=""),"",IF(N($M46)<$Z46,"Delta","No Delta")) | AB46: =IF(OR($B46="",$Z46=""),"",MAX(0,$Z46-N($M46))) | AC46: =IF($B46="","",IFERROR(INDEX('CCA Util %'!$H:$H,MATCH($B46,'CCA Util %'!$E:$E,0)),"")) | AD46: =IF($B46="","",IFERROR(INDEX('CCA Util %'!$G:$G,MATCH($B46,'CCA Util %'!$E:$E,0)),"")) | AE46: =IF(OR($B46="",$U46=""),"",$U46&" & "&IF(OR($AD46="",$AD46=0),"Util NA",$AD46&" Util"))
A47: 46304 | B47: BLR-Brookfield Network | C47: RETAIL_STORE | D47: Yes | E47: Bengaluru | F47: 8268 | G47: 0.66690856 | H47: 0.87178092 | I47: 0.916736 | J47: 0.87178092 | K47: 0 | L47: 0.96706565 | M47: 4 | N47: =IF($B47="","",IF($C47="SUPERSTORE","Superstore","DH")) | O47: =IF($B47="","",IFERROR(VLOOKUP($B47,Mapping!$A:$C,2,0),"Not Mapped")) | P47: =IF($B47="","",IFERROR(VLOOKUP($B47,Mapping!$A:$C,3,0),"Not Mapped")) | Q47: =IF($B47="","",IFERROR(VLOOKUP($O47,Leaders!$A:$B,2,0),"Not Mapped")) | R47: =IF($B47="","",IF(COUNTIF(Exclusions!$A:$A,$B47)>0,"Yes","No")) | S47: =IF($B47="","",MIN(1,DAY($A47)/IF($N47="Superstore",Settings!$B$5,Settings!$B$4))) | T47: =IF(OR($B47="",$G47="",$S47=0),"",$G47/$S47) | U47: =IF($T47="","",IF($T47<Settings!$B$8,"Critical",IF($T47<Settings!$B$9,"Semi Critical","Non Critical"))) | Z47: =IF($B47="","",IFERROR(VLOOKUP($B47,'Plan HC for CCA'!$A:$B,2,0),"")) | AA47: =IF(OR($B47="",$Z47=""),"",IF(N($M47)<$Z47,"Delta","No Delta")) | AB47: =IF(OR($B47="",$Z47=""),"",MAX(0,$Z47-N($M47))) | AC47: =IF($B47="","",IFERROR(INDEX('CCA Util %'!$H:$H,MATCH($B47,'CCA Util %'!$E:$E,0)),"")) | AD47: =IF($B47="","",IFERROR(INDEX('CCA Util %'!$G:$G,MATCH($B47,'CCA Util %'!$E:$E,0)),"")) | AE47: =IF(OR($B47="",$U47=""),"",$U47&" & "&IF(OR($AD47="",$AD47=0),"Util NA",$AD47&" Util"))
A48: 46304 | B48: BLR-Brookfield Network-2 | C48: RETAIL_STORE | D48: Yes | E48: Bengaluru | F48: 5057 | G48: 0.84279217 | H48: 0.83646176 | I48: 0.944495 | J48: 0.83646176 | K48: 0.0026757344 | L48: 0.95165928 | M48: 4 | N48: =IF($B48="","",IF($C48="SUPERSTORE","Superstore","DH")) | O48: =IF($B48="","",IFERROR(VLOOKUP($B48,Mapping!$A:$C,2,0),"Not Mapped")) | P48: =IF($B48="","",IFERROR(VLOOKUP($B48,Mapping!$A:$C,3,0),"Not Mapped")) | Q48: =IF($B48="","",IFERROR(VLOOKUP($O48,Leaders!$A:$B,2,0),"Not Mapped")) | R48: =IF($B48="","",IF(COUNTIF(Exclusions!$A:$A,$B48)>0,"Yes","No")) | S48: =IF($B48="","",MIN(1,DAY($A48)/IF($N48="Superstore",Settings!$B$5,Settings!$B$4))) | T48: =IF(OR($B48="",$G48="",$S48=0),"",$G48/$S48) | U48: =IF($T48="","",IF($T48<Settings!$B$8,"Critical",IF($T48<Settings!$B$9,"Semi Critical","Non Critical"))) | Z48: =IF($B48="","",IFERROR(VLOOKUP($B48,'Plan HC for CCA'!$A:$B,2,0),"")) | AA48: =IF(OR($B48="",$Z48=""),"",IF(N($M48)<$Z48,"Delta","No Delta")) | AB48: =IF(OR($B48="",$Z48=""),"",MAX(0,$Z48-N($M48))) | AC48: =IF($B48="","",IFERROR(INDEX('CCA Util %'!$H:$H,MATCH($B48,'CCA Util %'!$E:$E,0)),"")) | AD48: =IF($B48="","",IFERROR(INDEX('CCA Util %'!$G:$G,MATCH($B48,'CCA Util %'!$E:$E,0)),"")) | AE48: =IF(OR($B48="",$U48=""),"",$U48&" & "&IF(OR($AD48="",$AD48=0),"Util NA",$AD48&" Util"))
A49: 46304 | B49: BLR-Budigere Cross | C49: RETAIL_STORE | D49: No | E49: Bengaluru | F49: 5484 | G49: 0.51148796 | H49: 0.86559715 | I49: 0.934516 | J49: 0.86559715 | K49: 0 | L49: 0.96446196 | M49: 2 | N49: =IF($B49="","",IF($C49="SUPERSTORE","Superstore","DH")) | O49: =IF($B49="","",IFERROR(VLOOKUP($B49,Mapping!$A:$C,2,0),"Not Mapped")) | P49: =IF($B49="","",IFERROR(VLOOKUP($B49,Mapping!$A:$C,3,0),"Not Mapped")) | Q49: =IF($B49="","",IFERROR(VLOOKUP($O49,Leaders!$A:$B,2,0),"Not Mapped")) | R49: =IF($B49="","",IF(COUNTIF(Exclusions!$A:$A,$B49)>0,"Yes","No")) | S49: =IF($B49="","",MIN(1,DAY($A49)/IF($N49="Superstore",Settings!$B$5,Settings!$B$4))) | T49: =IF(OR($B49="",$G49="",$S49=0),"",$G49/$S49) | U49: =IF($T49="","",IF($T49<Settings!$B$8,"Critical",IF($T49<Settings!$B$9,"Semi Critical","Non Critical"))) | Z49: =IF($B49="","",IFERROR(VLOOKUP($B49,'Plan HC for CCA'!$A:$B,2,0),"")) | AA49: =IF(OR($B49="",$Z49=""),"",IF(N($M49)<$Z49,"Delta","No Delta")) | AB49: =IF(OR($B49="",$Z49=""),"",MAX(0,$Z49-N($M49))) | AC49: =IF($B49="","",IFERROR(INDEX('CCA Util %'!$H:$H,MATCH($B49,'CCA Util %'!$E:$E,0)),"")) | AD49: =IF($B49="","",IFERROR(INDEX('CCA Util %'!$G:$G,MATCH($B49,'CCA Util %'!$E:$E,0)),"")) | AE49: =IF(OR($B49="",$U49=""),"",$U49&" & "&IF(OR($AD49="",$AD49=0),"Util NA",$AD49&" Util"))
A50: 46304 | B50: BLR-CV RAMAN NAGAR NEW | C50: RETAIL_STORE | D50: Yes | E50: Bengaluru | F50: 6034 | G50: 0.53115678 | H50: 0.82184087 | I50: 0.932826 | J50: 0.82184087 | K50: 0.0035056968 | L50: 0.94533712 | M50: 8 | N50: =IF($B50="","",IF($C50="SUPERSTORE","Superstore","DH")) | O50: =IF($B50="","",IFERROR(VLOOKUP($B50,Mapping!$A:$C,2,0),"Not Mapped")) | P50: =IF($B50="","",IFERROR(VLOOKUP($B50,Mapping!$A:$C,3,0),"Not Mapped")) | Q50: =IF($B50="","",IFERROR(VLOOKUP($O50,Leaders!$A:$B,2,0),"Not Mapped")) | R50: =IF($B50="","",IF(COUNTIF(Exclusions!$A:$A,$B50)>0,"Yes","No")) | S50: =IF($B50="","",MIN(1,DAY($A50)/IF($N50="Superstore",Settings!$B$5,Settings!$B$4))) | T50: =IF(OR($B50="",$G50="",$S50=0),"",$G50/$S50) | U50: =IF($T50="","",IF($T50<Settings!$B$8,"Critical",IF($T50<Settings!$B$9,"Semi Critical","Non Critical"))) | Z50: =IF($B50="","",IFERROR(VLOOKUP($B50,'Plan HC for CCA'!$A:$B,2,0),"")) | AA50: =IF(OR($B50="",$Z50=""),"",IF(N($M50)<$Z50,"Delta","No Delta")) | AB50: =IF(OR($B50="",$Z50=""),"",MAX(0,$Z50-N($M50))) | AC50: =IF($B50="","",IFERROR(INDEX('CCA Util %'!$H:$H,MATCH($B50,'CCA Util %'!$E:$E,0)),"")) | AD50: =IF($B50="","",IFERROR(INDEX('CCA Util %'!$G:$G,MATCH($B50,'CCA Util %'!$E:$E,0)),"")) | AE50: =IF(OR($B50="",$U50=""),"",$U50&" & "&IF(OR($AD50="",$AD50=0),"Util NA",$AD50&" Util"))
A51: 46304 | B51: BLR-CV Raman Nagar Network | C51: RETAIL_STORE | D51: Yes | E51: Bengaluru | F51: 5228 | G51: 0.61763581 | H51: 0.85970889 | I51: 0.970708 | J51: 0.85970889 | K51: 0.0056295483 | L51: 0.96085678 | M51: 5 | N51: =IF($B51="","",IF($C51="SUPERSTORE","Superstore","DH")) | O51: =IF($B51="","",IFERROR(VLOOKUP($B51,Mapping!$A:$C,2,0),"Not Mapped")) | P51: =IF($B51="","",IFERROR(VLOOKUP($B51,Mapping!$A:$C,3,0),"Not Mapped")) | Q51: =IF($B51="","",IFERROR(VLOOKUP($O51,Leaders!$A:$B,2,0),"Not Mapped")) | R51: =IF($B51="","",IF(COUNTIF(Exclusions!$A:$A,$B51)>0,"Yes","No")) | S51: =IF($B51="","",MIN(1,DAY($A51)/IF($N51="Superstore",Settings!$B$5,Settings!$B$4))) | T51: =IF(OR($B51="",$G51="",$S51=0),"",$G51/$S51) | U51: =IF($T51="","",IF($T51<Settings!$B$8,"Critical",IF($T51<Settings!$B$9,"Semi Critical","Non Critical"))) | Z51: =IF($B51="","",IFERROR(VLOOKUP($B51,'Plan HC for CCA'!$A:$B,2,0),"")) | AA51: =IF(OR($B51="",$Z51=""),"",IF(N($M51)<$Z51,"Delta","No Delta")) | AB51: =IF(OR($B51="",$Z51=""),"",MAX(0,$Z51-N($M51))) | AC51: =IF($B51="","",IFERROR(INDEX('CCA Util %'!$H:$H,MATCH($B51,'CCA Util %'!$E:$E,0)),"")) | AD51: =IF($B51="","",IFERROR(INDEX('CCA Util %'!$G:$G,MATCH($B51,'CCA Util %'!$E:$E,0)),"")) | AE51: =IF(OR($B51="",$U51=""),"",$U51&" & "&IF(OR($AD51="",$AD51=0),"Util NA",$AD51&" Util"))
A52: 46304 | B52: BLR-CV Raman Nagar Network-2 | C52: RETAIL_STORE | D52: No | E52: Bengaluru | F52: 5395 | G52: 0.65505097 | H52: 0.82031692 | I52: 0.978062 | J52: 0.82031692 | K52: 0 | L52: 0.9453966 | M52: 4 | N52: =IF($B52="","",IF($C52="SUPERSTORE","Superstore","DH")) | O52: =IF($B52="","",IFERROR(VLOOKUP($B52,Mapping!$A:$C,2,0),"Not Mapped")) | P52: =IF($B52="","",IFERROR(VLOOKUP($B52,Mapping!$A:$C,3,0),"Not Mapped")) | Q52: =IF($B52="","",IFERROR(VLOOKUP($O52,Leaders!$A:$B,2,0),"Not Mapped")) | R52: =IF($B52="","",IF(COUNTIF(Exclusions!$A:$A,$B52)>0,"Yes","No")) | S52: =IF($B52="","",MIN(1,DAY($A52)/IF($N52="Superstore",Settings!$B$5,Settings!$B$4))) | T52: =IF(OR($B52="",$G52="",$S52=0),"",$G52/$S52) | U52: =IF($T52="","",IF($T52<Settings!$B$8,"Critical",IF($T52<Settings!$B$9,"Semi Critical","Non Critical"))) | Z52: =IF($B52="","",IFERROR(VLOOKUP($B52,'Plan HC for CCA'!$A:$B,2,0),"")) | AA52: =IF(OR($B52="",$Z52=""),"",IF(N($M52)<$Z52,"Delta","No Delta")) | AB52: =IF(OR($B52="",$Z52=""),"",MAX(0,$Z52-N($M52))) | AC52: =IF($B52="","",IFERROR(INDEX('CCA Util %'!$H:$H,MATCH($B52,'CCA Util %'!$E:$E,0)),"")) | AD52: =IF($B52="","",IFERROR(INDEX('CCA Util %'!$G:$G,MATCH($B52,'CCA Util %'!$E:$E,0)),"")) | AE52: =IF(OR($B52="",$U52=""),"",$U52&" & "&IF(OR($AD52="",$AD52=0),"Util NA",$AD52&" Util"))
A53: 46304 | B53: BLR-CV Raman Nagar SS | C53: SUPERSTORE | D53: No | E53: Bengaluru | F53: 11966 | G53: 0.67599866 | H53: 0.98368154 | I53: 0.995196 | J53: 0.98368154 | K53: 0 | L53: 1 | M53: 1 | N53: =IF($B53="","",IF($C53="SUPERSTORE","Superstore","DH")) | O53: =IF($B53="","",IFERROR(VLOOKUP($B53,Mapping!$A:$C,2,0),"Not Mapped")) | P53: =IF($B53="","",IFERROR(VLOOKUP($B53,Mapping!$A:$C,3,0),"Not Mapped")) | Q53: =IF($B53="","",IFERROR(VLOOKUP($O53,Leaders!$A:$B,2,0),"Not Mapped")) | R53: =IF($B53="","",IF(COUNTIF(Exclusions!$A:$A,$B53)>0,"Yes","No")) | S53: =IF($B53="","",MIN(1,DAY($A53)/IF($N53="Superstore",Settings!$B$5,Settings!$B$4))) | T53: =IF(OR($B53="",$G53="",$S53=0),"",$G53/$S53) | U53: =IF($T53="","",IF($T53<Settings!$B$8,"Critical",IF($T53<Settings!$B$9,"Semi Critical","Non Critical"))) | Z53: =IF($B53="","",IFERROR(VLOOKUP($B53,'Plan HC for CCA'!$A:$B,2,0),"")) | AA53: =IF(OR($B53="",$Z53=""),"",IF(N($M53)<$Z53,"Delta","No Delta")) | AB53: =IF(OR($B53="",$Z53=""),"",MAX(0,$Z53-N($M53))) | AC53: =IF($B53="","",IFERROR(INDEX('CCA Util %'!$H:$H,MATCH($B53,'CCA Util %'!$E:$E,0)),"")) | AD53: =IF($B53="","",IFERROR(INDEX('CCA Util %'!$G:$G,MATCH($B53,'CCA Util %'!$E:$E,0)),"")) | AE53: =IF(OR($B53="",$U53=""),"",$U53&" & "&IF(OR($AD53="",$AD53=0),"Util NA",$AD53&" Util"))
A54: 46304 | B54: BLR-Carmelaram | C54: RETAIL_STORE | D54: Yes | E54: Bengaluru | F54: 6559 | G54: 0.7426437 | H54: 0.93040443 | I54: 0.990758 | J54: 0.93040443 | K54: 0 | L54: 0.99174924 | M54: 5 | N54: =IF($B54="","",IF($C54="SUPERSTORE","Superstore","DH")) | O54: =IF($B54="","",IFERROR(VLOOKUP($B54,Mapping!$A:$C,2,0),"Not Mapped")) | P54: =IF($B54="","",IFERROR(VLOOKUP($B54,Mapping!$A:$C,3,0),"Not Mapped")) | Q54: =IF($B54="","",IFERROR(VLOOKUP($O54,Leaders!$A:$B,2,0),"Not Mapped")) | R54: =IF($B54="","",IF(COUNTIF(Exclusions!$A:$A,$B54)>0,"Yes","No")) | S54: =IF($B54="","",MIN(1,DAY($A54)/IF($N54="Superstore",Settings!$B$5,Settings!$B$4))) | T54: =IF(OR($B54="",$G54="",$S54=0),"",$G54/$S54) | U54: =IF($T54="","",IF($T54<Settings!$B$8,"Critical",IF($T54<Settings!$B$9,"Semi Critical","Non Critical"))) | Z54: =IF($B54="","",IFERROR(VLOOKUP($B54,'Plan HC for CCA'!$A:$B,2,0),"")) | AA54: =IF(OR($B54="",$Z54=""),"",IF(N($M54)<$Z54,"Delta","No Delta")) | AB54: =IF(OR($B54="",$Z54=""),"",MAX(0,$Z54-N($M54))) | AC54: =IF($B54="","",IFERROR(INDEX('CCA Util %'!$H:$H,MATCH($B54,'CCA Util %'!$E:$E,0)),"")) | AD54: =IF($B54="","",IFERROR(INDEX('CCA Util %'!$G:$G,MATCH($B54,'CCA Util %'!$E:$E,0)),"")) | AE54: =IF(OR($B54="",$U54=""),"",$U54&" & "&IF(OR($AD54="",$AD54=0),"Util NA",$AD54&" Util"))
A55: 46304 | B55: BLR-Challakere | C55: RETAIL_STORE | D55: Yes | E55: Bengaluru | F55: 6292 | G55: 0.61633821 | H55: 0.85018051 | I55: 0.94683 | J55: 0.85018051 | K55: 0 | L55: 0.95797074 | M55: 4 | N55: =IF($B55="","",IF($C55="SUPERSTORE","Superstore","DH")) | O55: =IF($B55="","",IFERROR(VLOOKUP($B55,Mapping!$A:$C,2,0),"Not Mapped")) | P55: =IF($B55="","",IFERROR(VLOOKUP($B55,Mapping!$A:$C,3,0),"Not Mapped")) | Q55: =IF($B55="","",IFERROR(VLOOKUP($O55,Leaders!$A:$B,2,0),"Not Mapped")) | R55: =IF($B55="","",IF(COUNTIF(Exclusions!$A:$A,$B55)>0,"Yes","No")) | S55: =IF($B55="","",MIN(1,DAY($A55)/IF($N55="Superstore",Settings!$B$5,Settings!$B$4))) | T55: =IF(OR($B55="",$G55="",$S55=0),"",$G55/$S55) | U55: =IF($T55="","",IF($T55<Settings!$B$8,"Critical",IF($T55<Settings!$B$9,"Semi Critical","Non Critical"))) | Z55: =IF($B55="","",IFERROR(VLOOKUP($B55,'Plan HC for CCA'!$A:$B,2,0),"")) | AA55: =IF(OR($B55="",$Z55=""),"",IF(N($M55)<$Z55,"Delta","No Delta")) | AB55: =IF(OR($B55="",$Z55=""),"",MAX(0,$Z55-N($M55))) | AC55: =IF($B55="","",IFERROR(INDEX('CCA Util %'!$H:$H,MATCH($B55,'CCA Util %'!$E:$E,0)),"")) | AD55: =IF($B55="","",IFERROR(INDEX('CCA Util %'!$G:$G,MATCH($B55,'CCA Util %'!$E:$E,0)),"")) | AE55: =IF(OR($B55="",$U55=""),"",$U55&" & "&IF(OR($AD55="",$AD55=0),"Util NA",$AD55&" Util"))
A56: 46304 | B56: BLR-Chamrajpet | C56: RETAIL_STORE | D56: No | E56: Bengaluru | F56: 5477 | G56: 0.7025744 | H56: 0.90592516 | I56: 0.960718 | J56: 0.90592516 | K56: 0 | L56: 0.98144217 | M56: 3 | N56: =IF($B56="","",IF($C56="SUPERSTORE","Superstore","DH")) | O56: =IF($B56="","",IFERROR(VLOOKUP($B56,Mapping!$A:$C,2,0),"Not Mapped")) | P56: =IF($B56="","",IFERROR(VLOOKUP($B56,Mapping!$A:$C,3,0),"Not Mapped")) | Q56: =IF($B56="","",IFERROR(VLOOKUP($O56,Leaders!$A:$B,2,0),"Not Mapped")) | R56: =IF($B56="","",IF(COUNTIF(Exclusions!$A:$A,$B56)>0,"Yes","No")) | S56: =IF($B56="","",MIN(1,DAY($A56)/IF($N56="Superstore",Settings!$B$5,Settings!$B$4))) | T56: =IF(OR($B56="",$G56="",$S56=0),"",$G56/$S56) | U56: =IF($T56="","",IF($T56<Settings!$B$8,"Critical",IF($T56<Settings!$B$9,"Semi Critical","Non Critical"))) | Z56: =IF($B56="","",IFERROR(VLOOKUP($B56,'Plan HC for CCA'!$A:$B,2,0),"")) | AA56: =IF(OR($B56="",$Z56=""),"",IF(N($M56)<$Z56,"Delta","No Delta")) | AB56: =IF(OR($B56="",$Z56=""),"",MAX(0,$Z56-N($M56))) | AC56: =IF($B56="","",IFERROR(INDEX('CCA Util %'!$H:$H,MATCH($B56,'CCA Util %'!$E:$E,0)),"")) | AD56: =IF($B56="","",IFERROR(INDEX('CCA Util %'!$G:$G,MATCH($B56,'CCA Util %'!$E:$E,0)),"")) | AE56: =IF(OR($B56="",$U56=""),"",$U56&" & "&IF(OR($AD56="",$AD56=0),"Util NA",$AD56&" Util"))
A57: 46304 | B57: BLR-Chandapura | C57: RETAIL_STORE | D57: Yes | E57: Bengaluru | F57: 6409 | G57: 0.84755812 | H57: 0.92581001 | I57: 0.972555 | J57: 0.92581001 | K57: 0 | L57: 0.98981474 | M57: 5 | N57: =IF($B57="","",IF($C57="SUPERSTORE","Superstore","DH")) | O57: =IF($B57="","",IFERROR(VLOOKUP($B57,Mapping!$A:$C,2,0),"Not Mapped")) | P57: =IF($B57="","",IFERROR(VLOOKUP($B57,Mapping!$A:$C,3,0),"Not Mapped")) | Q57: =IF($B57="","",IFERROR(VLOOKUP($O57,Leaders!$A:$B,2,0),"Not Mapped")) | R57: =IF($B57="","",IF(COUNTIF(Exclusions!$A:$A,$B57)>0,"Yes","No")) | S57: =IF($B57="","",MIN(1,DAY($A57)/IF($N57="Superstore",Settings!$B$5,Settings!$B$4))) | T57: =IF(OR($B57="",$G57="",$S57=0),"",$G57/$S57) | U57: =IF($T57="","",IF($T57<Settings!$B$8,"Critical",IF($T57<Settings!$B$9,"Semi Critical","Non Critical"))) | Z57: =IF($B57="","",IFERROR(VLOOKUP($B57,'Plan HC for CCA'!$A:$B,2,0),"")) | AA57: =IF(OR($B57="",$Z57=""),"",IF(N($M57)<$Z57,"Delta","No Delta")) | AB57: =IF(OR($B57="",$Z57=""),"",MAX(0,$Z57-N($M57))) | AC57: =IF($B57="","",IFERROR(INDEX('CCA Util %'!$H:$H,MATCH($B57,'CCA Util %'!$E:$E,0)),"")) | AD57: =IF($B57="","",IFERROR(INDEX('CCA Util %'!$G:$G,MATCH($B57,'CCA Util %'!$E:$E,0)),"")) | AE57: =IF(OR($B57="",$U57=""),"",$U57&" & "&IF(OR($AD57="",$AD57=0),"Util NA",$AD57&" Util"))
... A59: 46304 | B59: BLR-Chickpet New | C59: RETAIL_STORE | D59: Yes | E59: Bengaluru | F59: 6272 | G59: 0.73772321 | H59: 0.88048411 | I59: 0.971664 | J59: 0.88048411 | K59: 0.0016957236 | L59: 0.97039101 | M59: 2 | N59: =IF($B59="","",IF($C59="SUPERSTORE","Superstore","DH")) | O59: =IF($B59="","",IFERROR(VLOOKUP($B59,Mapping!$A:$C,2,0),"Not Mapped")) | P59: =IF($B59="","",IFERROR(VLOOKUP($B59,Mapping!$A:$C,3,0),"Not Mapped")) | Q59: =IF($B59="","",IFERROR(VLOOKUP($O59,Leaders!$A:$B,2,0),"Not Mapped")) | R59: =IF($B59="","",IF(COUNTIF(Exclusions!$A:$A,$B59)>0,"Yes","No")) | S59: =IF($B59="","",MIN(1,DAY($A59)/IF($N59="Superstore",Settings!$B$5,Settings!$B$4))) | T59: =IF(OR($B59="",$G59="",$S59=0),"",$G59/$S59) | U59: =IF($T59="","",IF($T59<Settings!$B$8,"Critical",IF($T59<Settings!$B$9,"Semi Critical","Non Critical"))) | Z59: =IF($B59="","",IFERROR(VLOOKUP($B59,'Plan HC for CCA'!$A:$B,2,0),"")) | AA59: =IF(OR($B59="",$Z59=""),"",IF(N($M59)<$Z59,"Delta","No Delta")) | AB59: =IF(OR($B59="",$Z59=""),"",MAX(0,$Z59-N($M59))) | AC59: =IF($B59="","",IFERROR(INDEX('CCA Util %'!$H:$H,MATCH($B59,'CCA Util %'!$E:$E,0)),"")) | AD59: =IF($B59="","",IFERROR(INDEX('CCA Util %'!$G:$G,MATCH($B59,'CCA Util %'!$E:$E,0)),"")) | AE59: =IF(OR($B59="",$U59=""),"",$U59&" & "&IF(OR($AD59="",$AD59=0),"Util NA",$AD59&" Util"))
A60: 46304 | B60: BLR-Chikkajala | C60: RETAIL_STORE | D60: Yes | E60: Bengaluru | F60: 5790 | G60: 0.50241796 | H60: 0.97249914 | I60: 0.954388 | K60: 0 | L60: 1 | N60: =IF($B60="","",IF($C60="SUPERSTORE","Superstore","DH")) | O60: =IF($B60="","",IFERROR(VLOOKUP($B60,Mapping!$A:$C,2,0),"Not Mapped")) | P60: =IF($B60="","",IFERROR(VLOOKUP($B60,Mapping!$A:$C,3,0),"Not Mapped")) | Q60: =IF($B60="","",IFERROR(VLOOKUP($O60,Leaders!$A:$B,2,0),"Not Mapped")) | R60: =IF($B60="","",IF(COUNTIF(Exclusions!$A:$A,$B60)>0,"Yes","No")) | S60: =IF($B60="","",MIN(1,DAY($A60)/IF($N60="Superstore",Settings!$B$5,Settings!$B$4))) | T60: =IF(OR($B60="",$G60="",$S60=0),"",$G60/$S60) | U60: =IF($T60="","",IF($T60<Settings!$B$8,"Critical",IF($T60<Settings!$B$9,"Semi Critical","Non Critical"))) | Z60: =IF($B60="","",IFERROR(VLOOKUP($B60,'Plan HC for CCA'!$A:$B,2,0),"")) | AA60: =IF(OR($B60="",$Z60=""),"",IF(N($M60)<$Z60,"Delta","No Delta")) | AB60: =IF(OR($B60="",$Z60=""),"",MAX(0,$Z60-N($M60))) | AC60: =IF($B60="","",IFERROR(INDEX('CCA Util %'!$H:$H,MATCH($B60,'CCA Util %'!$E:$E,0)),"")) | AD60: =IF($B60="","",IFERROR(INDEX('CCA Util %'!$G:$G,MATCH($B60,'CCA Util %'!$E:$E,0)),"")) | AE60: =IF(OR($B60="",$U60=""),"",$U60&" & "&IF(OR($AD60="",$AD60=0),"Util NA",$AD60&" Util"))
A61: 46304 | B61: BLR-Chikkanagamangala | C61: RETAIL_STORE | D61: Yes | E61: Bengaluru | F61: 6774 | G61: 0.9403602 | H61: 0.94348509 | I61: 0.971207 | K61: 0 | L61: 0.99725688 | M61: 3 | N61: =IF($B61="","",IF($C61="SUPERSTORE","Superstore","DH")) | O61: =IF($B61="","",IFERROR(VLOOKUP($B61,Mapping!$A:$C,2,0),"Not Mapped")) | P61: =IF($B61="","",IFERROR(VLOOKUP($B61,Mapping!$A:$C,3,0),"Not Mapped")) | Q61: =IF($B61="","",IFERROR(VLOOKUP($O61,Leaders!$A:$B,2,0),"Not Mapped")) | R61: =IF($B61="","",IF(COUNTIF(Exclusions!$A:$A,$B61)>0,"Yes","No")) | S61: =IF($B61="","",MIN(1,DAY($A61)/IF($N61="Superstore",Settings!$B$5,Settings!$B$4))) | T61: =IF(OR($B61="",$G61="",$S61=0),"",$G61/$S61) | U61: =IF($T61="","",IF($T61<Settings!$B$8,"Critical",IF($T61<Settings!$B$9,"Semi Critical","Non Critical"))) | Z61: =IF($B61="","",IFERROR(VLOOKUP($B61,'Plan HC for CCA'!$A:$B,2,0),"")) | AA61: =IF(OR($B61="",$Z61=""),"",IF(N($M61)<$Z61,"Delta","No Delta")) | AB61: =IF(OR($B61="",$Z61=""),"",MAX(0,$Z61-N($M61))) | AC61: =IF($B61="","",IFERROR(INDEX('CCA Util %'!$H:$H,MATCH($B61,'CCA Util %'!$E:$E,0)),"")) | AD61: =IF($B61="","",IFERROR(INDEX('CCA Util %'!$G:$G,MATCH($B61,'CCA Util %'!$E:$E,0)),"")) | AE61: =IF(OR($B61="",$U61=""),"",$U61&" & "&IF(OR($AD61="",$AD61=0),"Util NA",$AD61&" Util"))
A62: 46304 | B62: BLR-Cholayanakanalli | C62: RETAIL_STORE | D62: Yes | E62: Bengaluru | F62: 5293 | G62: 0.97033818 | H62: 0.87422118 | I62: 0.95583 | J62: 0.87422118 | K62: 0.0025521055 | L62: 0.96758271 | M62: 4 | N62: =IF($B62="","",IF($C62="SUPERSTORE","Superstore","DH")) | O62: =IF($B62="","",IFERROR(VLOOKUP($B62,Mapping!$A:$C,2,0),"Not Mapped")) | P62: =IF($B62="","",IFERROR(VLOOKUP($B62,Mapping!$A:$C,3,0),"Not Mapped")) | Q62: =IF($B62="","",IFERROR(VLOOKUP($O62,Leaders!$A:$B,2,0),"Not Mapped")) | R62: =IF($B62="","",IF(COUNTIF(Exclusions!$A:$A,$B62)>0,"Yes","No")) | S62: =IF($B62="","",MIN(1,DAY($A62)/IF($N62="Superstore",Settings!$B$5,Settings!$B$4))) | T62: =IF(OR($B62="",$G62="",$S62=0),"",$G62/$S62) | U62: =IF($T62="","",IF($T62<Settings!$B$8,"Critical",IF($T62<Settings!$B$9,"Semi Critical","Non Critical"))) | Z62: =IF($B62="","",IFERROR(VLOOKUP($B62,'Plan HC for CCA'!$A:$B,2,0),"")) | AA62: =IF(OR($B62="",$Z62=""),"",IF(N($M62)<$Z62,"Delta","No Delta")) | AB62: =IF(OR($B62="",$Z62=""),"",MAX(0,$Z62-N($M62))) | AC62: =IF($B62="","",IFERROR(INDEX('CCA Util %'!$H:$H,MATCH($B62,'CCA Util %'!$E:$E,0)),"")) | AD62: =IF($B62="","",IFERROR(INDEX('CCA Util %'!$G:$G,MATCH($B62,'CCA Util %'!$E:$E,0)),"")) | AE62: =IF(OR($B62="",$U62=""),"",$U62&" & "&IF(OR($AD62="",$AD62=0),"Util NA",$AD62&" Util"))
A63: 46304 | B63: BLR-Choodasandra | C63: RETAIL_STORE | D63: Yes | E63: Bengaluru | F63: 6238 | G63: 0.59442129 | H63: 0.8697411 | I63: 0.954148 | J63: 0.8697411 | K63: 0 | L63: 0.96620678 | M63: 4 | N63: =IF($B63="","",IF($C63="SUPERSTORE","Superstore","DH")) | O63: =IF($B63="","",IFERROR(VLOOKUP($B63,Mapping!$A:$C,2,0),"Not Mapped")) | P63: =IF($B63="","",IFERROR(VLOOKUP($B63,Mapping!$A:$C,3,0),"Not Mapped")) | Q63: =IF($B63="","",IFERROR(VLOOKUP($O63,Leaders!$A:$B,2,0),"Not Mapped")) | R63: =IF($B63="","",IF(COUNTIF(Exclusions!$A:$A,$B63)>0,"Yes","No")) | S63: =IF($B63="","",MIN(1,DAY($A63)/IF($N63="Superstore",Settings!$B$5,Settings!$B$4))) | T63: =IF(OR($B63="",$G63="",$S63=0),"",$G63/$S63) | U63: =IF($T63="","",IF($T63<Settings!$B$8,"Critical",IF($T63<Settings!$B$9,"Semi Critical","Non Critical"))) | Z63: =IF($B63="","",IFERROR(VLOOKUP($B63,'Plan HC for CCA'!$A:$B,2,0),"")) | AA63: =IF(OR($B63="",$Z63=""),"",IF(N($M63)<$Z63,"Delta","No Delta")) | AB63: =IF(OR($B63="",$Z63=""),"",MAX(0,$Z63-N($M63))) | AC63: =IF($B63="","",IFERROR(INDEX('CCA Util %'!$H:$H,MATCH($B63,'CCA Util %'!$E:$E,0)),"")) | AD63: =IF($B63="","",IFERROR(INDEX('CCA Util %'!$G:$G,MATCH($B63,'CCA Util %'!$E:$E,0)),"")) | AE63: =IF(OR($B63="",$U63=""),"",$U63&" & "&IF(OR($AD63="",$AD63=0),"Util NA",$AD63&" Util"))
A64: 46304 | B64: BLR-Dasarahalli | C64: RETAIL_STORE | D64: Yes | E64: Bengaluru | F64: 4964 | G64: 0.81506849 | H64: 0.82575383 | I64: 0.955643 | J64: 0.82575383 | K64: 0 | L64: 0.94768582 | M64: 4 | N64: =IF($B64="","",IF($C64="SUPERSTORE","Superstore","DH")) | O64: =IF($B64="","",IFERROR(VLOOKUP($B64,Mapping!$A:$C,2,0),"Not Mapped")) | P64: =IF($B64="","",IFERROR(VLOOKUP($B64,Mapping!$A:$C,3,0),"Not Mapped")) | Q64: =IF($B64="","",IFERROR(VLOOKUP($O64,Leaders!$A:$B,2,0),"Not Mapped")) | R64: =IF($B64="","",IF(COUNTIF(Exclusions!$A:$A,$B64)>0,"Yes","No")) | S64: =IF($B64="","",MIN(1,DAY($A64)/IF($N64="Superstore",Settings!$B$5,Settings!$B$4))) | T64: =IF(OR($B64="",$G64="",$S64=0),"",$G64/$S64) | U64: =IF($T64="","",IF($T64<Settings!$B$8,"Critical",IF($T64<Settings!$B$9,"Semi Critical","Non Critical"))) | Z64: =IF($B64="","",IFERROR(VLOOKUP($B64,'Plan HC for CCA'!$A:$B,2,0),"")) | AA64: =IF(OR($B64="",$Z64=""),"",IF(N($M64)<$Z64,"Delta","No Delta")) | AB64: =IF(OR($B64="",$Z64=""),"",MAX(0,$Z64-N($M64))) | AC64: =IF($B64="","",IFERROR(INDEX('CCA Util %'!$H:$H,MATCH($B64,'CCA Util %'!$E:$E,0)),"")) | AD64: =IF($B64="","",IFERROR(INDEX('CCA Util %'!$G:$G,MATCH($B64,'CCA Util %'!$E:$E,0)),"")) | AE64: =IF(OR($B64="",$U64=""),"",$U64&" & "&IF(OR($AD64="",$AD64=0),"Util NA",$AD64&" Util"))
A65: 46304 | B65: BLR-Devanahalli | C65: RETAIL_STORE | D65: Yes | E65: Bengaluru | F65: 6332 | G65: 0.39118762 | H65: 0.67581752 | I65: 0.834692 | J65: 0.67581752 | K65: 0.0059364797 | L65: 0.88336745 | M65: 3 | N65: =IF($B65="","",IF($C65="SUPERSTORE","Superstore","DH")) | O65: =IF($B65="","",IFERROR(VLOOKUP($B65,Mapping!$A:$C,2,0),"Not Mapped")) | P65: =IF($B65="","",IFERROR(VLOOKUP($B65,Mapping!$A:$C,3,0),"Not Mapped")) | Q65: =IF($B65="","",IFERROR(VLOOKUP($O65,Leaders!$A:$B,2,0),"Not Mapped")) | R65: =IF($B65="","",IF(COUNTIF(Exclusions!$A:$A,$B65)>0,"Yes","No")) | S65: =IF($B65="","",MIN(1,DAY($A65)/IF($N65="Superstore",Settings!$B$5,Settings!$B$4))) | T65: =IF(OR($B65="",$G65="",$S65=0),"",$G65/$S65) | U65: =IF($T65="","",IF($T65<Settings!$B$8,"Critical",IF($T65<Settings!$B$9,"Semi Critical","Non Critical"))) | Z65: =IF($B65="","",IFERROR(VLOOKUP($B65,'Plan HC for CCA'!$A:$B,2,0),"")) | AA65: =IF(OR($B65="",$Z65=""),"",IF(N($M65)<$Z65,"Delta","No Delta")) | AB65: =IF(OR($B65="",$Z65=""),"",MAX(0,$Z65-N($M65))) | AC65: =IF($B65="","",IFERROR(INDEX('CCA Util %'!$H:$H,MATCH($B65,'CCA Util %'!$E:$E,0)),"")) | AD65: =IF($B65="","",IFERROR(INDEX('CCA Util %'!$G:$G,MATCH($B65,'CCA Util %'!$E:$E,0)),"")) | AE65: =IF(OR($B65="",$U65=""),"",$U65&" & "&IF(OR($AD65="",$AD65=0),"Util NA",$AD65&" Util"))
A66: 46304 | B66: BLR-Devasandra Extension | C66: RETAIL_STORE | D66: No | E66: Bengaluru | F66: 5086 | G66: 0.46441211 | H66: 0.84123624 | I66: 0.986759 | J66: 0.84123624 | K66: 0 | L66: 0.95420473 | M66: 2 | N66: =IF($B66="","",IF($C66="SUPERSTORE","Superstore","DH")) | O66: =IF($B66="","",IFERROR(VLOOKUP($B66,Mapping!$A:$C,2,0),"Not Mapped")) | P66: =IF($B66="","",IFERROR(VLOOKUP($B66,Mapping!$A:$C,3,0),"Not Mapped")) | Q66: =IF($B66="","",IFERROR(VLOOKUP($O66,Leaders!$A:$B,2,0),"Not Mapped")) | R66: =IF($B66="","",IF(COUNTIF(Exclusions!$A:$A,$B66)>0,"Yes","No")) | S66: =IF($B66="","",MIN(1,DAY($A66)/IF($N66="Superstore",Settings!$B$5,Settings!$B$4))) | T66: =IF(OR($B66="",$G66="",$S66=0),"",$G66/$S66) | U66: =IF($T66="","",IF($T66<Settings!$B$8,"Critical",IF($T66<Settings!$B$9,"Semi Critical","Non Critical"))) | Z66: =IF($B66="","",IFERROR(VLOOKUP($B66,'Plan HC for CCA'!$A:$B,2,0),"")) | AA66: =IF(OR($B66="",$Z66=""),"",IF(N($M66)<$Z66,"Delta","No Delta")) | AB66: =IF(OR($B66="",$Z66=""),"",MAX(0,$Z66-N($M66))) | AC66: =IF($B66="","",IFERROR(INDEX('CCA Util %'!$H:$H,MATCH($B66,'CCA Util %'!$E:$E,0)),"")) | AD66: =IF($B66="","",IFERROR(INDEX('CCA Util %'!$G:$G,MATCH($B66,'CCA Util %'!$E:$E,0)),"")) | AE66: =IF(OR($B66="",$U66=""),"",$U66&" & "&IF(OR($AD66="",$AD66=0),"Util NA",$AD66&" Util"))
A67: 46304 | B67: BLR-Doddakannelli | C67: RETAIL_STORE | D67: Yes | E67: Bengaluru | F67: 4836 | G67: 0.38771712 | H67: 0.78506667 | I67: 0.963257 | J67: 0.78506667 | K67: 0.0040769525 | L67: 0.929739 | M67: 3 | N67: =IF($B67="","",IF($C67="SUPERSTORE","Superstore","DH")) | O67: =IF($B67="","",IFERROR(VLOOKUP($B67,Mapping!$A:$C,2,0),"Not Mapped")) | P67: =IF($B67="","",IFERROR(VLOOKUP($B67,Mapping!$A:$C,3,0),"Not Mapped")) | Q67: =IF($B67="","",IFERROR(VLOOKUP($O67,Leaders!$A:$B,2,0),"Not Mapped")) | R67: =IF($B67="","",IF(COUNTIF(Exclusions!$A:$A,$B67)>0,"Yes","No")) | S67: =IF($B67="","",MIN(1,DAY($A67)/IF($N67="Superstore",Settings!$B$5,Settings!$B$4))) | T67: =IF(OR($B67="",$G67="",$S67=0),"",$G67/$S67) | U67: =IF($T67="","",IF($T67<Settings!$B$8,"Critical",IF($T67<Settings!$B$9,"Semi Critical","Non Critical"))) | Z67: =IF($B67="","",IFERROR(VLOOKUP($B67,'Plan HC for CCA'!$A:$B,2,0),"")) | AA67: =IF(OR($B67="",$Z67=""),"",IF(N($M67)<$Z67,"Delta","No Delta")) | AB67: =IF(OR($B67="",$Z67=""),"",MAX(0,$Z67-N($M67))) | AC67: =IF($B67="","",IFERROR(INDEX('CCA Util %'!$H:$H,MATCH($B67,'CCA Util %'!$E:$E,0)),"")) | AD67: =IF($B67="","",IFERROR(INDEX('CCA Util %'!$G:$G,MATCH($B67,'CCA Util %'!$E:$E,0)),"")) | AE67: =IF(OR($B67="",$U67=""),"",$U67&" & "&IF(OR($AD67="",$AD67=0),"Util NA",$AD67&" Util"))
A68: 46304 | B68: BLR-Doddakannelli SS | C68: SUPERSTORE | D68: No | E68: Bengaluru | F68: 13860 | G68: 0.42352092 | H68: 0.97512777 | I68: 0.993546 | J68: 0.97512777 | K68: 0 | L68: 1 | M68: 2 | N68: =IF($B68="","",IF($C68="SUPERSTORE","Superstore","DH")) | O68: =IF($B68="","",IFERROR(VLOOKUP($B68,Mapping!$A:$C,2,0),"Not Mapped")) | P68: =IF($B68="","",IFERROR(VLOOKUP($B68,Mapping!$A:$C,3,0),"Not Mapped")) | Q68: =IF($B68="","",IFERROR(VLOOKUP($O68,Leaders!$A:$B,2,0),"Not Mapped")) | R68: =IF($B68="","",IF(COUNTIF(Exclusions!$A:$A,$B68)>0,"Yes","No")) | S68: =IF($B68="","",MIN(1,DAY($A68)/IF($N68="Superstore",Settings!$B$5,Settings!$B$4))) | T68: =IF(OR($B68="",$G68="",$S68=0),"",$G68/$S68) | U68: =IF($T68="","",IF($T68<Settings!$B$8,"Critical",IF($T68<Settings!$B$9,"Semi Critical","Non Critical"))) | Z68: =IF($B68="","",IFERROR(VLOOKUP($B68,'Plan HC for CCA'!$A:$B,2,0),"")) | AA68: =IF(OR($B68="",$Z68=""),"",IF(N($M68)<$Z68,"Delta","No Delta")) | AB68: =IF(OR($B68="",$Z68=""),"",MAX(0,$Z68-N($M68))) | AC68: =IF($B68="","",IFERROR(INDEX('CCA Util %'!$H:$H,MATCH($B68,'CCA Util %'!$E:$E,0)),"")) | AD68: =IF($B68="","",IFERROR(INDEX('CCA Util %'!$G:$G,MATCH($B68,'CCA Util %'!$E:$E,0)),"")) | AE68: =IF(OR($B68="",$U68=""),"",$U68&" & "&IF(OR($AD68="",$AD68=0),"Util NA",$AD68&" Util"))
A69: 46304 | B69: BLR-Doddanekundi | C69: RETAIL_STORE | D69: Yes | E69: Bengaluru | F69: 6269 | G69: 0.6761844 | H69: 0.86529842 | I69: 0.952809 | J69: 0.86529842 | K69: 0.0034311203 | L69: 0.96364995 | M69: 4 | N69: =IF($B69="","",IF($C69="SUPERSTORE","Superstore","DH")) | O69: =IF($B69="","",IFERROR(VLOOKUP($B69,Mapping!$A:$C,2,0),"Not Mapped")) | P69: =IF($B69="","",IFERROR(VLOOKUP($B69,Mapping!$A:$C,3,0),"Not Mapped")) | Q69: =IF($B69="","",IFERROR(VLOOKUP($O69,Leaders!$A:$B,2,0),"Not Mapped")) | R69: =IF($B69="","",IF(COUNTIF(Exclusions!$A:$A,$B69)>0,"Yes","No")) | S69: =IF($B69="","",MIN(1,DAY($A69)/IF($N69="Superstore",Settings!$B$5,Settings!$B$4))) | T69: =IF(OR($B69="",$G69="",$S69=0),"",$G69/$S69) | U69: =IF($T69="","",IF($T69<Settings!$B$8,"Critical",IF($T69<Settings!$B$9,"Semi Critical","Non Critical"))) | Z69: =IF($B69="","",IFERROR(VLOOKUP($B69,'Plan HC for CCA'!$A:$B,2,0),"")) | AA69: =IF(OR($B69="",$Z69=""),"",IF(N($M69)<$Z69,"Delta","No Delta")) | AB69: =IF(OR($B69="",$Z69=""),"",MAX(0,$Z69-N($M69))) | AC69: =IF($B69="","",IFERROR(INDEX('CCA Util %'!$H:$H,MATCH($B69,'CCA Util %'!$E:$E,0)),"")) | AD69: =IF($B69="","",IFERROR(INDEX('CCA Util %'!$G:$G,MATCH($B69,'CCA Util %'!$E:$E,0)),"")) | AE69: =IF(OR($B69="",$U69=""),"",$U69&" & "&IF(OR($AD69="",$AD69=0),"Util NA",$AD69&" Util"))
A70: 46304 | B70: BLR-Doddathoguru | C70: RETAIL_STORE | D70: Yes | E70: Bengaluru | F70: 4674 | G70: 0.6745828 | H70: 0.86298763 | I70: 0.966754 | J70: 0.86298763 | K70: 0 | L70: 0.96336321 | M70: 2 | N70: =IF($B70="","",IF($C70="SUPERSTORE","Superstore","DH")) | O70: =IF($B70="","",IFERROR(VLOOKUP($B70,Mapping!$A:$C,2,0),"Not Mapped")) | P70: =IF($B70="","",IFERROR(VLOOKUP($B70,Mapping!$A:$C,3,0),"Not Mapped")) | Q70: =IF($B70="","",IFERROR(VLOOKUP($O70,Leaders!$A:$B,2,0),"Not Mapped")) | R70: =IF($B70="","",IF(COUNTIF(Exclusions!$A:$A,$B70)>0,"Yes","No")) | S70: =IF($B70="","",MIN(1,DAY($A70)/IF($N70="Superstore",Settings!$B$5,Settings!$B$4))) | T70: =IF(OR($B70="",$G70="",$S70=0),"",$G70/$S70) | U70: =IF($T70="","",IF($T70<Settings!$B$8,"Critical",IF($T70<Settings!$B$9,"Semi Critical","Non Critical"))) | Z70: =IF($B70="","",IFERROR(VLOOKUP($B70,'Plan HC for CCA'!$A:$B,2,0),"")) | AA70: =IF(OR($B70="",$Z70=""),"",IF(N($M70)<$Z70,"Delta","No Delta")) | AB70: =IF(OR($B70="",$Z70=""),"",MAX(0,$Z70-N($M70))) | AC70: =IF($B70="","",IFERROR(INDEX('CCA Util %'!$H:$H,MATCH($B70,'CCA Util %'!$E:$E,0)),"")) | AD70: =IF($B70="","",IFERROR(INDEX('CCA Util %'!$G:$G,MATCH($B70,'CCA Util %'!$E:$E,0)),"")) | AE70: =IF(OR($B70="",$U70=""),"",$U70&" & "&IF(OR($AD70="",$AD70=0),"Util NA",$AD70&" Util"))
A71: 46304 | B71: BLR-Doomasandra | C71: RETAIL_STORE | D71: Yes | E71: Bengaluru | F71: 5728 | G71: 0.93907123 | H71: 0.87209518 | I71: 0.940264 | K71: 0 | L71: 0.96719797 | M71: 1 | N71: =IF($B71="","",IF($C71="SUPERSTORE","Superstore","DH")) | O71: =IF($B71="","",IFERROR(VLOOKUP($B71,Mapping!$A:$C,2,0),"Not Mapped")) | P71: =IF($B71="","",IFERROR(VLOOKUP($B71,Mapping!$A:$C,3,0),"Not Mapped")) | Q71: =IF($B71="","",IFERROR(VLOOKUP($O71,Leaders!$A:$B,2,0),"Not Mapped")) | R71: =IF($B71="","",IF(COUNTIF(Exclusions!$A:$A,$B71)>0,"Yes","No")) | S71: =IF($B71="","",MIN(1,DAY($A71)/IF($N71="Superstore",Settings!$B$5,Settings!$B$4))) | T71: =IF(OR($B71="",$G71="",$S71=0),"",$G71/$S71) | U71: =IF($T71="","",IF($T71<Settings!$B$8,"Critical",IF($T71<Settings!$B$9,"Semi Critical","Non Critical"))) | Z71: =IF($B71="","",IFERROR(VLOOKUP($B71,'Plan HC for CCA'!$A:$B,2,0),"")) | AA71: =IF(OR($B71="",$Z71=""),"",IF(N($M71)<$Z71,"Delta","No Delta")) | AB71: =IF(OR($B71="",$Z71=""),"",MAX(0,$Z71-N($M71))) | AC71: =IF($B71="","",IFERROR(INDEX('CCA Util %'!$H:$H,MATCH($B71,'CCA Util %'!$E:$E,0)),"")) | AD71: =IF($B71="","",IFERROR(INDEX('CCA Util %'!$G:$G,MATCH($B71,'CCA Util %'!$E:$E,0)),"")) | AE71: =IF(OR($B71="",$U71=""),"",$U71&" & "&IF(OR($AD71="",$AD71=0),"Util NA",$AD71&" Util"))
A72: 46304 | B72: BLR-Dooravani Nagar | C72: RETAIL_STORE | D72: Yes | E72: Bengaluru | F72: 5704 | G72: 0.56521739 | H72: 0.73169975 | I72: 0.939764 | J72: 0.73169975 | K72: 0.0023866348 | L72: 0.90760678 | M72: 7 | N72: =IF($B72="","",IF($C72="SUPERSTORE","Superstore","DH")) | O72: =IF($B72="","",IFERROR(VLOOKUP($B72,Mapping!$A:$C,2,0),"Not Mapped")) | P72: =IF($B72="","",IFERROR(VLOOKUP($B72,Mapping!$A:$C,3,0),"Not Mapped")) | Q72: =IF($B72="","",IFERROR(VLOOKUP($O72,Leaders!$A:$B,2,0),"Not Mapped")) | R72: =IF($B72="","",IF(COUNTIF(Exclusions!$A:$A,$B72)>0,"Yes","No")) | S72: =IF($B72="","",MIN(1,DAY($A72)/IF($N72="Superstore",Settings!$B$5,Settings!$B$4))) | T72: =IF(OR($B72="",$G72="",$S72=0),"",$G72/$S72) | U72: =IF($T72="","",IF($T72<Settings!$B$8,"Critical",IF($T72<Settings!$B$9,"Semi Critical","Non Critical"))) | Z72: =IF($B72="","",IFERROR(VLOOKUP($B72,'Plan HC for CCA'!$A:$B,2,0),"")) | AA72: =IF(OR($B72="",$Z72=""),"",IF(N($M72)<$Z72,"Delta","No Delta")) | AB72: =IF(OR($B72="",$Z72=""),"",MAX(0,$Z72-N($M72))) | AC72: =IF($B72="","",IFERROR(INDEX('CCA Util %'!$H:$H,MATCH($B72,'CCA Util %'!$E:$E,0)),"")) | AD72: =IF($B72="","",IFERROR(INDEX('CCA Util %'!$G:$G,MATCH($B72,'CCA Util %'!$E:$E,0)),"")) | AE72: =IF(OR($B72="",$U72=""),"",$U72&" & "&IF(OR($AD72="",$AD72=0),"Util NA",$AD72&" Util"))
A73: 46304 | B73: BLR-Dooravani Nagar SS | C73: SUPERSTORE | D73: No | E73: Bengaluru | F73: 12201 | G73: 0.30243423 | H73: 0.91924119 | I73: 0.968405 | J73: 0.91924119 | K73: 0 | L73: 0.98704892 | M73: 3 | N73: =IF($B73="","",IF($C73="SUPERSTORE","Superstore","DH")) | O73: =IF($B73="","",IFERROR(VLOOKUP($B73,Mapping!$A:$C,2,0),"Not Mapped")) | P73: =IF($B73="","",IFERROR(VLOOKUP($B73,Mapping!$A:$C,3,0),"Not Mapped")) | Q73: =IF($B73="","",IFERROR(VLOOKUP($O73,Leaders!$A:$B,2,0),"Not Mapped")) | R73: =IF($B73="","",IF(COUNTIF(Exclusions!$A:$A,$B73)>0,"Yes","No")) | S73: =IF($B73="","",MIN(1,DAY($A73)/IF($N73="Superstore",Settings!$B$5,Settings!$B$4))) | T73: =IF(OR($B73="",$G73="",$S73=0),"",$G73/$S73) | U73: =IF($T73="","",IF($T73<Settings!$B$8,"Critical",IF($T73<Settings!$B$9,"Semi Critical","Non Critical"))) | Z73: =IF($B73="","",IFERROR(VLOOKUP($B73,'Plan HC for CCA'!$A:$B,2,0),"")) | AA73: =IF(OR($B73="",$Z73=""),"",IF(N($M73)<$Z73,"Delta","No Delta")) | AB73: =IF(OR($B73="",$Z73=""),"",MAX(0,$Z73-N($M73))) | AC73: =IF($B73="","",IFERROR(INDEX('CCA Util %'!$H:$H,MATCH($B73,'CCA Util %'!$E:$E,0)),"")) | AD73: =IF($B73="","",IFERROR(INDEX('CCA Util %'!$G:$G,MATCH($B73,'CCA Util %'!$E:$E,0)),"")) | AE73: =IF(OR($B73="",$U73=""),"",$U73&" & "&IF(OR($AD73="",$AD73=0),"Util NA",$AD73&" Util"))
A74: 46304 | B74: BLR-Eldorado | C74: RETAIL_STORE | D74: Yes | E74: Bengaluru | F74: 5759 | G74: 0.09116166 | H74: 0.85333333 | I74: 0.936356 | K74: 0 | L74: 0.95929825 | N74: =IF($B74="","",IF($C74="SUPERSTORE","Superstore","DH")) | O74: =IF($B74="","",IFERROR(VLOOKUP($B74,Mapping!$A:$C,2,0),"Not Mapped")) | P74: =IF($B74="","",IFERROR(VLOOKUP($B74,Mapping!$A:$C,3,0),"Not Mapped")) | Q74: =IF($B74="","",IFERROR(VLOOKUP($O74,Leaders!$A:$B,2,0),"Not Mapped")) | R74: =IF($B74="","",IF(COUNTIF(Exclusions!$A:$A,$B74)>0,"Yes","No")) | S74: =IF($B74="","",MIN(1,DAY($A74)/IF($N74="Superstore",Settings!$B$5,Settings!$B$4))) | T74: =IF(OR($B74="",$G74="",$S74=0),"",$G74/$S74) | U74: =IF($T74="","",IF($T74<Settings!$B$8,"Critical",IF($T74<Settings!$B$9,"Semi Critical","Non Critical"))) | V74: New Store – CCA Not Nominated | Z74: =IF($B74="","",IFERROR(VLOOKUP($B74,'Plan HC for CCA'!$A:$B,2,0),"")) | AA74: =IF(OR($B74="",$Z74=""),"",IF(N($M74)<$Z74,"Delta","No Delta")) | AB74: =IF(OR($B74="",$Z74=""),"",MAX(0,$Z74-N($M74))) | AC74: =IF($B74="","",IFERROR(INDEX('CCA Util %'!$H:$H,MATCH($B74,'CCA Util %'!$E:$E,0)),"")) | AD74: =IF($B74="","",IFERROR(INDEX('CCA Util %'!$G:$G,MATCH($B74,'CCA Util %'!$E:$E,0)),"")) | AE74: =IF(OR($B74="",$U74=""),"",$U74&" & "&IF(OR($AD74="",$AD74=0),"Util NA",$AD74&" Util"))
A75: 46304 | B75: BLR-Electronic City Network-2 | C75: RETAIL_STORE | D75: Yes | E75: Bengaluru | F75: 5625 | G75: 0.84622222 | H75: 0.87689076 | I75: 0.962184 | J75: 0.87689076 | K75: 0 | L75: 0.96921716 | M75: 5 | N75: =IF($B75="","",IF($C75="SUPERSTORE","Superstore","DH")) | O75: =IF($B75="","",IFERROR(VLOOKUP($B75,Mapping!$A:$C,2,0),"Not Mapped")) | P75: =IF($B75="","",IFERROR(VLOOKUP($B75,Mapping!$A:$C,3,0),"Not Mapped")) | Q75: =IF($B75="","",IFERROR(VLOOKUP($O75,Leaders!$A:$B,2,0),"Not Mapped")) | R75: =IF($B75="","",IF(COUNTIF(Exclusions!$A:$A,$B75)>0,"Yes","No")) | S75: =IF($B75="","",MIN(1,DAY($A75)/IF($N75="Superstore",Settings!$B$5,Settings!$B$4))) | T75: =IF(OR($B75="",$G75="",$S75=0),"",$G75/$S75) | U75: =IF($T75="","",IF($T75<Settings!$B$8,"Critical",IF($T75<Settings!$B$9,"Semi Critical","Non Critical"))) | Z75: =IF($B75="","",IFERROR(VLOOKUP($B75,'Plan HC for CCA'!$A:$B,2,0),"")) | AA75: =IF(OR($B75="",$Z75=""),"",IF(N($M75)<$Z75,"Delta","No Delta")) | AB75: =IF(OR($B75="",$Z75=""),"",MAX(0,$Z75-N($M75))) | AC75: =IF($B75="","",IFERROR(INDEX('CCA Util %'!$H:$H,MATCH($B75,'CCA Util %'!$E:$E,0)),"")) | AD75: =IF($B75="","",IFERROR(INDEX('CCA Util %'!$G:$G,MATCH($B75,'CCA Util %'!$E:$E,0)),"")) | AE75: =IF(OR($B75="",$U75=""),"",$U75&" & "&IF(OR($AD75="",$AD75=0),"Util NA",$AD75&" Util"))
A76: 46304 | B76: BLR-Electronic City New | C76: RETAIL_STORE | D76: Yes | E76: Bengaluru | F76: 6333 | G76: 0.68608874 | H76: 0.88239356 | I76: 0.967898 | J76: 0.88239356 | K76: 0 | L76: 0.97153413 | M76: 4 | N76: =IF($B76="","",IF($C76="SUPERSTORE","Superstore","DH")) | O76: =IF($B76="","",IFERROR(VLOOKUP($B76,Mapping!$A:$C,2,0),"Not Mapped")) | P76: =IF($B76="","",IFERROR(VLOOKUP($B76,Mapping!$A:$C,3,0),"Not Mapped")) | Q76: =IF($B76="","",IFERROR(VLOOKUP($O76,Leaders!$A:$B,2,0),"Not Mapped")) | R76: =IF($B76="","",IF(COUNTIF(Exclusions!$A:$A,$B76)>0,"Yes","No")) | S76: =IF($B76="","",MIN(1,DAY($A76)/IF($N76="Superstore",Settings!$B$5,Settings!$B$4))) | T76: =IF(OR($B76="",$G76="",$S76=0),"",$G76/$S76) | U76: =IF($T76="","",IF($T76<Settings!$B$8,"Critical",IF($T76<Settings!$B$9,"Semi Critical","Non Critical"))) | Z76: =IF($B76="","",IFERROR(VLOOKUP($B76,'Plan HC for CCA'!$A:$B,2,0),"")) | AA76: =IF(OR($B76="",$Z76=""),"",IF(N($M76)<$Z76,"Delta","No Delta")) | AB76: =IF(OR($B76="",$Z76=""),"",MAX(0,$Z76-N($M76))) | AC76: =IF($B76="","",IFERROR(INDEX('CCA Util %'!$H:$H,MATCH($B76,'CCA Util %'!$E:$E,0)),"")) | AD76: =IF($B76="","",IFERROR(INDEX('CCA Util %'!$G:$G,MATCH($B76,'CCA Util %'!$E:$E,0)),"")) | AE76: =IF(OR($B76="",$U76=""),"",$U76&" & "&IF(OR($AD76="",$AD76=0),"Util NA",$AD76&" Util"))
A77: 46304 | B77: BLR-Electronic City SS | C77: SUPERSTORE | D77: No | E77: Bengaluru | F77: 11048 | G77: 0.27090876 | H77: 0.96926161 | I77: 0.992463 | J77: 0.90445678 | K77: 0 | L77: 0.973256 | M77: 1 | N77: =IF($B77="","",IF($C77="SUPERSTORE","Superstore","DH")) | O77: =IF($B77="","",IFERROR(VLOOKUP($B77,Mapping!$A:$C,2,0),"Not Mapped")) | P77: =IF($B77="","",IFERROR(VLOOKUP($B77,Mapping!$A:$C,3,0),"Not Mapped")) | Q77: =IF($B77="","",IFERROR(VLOOKUP($O77,Leaders!$A:$B,2,0),"Not Mapped")) | R77: =IF($B77="","",IF(COUNTIF(Exclusions!$A:$A,$B77)>0,"Yes","No")) | S77: =IF($B77="","",MIN(1,DAY($A77)/IF($N77="Superstore",Settings!$B$5,Settings!$B$4))) | T77: =IF(OR($B77="",$G77="",$S77=0),"",$G77/$S77) | U77: =IF($T77="","",IF($T77<Settings!$B$8,"Critical",IF($T77<Settings!$B$9,"Semi Critical","Non Critical"))) | Z77: =IF($B77="","",IFERROR(VLOOKUP($B77,'Plan HC for CCA'!$A:$B,2,0),"")) | AA77: =IF(OR($B77="",$Z77=""),"",IF(N($M77)<$Z77,"Delta","No Delta")) | AB77: =IF(OR($B77="",$Z77=""),"",MAX(0,$Z77-N($M77))) | AC77: =IF($B77="","",IFERROR(INDEX('CCA Util %'!$H:$H,MATCH($B77,'CCA Util %'!$E:$E,0)),"")) | AD77: =IF($B77="","",IFERROR(INDEX('CCA Util %'!$G:$G,MATCH($B77,'CCA Util %'!$E:$E,0)),"")) | AE77: =IF(OR($B77="",$U77=""),"",$U77&" & "&IF(OR($AD77="",$AD77=0),"Util NA",$AD77&" Util"))
A78: 46304 | B78: BLR-Electronic city network | C78: RETAIL_STORE | D78: Yes | E78: Bengaluru | F78: 5311 | G78: 0.62718885 | H78: 0.76223356 | I78: 0.942199 | J78: 0.76223356 | K78: 0.015925378 | L78: 0.91775537 | M78: 5 | N78: =IF($B78="","",IF($C78="SUPERSTORE","Superstore","DH")) | O78: =IF($B78="","",IFERROR(VLOOKUP($B78,Mapping!$A:$C,2,0),"Not Mapped")) | P78: =IF($B78="","",IFERROR(VLOOKUP($B78,Mapping!$A:$C,3,0),"Not Mapped")) | Q78: =IF($B78="","",IFERROR(VLOOKUP($O78,Leaders!$A:$B,2,0),"Not Mapped")) | R78: =IF($B78="","",IF(COUNTIF(Exclusions!$A:$A,$B78)>0,"Yes","No")) | S78: =IF($B78="","",MIN(1,DAY($A78)/IF($N78="Superstore",Settings!$B$5,Settings!$B$4))) | T78: =IF(OR($B78="",$G78="",$S78=0),"",$G78/$S78) | U78: =IF($T78="","",IF($T78<Settings!$B$8,"Critical",IF($T78<Settings!$B$9,"Semi Critical","Non Critical"))) | Z78: =IF($B78="","",IFERROR(VLOOKUP($B78,'Plan HC for CCA'!$A:$B,2,0),"")) | AA78: =IF(OR($B78="",$Z78=""),"",IF(N($M78)<$Z78,"Delta","No Delta")) | AB78: =IF(OR($B78="",$Z78=""),"",MAX(0,$Z78-N($M78))) | AC78: =IF($B78="","",IFERROR(INDEX('CCA Util %'!$H:$H,MATCH($B78,'CCA Util %'!$E:$E,0)),"")) | AD78: =IF($B78="","",IFERROR(INDEX('CCA Util %'!$G:$G,MATCH($B78,'CCA Util %'!$E:$E,0)),"")) | AE78: =IF(OR($B78="",$U78=""),"",$U78&" & "&IF(OR($AD78="",$AD78=0),"Util NA",$AD78&" Util"))
A79: 46304 | B79: BLR-GUNJUR Network | C79: RETAIL_STORE | D79: Yes | E79: Bengaluru | F79: 4445 | G79: 0.73003375 | H79: 0.82742681 | I79: 0.952871 | J79: 0.82742681 | K79: 0 | L79: 0.94839024 | M79: 5 | N79: =IF($B79="","",IF($C79="SUPERSTORE","Superstore","DH")) | O79: =IF($B79="","",IFERROR(VLOOKUP($B79,Mapping!$A:$C,2,0),"Not Mapped")) | P79: =IF($B79="","",IFERROR(VLOOKUP($B79,Mapping!$A:$C,3,0),"Not Mapped")) | Q79: =IF($B79="","",IFERROR(VLOOKUP($O79,Leaders!$A:$B,2,0),"Not Mapped")) | R79: =IF($B79="","",IF(COUNTIF(Exclusions!$A:$A,$B79)>0,"Yes","No")) | S79: =IF($B79="","",MIN(1,DAY($A79)/IF($N79="Superstore",Settings!$B$5,Settings!$B$4))) | T79: =IF(OR($B79="",$G79="",$S79=0),"",$G79/$S79) | U79: =IF($T79="","",IF($T79<Settings!$B$8,"Critical",IF($T79<Settings!$B$9,"Semi Critical","Non Critical"))) | Z79: =IF($B79="","",IFERROR(VLOOKUP($B79,'Plan HC for CCA'!$A:$B,2,0),"")) | AA79: =IF(OR($B79="",$Z79=""),"",IF(N($M79)<$Z79,"Delta","No Delta")) | AB79: =IF(OR($B79="",$Z79=""),"",MAX(0,$Z79-N($M79))) | AC79: =IF($B79="","",IFERROR(INDEX('CCA Util %'!$H:$H,MATCH($B79,'CCA Util %'!$E:$E,0)),"")) | AD79: =IF($B79="","",IFERROR(INDEX('CCA Util %'!$G:$G,MATCH($B79,'CCA Util %'!$E:$E,0)),"")) | AE79: =IF(OR($B79="",$U79=""),"",$U79&" & "&IF(OR($AD79="",$AD79=0),"Util NA",$AD79&" Util"))
A80: 46304 | B80: BLR-Garudachar Palya | C80: RETAIL_STORE | D80: Yes | E80: Bengaluru | F80: 6001 | G80: 0.50758207 | H80: 0.7757715 | I80: 0.930853 | J80: 0.7757715 | K80: 0 | L80: 0.92664063 | M80: 5 | N80: =IF($B80="","",IF($C80="SUPERSTORE","Superstore","DH")) | O80: =IF($B80="","",IFERROR(VLOOKUP($B80,Mapping!$A:$C,2,0),"Not Mapped")) | P80: =IF($B80="","",IFERROR(VLOOKUP($B80,Mapping!$A:$C,3,0),"Not Mapped")) | Q80: =IF($B80="","",IFERROR(VLOOKUP($O80,Leaders!$A:$B,2,0),"Not Mapped")) | R80: =IF($B80="","",IF(COUNTIF(Exclusions!$A:$A,$B80)>0,"Yes","No")) | S80: =IF($B80="","",MIN(1,DAY($A80)/IF($N80="Superstore",Settings!$B$5,Settings!$B$4))) | T80: =IF(OR($B80="",$G80="",$S80=0),"",$G80/$S80) | U80: =IF($T80="","",IF($T80<Settings!$B$8,"Critical",IF($T80<Settings!$B$9,"Semi Critical","Non Critical"))) | Z80: =IF($B80="","",IFERROR(VLOOKUP($B80,'Plan HC for CCA'!$A:$B,2,0),"")) | AA80: =IF(OR($B80="",$Z80=""),"",IF(N($M80)<$Z80,"Delta","No Delta")) | AB80: =IF(OR($B80="",$Z80=""),"",MAX(0,$Z80-N($M80))) | AC80: =IF($B80="","",IFERROR(INDEX('CCA Util %'!$H:$H,MATCH($B80,'CCA Util %'!$E:$E,0)),"")) | AD80: =IF($B80="","",IFERROR(INDEX('CCA Util %'!$G:$G,MATCH($B80,'CCA Util %'!$E:$E,0)),"")) | AE80: =IF(OR($B80="",$U80=""),"",$U80&" & "&IF(OR($AD80="",$AD80=0),"Util NA",$AD80&" Util"))
A81: 46304 | B81: BLR-Golahalli | C81: RETAIL_STORE | D81: Yes | E81: Bengaluru | F81: 5732 | G81: 0.73778786 | H81: 0.94632301 | I81: 0.984736 | J81: 0.94632301 | K81: 0 | L81: 0.99845179 | M81: 3 | N81: =IF($B81="","",IF($C81="SUPERSTORE","Superstore","DH")) | O81: =IF($B81="","",IFERROR(VLOOKUP($B81,Mapping!$A:$C,2,0),"Not Mapped")) | P81: =IF($B81="","",IFERROR(VLOOKUP($B81,Mapping!$A:$C,3,0),"Not Mapped")) | Q81: =IF($B81="","",IFERROR(VLOOKUP($O81,Leaders!$A:$B,2,0),"Not Mapped")) | R81: =IF($B81="","",IF(COUNTIF(Exclusions!$A:$A,$B81)>0,"Yes","No")) | S81: =IF($B81="","",MIN(1,DAY($A81)/IF($N81="Superstore",Settings!$B$5,Settings!$B$4))) | T81: =IF(OR($B81="",$G81="",$S81=0),"",$G81/$S81) | U81: =IF($T81="","",IF($T81<Settings!$B$8,"Critical",IF($T81<Settings!$B$9,"Semi Critical","Non Critical"))) | Z81: =IF($B81="","",IFERROR(VLOOKUP($B81,'Plan HC for CCA'!$A:$B,2,0),"")) | AA81: =IF(OR($B81="",$Z81=""),"",IF(N($M81)<$Z81,"Delta","No Delta")) | AB81: =IF(OR($B81="",$Z81=""),"",MAX(0,$Z81-N($M81))) | AC81: =IF($B81="","",IFERROR(INDEX('CCA Util %'!$H:$H,MATCH($B81,'CCA Util %'!$E:$E,0)),"")) | AD81: =IF($B81="","",IFERROR(INDEX('CCA Util %'!$G:$G,MATCH($B81,'CCA Util %'!$E:$E,0)),"")) | AE81: =IF(OR($B81="",$U81=""),"",$U81&" & "&IF(OR($AD81="",$AD81=0),"Util NA",$AD81&" Util"))
A82: 46304 | B82: BLR-Goraguntepalya | C82: RETAIL_STORE | D82: Yes | E82: Bengaluru | F82: 4812 | G82: 0.97256858 | H82: 0.95277778 | I82: 0.987687 | J82: 0.95277778 | K82: 0 | L82: 1 | M82: 3 | N82: =IF($B82="","",IF($C82="SUPERSTORE","Superstore","DH")) | O82: =IF($B82="","",IFERROR(VLOOKUP($B82,Mapping!$A:$C,2,0),"Not Mapped")) | P82: =IF($B82="","",IFERROR(VLOOKUP($B82,Mapping!$A:$C,3,0),"Not Mapped")) | Q82: =IF($B82="","",IFERROR(VLOOKUP($O82,Leaders!$A:$B,2,0),"Not Mapped")) | R82: =IF($B82="","",IF(COUNTIF(Exclusions!$A:$A,$B82)>0,"Yes","No")) | S82: =IF($B82="","",MIN(1,DAY($A82)/IF($N82="Superstore",Settings!$B$5,Settings!$B$4))) | T82: =IF(OR($B82="",$G82="",$S82=0),"",$G82/$S82) | U82: =IF($T82="","",IF($T82<Settings!$B$8,"Critical",IF($T82<Settings!$B$9,"Semi Critical","Non Critical"))) | Z82: =IF($B82="","",IFERROR(VLOOKUP($B82,'Plan HC for CCA'!$A:$B,2,0),"")) | AA82: =IF(OR($B82="",$Z82=""),"",IF(N($M82)<$Z82,"Delta","No Delta")) | AB82: =IF(OR($B82="",$Z82=""),"",MAX(0,$Z82-N($M82))) | AC82: =IF($B82="","",IFERROR(INDEX('CCA Util %'!$H:$H,MATCH($B82,'CCA Util %'!$E:$E,0)),"")) | AD82: =IF($B82="","",IFERROR(INDEX('CCA Util %'!$G:$G,MATCH($B82,'CCA Util %'!$E:$E,0)),"")) | AE82: =IF(OR($B82="",$U82=""),"",$U82&" & "&IF(OR($AD82="",$AD82=0),"Util NA",$AD82&" Util"))
A83: 46304 | B83: BLR-Gunjur New | C83: RETAIL_STORE | D83: Yes | E83: Bengaluru | F83: 6860 | G83: 0.48163265 | H83: 0.84836562 | I83: 0.926274 | J83: 0.84836562 | K83: 0.016059538 | L83: 0.95399467 | M83: 4 | N83: =IF($B83="","",IF($C83="SUPERSTORE","Superstore","DH")) | O83: =IF($B83="","",IFERROR(VLOOKUP($B83,Mapping!$A:$C,2,0),"Not Mapped")) | P83: =IF($B83="","",IFERROR(VLOOKUP($B83,Mapping!$A:$C,3,0),"Not Mapped")) | Q83: =IF($B83="","",IFERROR(VLOOKUP($O83,Leaders!$A:$B,2,0),"Not Mapped")) | R83: =IF($B83="","",IF(COUNTIF(Exclusions!$A:$A,$B83)>0,"Yes","No")) | S83: =IF($B83="","",MIN(1,DAY($A83)/IF($N83="Superstore",Settings!$B$5,Settings!$B$4))) | T83: =IF(OR($B83="",$G83="",$S83=0),"",$G83/$S83) | U83: =IF($T83="","",IF($T83<Settings!$B$8,"Critical",IF($T83<Settings!$B$9,"Semi Critical","Non Critical"))) | Z83: =IF($B83="","",IFERROR(VLOOKUP($B83,'Plan HC for CCA'!$A:$B,2,0),"")) | AA83: =IF(OR($B83="",$Z83=""),"",IF(N($M83)<$Z83,"Delta","No Delta")) | AB83: =IF(OR($B83="",$Z83=""),"",MAX(0,$Z83-N($M83))) | AC83: =IF($B83="","",IFERROR(INDEX('CCA Util %'!$H:$H,MATCH($B83,'CCA Util %'!$E:$E,0)),"")) | AD83: =IF($B83="","",IFERROR(INDEX('CCA Util %'!$G:$G,MATCH($B83,'CCA Util %'!$E:$E,0)),"")) | AE83: =IF(OR($B83="",$U83=""),"",$U83&" & "&IF(OR($AD83="",$AD83=0),"Util NA",$AD83&" Util"))
A84: 46304 | B84: BLR-HBR Layout | C84: RETAIL_STORE | D84: Yes | E84: Bengaluru | F84: 5124 | G84: 0.43871975 | H84: 0.83140569 | I84: 0.884459 | J84: 0.83140569 | K84: 0 | L84: 0.95006556 | M84: 3 | N84: =IF($B84="","",IF($C84="SUPERSTORE","Superstore","DH")) | O84: =IF($B84="","",IFERROR(VLOOKUP($B84,Mapping!$A:$C,2,0),"Not Mapped")) | P84: =IF($B84="","",IFERROR(VLOOKUP($B84,Mapping!$A:$C,3,0),"Not Mapped")) | Q84: =IF($B84="","",IFERROR(VLOOKUP($O84,Leaders!$A:$B,2,0),"Not Mapped")) | R84: =IF($B84="","",IF(COUNTIF(Exclusions!$A:$A,$B84)>0,"Yes","No")) | S84: =IF($B84="","",MIN(1,DAY($A84)/IF($N84="Superstore",Settings!$B$5,Settings!$B$4))) | T84: =IF(OR($B84="",$G84="",$S84=0),"",$G84/$S84) | U84: =IF($T84="","",IF($T84<Settings!$B$8,"Critical",IF($T84<Settings!$B$9,"Semi Critical","Non Critical"))) | Z84: =IF($B84="","",IFERROR(VLOOKUP($B84,'Plan HC for CCA'!$A:$B,2,0),"")) | AA84: =IF(OR($B84="",$Z84=""),"",IF(N($M84)<$Z84,"Delta","No Delta")) | AB84: =IF(OR($B84="",$Z84=""),"",MAX(0,$Z84-N($M84))) | AC84: =IF($B84="","",IFERROR(INDEX('CCA Util %'!$H:$H,MATCH($B84,'CCA Util %'!$E:$E,0)),"")) | AD84: =IF($B84="","",IFERROR(INDEX('CCA Util %'!$G:$G,MATCH($B84,'CCA Util %'!$E:$E,0)),"")) | AE84: =IF(OR($B84="",$U84=""),"",$U84&" & "&IF(OR($AD84="",$AD84=0),"Util NA",$AD84&" Util"))
A85: 46304 | B85: BLR-HEBBAL NEW | C85: RETAIL_STORE | D85: No | E85: Bengaluru | F85: 7468 | G85: 0.73942153 | H85: 0.91379935 | I85: 0.975405 | J85: 0.91379935 | K85: 0 | L85: 0.98475762 | M85: 4 | N85: =IF($B85="","",IF($C85="SUPERSTORE","Superstore","DH")) | O85: =IF($B85="","",IFERROR(VLOOKUP($B85,Mapping!$A:$C,2,0),"Not Mapped")) | P85: =IF($B85="","",IFERROR(VLOOKUP($B85,Mapping!$A:$C,3,0),"Not Mapped")) | Q85: =IF($B85="","",IFERROR(VLOOKUP($O85,Leaders!$A:$B,2,0),"Not Mapped")) | R85: =IF($B85="","",IF(COUNTIF(Exclusions!$A:$A,$B85)>0,"Yes","No")) | S85: =IF($B85="","",MIN(1,DAY($A85)/IF($N85="Superstore",Settings!$B$5,Settings!$B$4))) | T85: =IF(OR($B85="",$G85="",$S85=0),"",$G85/$S85) | U85: =IF($T85="","",IF($T85<Settings!$B$8,"Critical",IF($T85<Settings!$B$9,"Semi Critical","Non Critical"))) | Z85: =IF($B85="","",IFERROR(VLOOKUP($B85,'Plan HC for CCA'!$A:$B,2,0),"")) | AA85: =IF(OR($B85="",$Z85=""),"",IF(N($M85)<$Z85,"Delta","No Delta")) | AB85: =IF(OR($B85="",$Z85=""),"",MAX(0,$Z85-N($M85))) | AC85: =IF($B85="","",IFERROR(INDEX('CCA Util %'!$H:$H,MATCH($B85,'CCA Util %'!$E:$E,0)),"")) | AD85: =IF($B85="","",IFERROR(INDEX('CCA Util %'!$G:$G,MATCH($B85,'CCA Util %'!$E:$E,0)),"")) | AE85: =IF(OR($B85="",$U85=""),"",$U85&" & "&IF(OR($AD85="",$AD85=0),"Util NA",$AD85&" Util"))
A86: 46304 | B86: BLR-HSR Layout New | C86: RETAIL_STORE | D86: Yes | E86: Bengaluru | F86: 6691 | G86: 0.28650426 | H86: 0.72404799 | I86: 0.873491 | J86: 0.7145369 | K86: 0 | L86: 0.89960831 | M86: 4 | N86: =IF($B86="","",IF($C86="SUPERSTORE","Superstore","DH")) | O86: =IF($B86="","",IFERROR(VLOOKUP($B86,Mapping!$A:$C,2,0),"Not Mapped")) | P86: =IF($B86="","",IFERROR(VLOOKUP($B86,Mapping!$A:$C,3,0),"Not Mapped")) | Q86: =IF($B86="","",IFERROR(VLOOKUP($O86,Leaders!$A:$B,2,0),"Not Mapped")) | R86: =IF($B86="","",IF(COUNTIF(Exclusions!$A:$A,$B86)>0,"Yes","No")) | S86: =IF($B86="","",MIN(1,DAY($A86)/IF($N86="Superstore",Settings!$B$5,Settings!$B$4))) | T86: =IF(OR($B86="",$G86="",$S86=0),"",$G86/$S86) | U86: =IF($T86="","",IF($T86<Settings!$B$8,"Critical",IF($T86<Settings!$B$9,"Semi Critical","Non Critical"))) | Z86: =IF($B86="","",IFERROR(VLOOKUP($B86,'Plan HC for CCA'!$A:$B,2,0),"")) | AA86: =IF(OR($B86="",$Z86=""),"",IF(N($M86)<$Z86,"Delta","No Delta")) | AB86: =IF(OR($B86="",$Z86=""),"",MAX(0,$Z86-N($M86))) | AC86: =IF($B86="","",IFERROR(INDEX('CCA Util %'!$H:$H,MATCH($B86,'CCA Util %'!$E:$E,0)),"")) | AD86: =IF($B86="","",IFERROR(INDEX('CCA Util %'!$G:$G,MATCH($B86,'CCA Util %'!$E:$E,0)),"")) | AE86: =IF(OR($B86="",$U86=""),"",$U86&" & "&IF(OR($AD86="",$AD86=0),"Util NA",$AD86&" Util"))
... A89: 46304 | B89: BLR-HSR-3 | C89: RETAIL_STORE | D89: Yes | E89: Bengaluru | F89: 8449 | G89: 0.72032193 | H89: 0.83733158 | I89: 0.948024 | J89: 0.83733158 | K89: 0.0073409462 | L89: 0.95109248 | M89: 8 | N89: =IF($B89="","",IF($C89="SUPERSTORE","Superstore","DH")) | O89: =IF($B89="","",IFERROR(VLOOKUP($B89,Mapping!$A:$C,2,0),"Not Mapped")) | P89: =IF($B89="","",IFERROR(VLOOKUP($B89,Mapping!$A:$C,3,0),"Not Mapped")) | Q89: =IF($B89="","",IFERROR(VLOOKUP($O89,Leaders!$A:$B,2,0),"Not Mapped")) | R89: =IF($B89="","",IF(COUNTIF(Exclusions!$A:$A,$B89)>0,"Yes","No")) | S89: =IF($B89="","",MIN(1,DAY($A89)/IF($N89="Superstore",Settings!$B$5,Settings!$B$4))) | T89: =IF(OR($B89="",$G89="",$S89=0),"",$G89/$S89) | U89: =IF($T89="","",IF($T89<Settings!$B$8,"Critical",IF($T89<Settings!$B$9,"Semi Critical","Non Critical"))) | Z89: =IF($B89="","",IFERROR(VLOOKUP($B89,'Plan HC for CCA'!$A:$B,2,0),"")) | AA89: =IF(OR($B89="",$Z89=""),"",IF(N($M89)<$Z89,"Delta","No Delta")) | AB89: =IF(OR($B89="",$Z89=""),"",MAX(0,$Z89-N($M89))) | AC89: =IF($B89="","",IFERROR(INDEX('CCA Util %'!$H:$H,MATCH($B89,'CCA Util %'!$E:$E,0)),"")) | AD89: =IF($B89="","",IFERROR(INDEX('CCA Util %'!$G:$G,MATCH($B89,'CCA Util %'!$E:$E,0)),"")) | AE89: =IF(OR($B89="",$U89=""),"",$U89&" & "&IF(OR($AD89="",$AD89=0),"Util NA",$AD89&" Util"))
A90: 46304 | B90: BLR-HSR-Flower-Shop-1 | C90: RETAIL_STORE | D90: No | E90: Bengaluru | F90: 13 | G90: 0 | K90: 0 | L90: 0.6 | N90: =IF($B90="","",IF($C90="SUPERSTORE","Superstore","DH")) | O90: =IF($B90="","",IFERROR(VLOOKUP($B90,Mapping!$A:$C,2,0),"Not Mapped")) | P90: =IF($B90="","",IFERROR(VLOOKUP($B90,Mapping!$A:$C,3,0),"Not Mapped")) | Q90: =IF($B90="","",IFERROR(VLOOKUP($O90,Leaders!$A:$B,2,0),"Not Mapped")) | R90: =IF($B90="","",IF(COUNTIF(Exclusions!$A:$A,$B90)>0,"Yes","No")) | S90: =IF($B90="","",MIN(1,DAY($A90)/IF($N90="Superstore",Settings!$B$5,Settings!$B$4))) | T90: =IF(OR($B90="",$G90="",$S90=0),"",$G90/$S90) | U90: =IF($T90="","",IF($T90<Settings!$B$8,"Critical",IF($T90<Settings!$B$9,"Semi Critical","Non Critical"))) | V90: Store Closed | Z90: =IF($B90="","",IFERROR(VLOOKUP($B90,'Plan HC for CCA'!$A:$B,2,0),"")) | AA90: =IF(OR($B90="",$Z90=""),"",IF(N($M90)<$Z90,"Delta","No Delta")) | AB90: =IF(OR($B90="",$Z90=""),"",MAX(0,$Z90-N($M90))) | AC90: =IF($B90="","",IFERROR(INDEX('CCA Util %'!$H:$H,MATCH($B90,'CCA Util %'!$E:$E,0)),"")) | AD90: =IF($B90="","",IFERROR(INDEX('CCA Util %'!$G:$G,MATCH($B90,'CCA Util %'!$E:$E,0)),"")) | AE90: =IF(OR($B90="",$U90=""),"",$U90&" & "&IF(OR($AD90="",$AD90=0),"Util NA",$AD90&" Util"))
A91: 46304 | B91: BLR-Hadosiddapura | C91: RETAIL_STORE | D91: Yes | E91: Bengaluru | F91: 7335 | G91: 0.86857532 | H91: 0.93862816 | I91: 0.970351 | K91: 0 | L91: 0.99521186 | M91: 2 | N91: =IF($B91="","",IF($C91="SUPERSTORE","Superstore","DH")) | O91: =IF($B91="","",IFERROR(VLOOKUP($B91,Mapping!$A:$C,2,0),"Not Mapped")) | P91: =IF($B91="","",IFERROR(VLOOKUP($B91,Mapping!$A:$C,3,0),"Not Mapped")) | Q91: =IF($B91="","",IFERROR(VLOOKUP($O91,Leaders!$A:$B,2,0),"Not Mapped")) | R91: =IF($B91="","",IF(COUNTIF(Exclusions!$A:$A,$B91)>0,"Yes","No")) | S91: =IF($B91="","",MIN(1,DAY($A91)/IF($N91="Superstore",Settings!$B$5,Settings!$B$4))) | T91: =IF(OR($B91="",$G91="",$S91=0),"",$G91/$S91) | U91: =IF($T91="","",IF($T91<Settings!$B$8,"Critical",IF($T91<Settings!$B$9,"Semi Critical","Non Critical"))) | Z91: =IF($B91="","",IFERROR(VLOOKUP($B91,'Plan HC for CCA'!$A:$B,2,0),"")) | AA91: =IF(OR($B91="",$Z91=""),"",IF(N($M91)<$Z91,"Delta","No Delta")) | AB91: =IF(OR($B91="",$Z91=""),"",MAX(0,$Z91-N($M91))) | AC91: =IF($B91="","",IFERROR(INDEX('CCA Util %'!$H:$H,MATCH($B91,'CCA Util %'!$E:$E,0)),"")) | AD91: =IF($B91="","",IFERROR(INDEX('CCA Util %'!$G:$G,MATCH($B91,'CCA Util %'!$E:$E,0)),"")) | AE91: =IF(OR($B91="",$U91=""),"",$U91&" & "&IF(OR($AD91="",$AD91=0),"Util NA",$AD91&" Util"))
A92: 46304 | B92: BLR-Hegganahalli | C92: RETAIL_STORE | D92: Yes | E92: Bengaluru | F92: 4048 | G92: 0.98764822 | H92: 0.86793397 | I92: 0.972377 | J92: 0.86793397 | K92: 0 | L92: 0.96544588 | M92: 7 | N92: =IF($B92="","",IF($C92="SUPERSTORE","Superstore","DH")) | O92: =IF($B92="","",IFERROR(VLOOKUP($B92,Mapping!$A:$C,2,0),"Not Mapped")) | P92: =IF($B92="","",IFERROR(VLOOKUP($B92,Mapping!$A:$C,3,0),"Not Mapped")) | Q92: =IF($B92="","",IFERROR(VLOOKUP($O92,Leaders!$A:$B,2,0),"Not Mapped")) | R92: =IF($B92="","",IF(COUNTIF(Exclusions!$A:$A,$B92)>0,"Yes","No")) | S92: =IF($B92="","",MIN(1,DAY($A92)/IF($N92="Superstore",Settings!$B$5,Settings!$B$4))) | T92: =IF(OR($B92="",$G92="",$S92=0),"",$G92/$S92) | U92: =IF($T92="","",IF($T92<Settings!$B$8,"Critical",IF($T92<Settings!$B$9,"Semi Critical","Non Critical"))) | Z92: =IF($B92="","",IFERROR(VLOOKUP($B92,'Plan HC for CCA'!$A:$B,2,0),"")) | AA92: =IF(OR($B92="",$Z92=""),"",IF(N($M92)<$Z92,"Delta","No Delta")) | AB92: =IF(OR($B92="",$Z92=""),"",MAX(0,$Z92-N($M92))) | AC92: =IF($B92="","",IFERROR(INDEX('CCA Util %'!$H:$H,MATCH($B92,'CCA Util %'!$E:$E,0)),"")) | AD92: =IF($B92="","",IFERROR(INDEX('CCA Util %'!$G:$G,MATCH($B92,'CCA Util %'!$E:$E,0)),"")) | AE92: =IF(OR($B92="",$U92=""),"",$U92&" & "&IF(OR($AD92="",$AD92=0),"Util NA",$AD92&" Util"))
A93: 46304 | B93: BLR-Hennur Main | C93: RETAIL_STORE | D93: No | E93: Bengaluru | F93: 12257 | G93: 0.44831525 | H93: 0.97252047 | I93: 0.985806 | K93: 0 | L93: 1 | M93: 2 | N93: =IF($B93="","",IF($C93="SUPERSTORE","Superstore","DH")) | O93: =IF($B93="","",IFERROR(VLOOKUP($B93,Mapping!$A:$C,2,0),"Not Mapped")) | P93: =IF($B93="","",IFERROR(VLOOKUP($B93,Mapping!$A:$C,3,0),"Not Mapped")) | Q93: =IF($B93="","",IFERROR(VLOOKUP($O93,Leaders!$A:$B,2,0),"Not Mapped")) | R93: =IF($B93="","",IF(COUNTIF(Exclusions!$A:$A,$B93)>0,"Yes","No")) | S93: =IF($B93="","",MIN(1,DAY($A93)/IF($N93="Superstore",Settings!$B$5,Settings!$B$4))) | T93: =IF(OR($B93="",$G93="",$S93=0),"",$G93/$S93) | U93: =IF($T93="","",IF($T93<Settings!$B$8,"Critical",IF($T93<Settings!$B$9,"Semi Critical","Non Critical"))) | Z93: =IF($B93="","",IFERROR(VLOOKUP($B93,'Plan HC for CCA'!$A:$B,2,0),"")) | AA93: =IF(OR($B93="",$Z93=""),"",IF(N($M93)<$Z93,"Delta","No Delta")) | AB93: =IF(OR($B93="",$Z93=""),"",MAX(0,$Z93-N($M93))) | AC93: =IF($B93="","",IFERROR(INDEX('CCA Util %'!$H:$H,MATCH($B93,'CCA Util %'!$E:$E,0)),"")) | AD93: =IF($B93="","",IFERROR(INDEX('CCA Util %'!$G:$G,MATCH($B93,'CCA Util %'!$E:$E,0)),"")) | AE93: =IF(OR($B93="",$U93=""),"",$U93&" & "&IF(OR($AD93="",$AD93=0),"Util NA",$AD93&" Util"))
A94: 46304 | B94: BLR-Hope Farm New | C94: RETAIL_STORE | D94: Yes | E94: Bengaluru | F94: 7436 | G94: 0.51882733 | H94: 0.781493 | I94: 0.948535 | J94: 0.781493 | K94: 0 | L94: 0.92904968 | M94: 4 | N94: =IF($B94="","",IF($C94="SUPERSTORE","Superstore","DH")) | O94: =IF($B94="","",IFERROR(VLOOKUP($B94,Mapping!$A:$C,2,0),"Not Mapped")) | P94: =IF($B94="","",IFERROR(VLOOKUP($B94,Mapping!$A:$C,3,0),"Not Mapped")) | Q94: =IF($B94="","",IFERROR(VLOOKUP($O94,Leaders!$A:$B,2,0),"Not Mapped")) | R94: =IF($B94="","",IF(COUNTIF(Exclusions!$A:$A,$B94)>0,"Yes","No")) | S94: =IF($B94="","",MIN(1,DAY($A94)/IF($N94="Superstore",Settings!$B$5,Settings!$B$4))) | T94: =IF(OR($B94="",$G94="",$S94=0),"",$G94/$S94) | U94: =IF($T94="","",IF($T94<Settings!$B$8,"Critical",IF($T94<Settings!$B$9,"Semi Critical","Non Critical"))) | Z94: =IF($B94="","",IFERROR(VLOOKUP($B94,'Plan HC for CCA'!$A:$B,2,0),"")) | AA94: =IF(OR($B94="",$Z94=""),"",IF(N($M94)<$Z94,"Delta","No Delta")) | AB94: =IF(OR($B94="",$Z94=""),"",MAX(0,$Z94-N($M94))) | AC94: =IF($B94="","",IFERROR(INDEX('CCA Util %'!$H:$H,MATCH($B94,'CCA Util %'!$E:$E,0)),"")) | AD94: =IF($B94="","",IFERROR(INDEX('CCA Util %'!$G:$G,MATCH($B94,'CCA Util %'!$E:$E,0)),"")) | AE94: =IF(OR($B94="",$U94=""),"",$U94&" & "&IF(OR($AD94="",$AD94=0),"Util NA",$AD94&" Util"))
A95: 46304 | B95: BLR-Hope Farm SS | C95: SUPERSTORE | D95: No | E95: Bengaluru | F95: 12736 | G95: 0.5138191 | H95: 0.98838631 | I95: 0.997322 | J95: 0.98838631 | K95: 0 | L95: 1 | M95: 1 | N95: =IF($B95="","",IF($C95="SUPERSTORE","Superstore","DH")) | O95: =IF($B95="","",IFERROR(VLOOKUP($B95,Mapping!$A:$C,2,0),"Not Mapped")) | P95: =IF($B95="","",IFERROR(VLOOKUP($B95,Mapping!$A:$C,3,0),"Not Mapped")) | Q95: =IF($B95="","",IFERROR(VLOOKUP($O95,Leaders!$A:$B,2,0),"Not Mapped")) | R95: =IF($B95="","",IF(COUNTIF(Exclusions!$A:$A,$B95)>0,"Yes","No")) | S95: =IF($B95="","",MIN(1,DAY($A95)/IF($N95="Superstore",Settings!$B$5,Settings!$B$4))) | T95: =IF(OR($B95="",$G95="",$S95=0),"",$G95/$S95) | U95: =IF($T95="","",IF($T95<Settings!$B$8,"Critical",IF($T95<Settings!$B$9,"Semi Critical","Non Critical"))) | Z95: =IF($B95="","",IFERROR(VLOOKUP($B95,'Plan HC for CCA'!$A:$B,2,0),"")) | AA95: =IF(OR($B95="",$Z95=""),"",IF(N($M95)<$Z95,"Delta","No Delta")) | AB95: =IF(OR($B95="",$Z95=""),"",MAX(0,$Z95-N($M95))) | AC95: =IF($B95="","",IFERROR(INDEX('CCA Util %'!$H:$H,MATCH($B95,'CCA Util %'!$E:$E,0)),"")) | AD95: =IF($B95="","",IFERROR(INDEX('CCA Util %'!$G:$G,MATCH($B95,'CCA Util %'!$E:$E,0)),"")) | AE95: =IF(OR($B95="",$U95=""),"",$U95&" & "&IF(OR($AD95="",$AD95=0),"Util NA",$AD95&" Util"))
A96: 46304 | B96: BLR-INDIRANAGAR NEW | C96: RETAIL_STORE | D96: Yes | E96: Bengaluru | F96: 6975 | G96: 0.8478853 | H96: 0.86303686 | I96: 0.968636 | J96: 0.86303686 | K96: 0 | L96: 0.96338394 | M96: 10 | N96: =IF($B96="","",IF($C96="SUPERSTORE","Superstore","DH")) | O96: =IF($B96="","",IFERROR(VLOOKUP($B96,Mapping!$A:$C,2,0),"Not Mapped")) | P96: =IF($B96="","",IFERROR(VLOOKUP($B96,Mapping!$A:$C,3,0),"Not Mapped")) | Q96: =IF($B96="","",IFERROR(VLOOKUP($O96,Leaders!$A:$B,2,0),"Not Mapped")) | R96: =IF($B96="","",IF(COUNTIF(Exclusions!$A:$A,$B96)>0,"Yes","No")) | S96: =IF($B96="","",MIN(1,DAY($A96)/IF($N96="Superstore",Settings!$B$5,Settings!$B$4))) | T96: =IF(OR($B96="",$G96="",$S96=0),"",$G96/$S96) | U96: =IF($T96="","",IF($T96<Settings!$B$8,"Critical",IF($T96<Settings!$B$9,"Semi Critical","Non Critical"))) | Z96: =IF($B96="","",IFERROR(VLOOKUP($B96,'Plan HC for CCA'!$A:$B,2,0),"")) | AA96: =IF(OR($B96="",$Z96=""),"",IF(N($M96)<$Z96,"Delta","No Delta")) | AB96: =IF(OR($B96="",$Z96=""),"",MAX(0,$Z96-N($M96))) | AC96: =IF($B96="","",IFERROR(INDEX('CCA Util %'!$H:$H,MATCH($B96,'CCA Util %'!$E:$E,0)),"")) | AD96: =IF($B96="","",IFERROR(INDEX('CCA Util %'!$G:$G,MATCH($B96,'CCA Util %'!$E:$E,0)),"")) | AE96: =IF(OR($B96="",$U96=""),"",$U96&" & "&IF(OR($AD96="",$AD96=0),"Util NA",$AD96&" Util"))
A97: 46304 | B97: BLR-ITPL Layout | C97: RETAIL_STORE | D97: Yes | E97: Bengaluru | F97: 7382 | G97: 0.70685451 | H97: 0.8702568 | I97: 0.965394 | J97: 0.8702568 | K97: 0 | L97: 0.96642392 | M97: 6 | N97: =IF($B97="","",IF($C97="SUPERSTORE","Superstore","DH")) | O97: =IF($B97="","",IFERROR(VLOOKUP($B97,Mapping!$A:$C,2,0),"Not Mapped")) | P97: =IF($B97="","",IFERROR(VLOOKUP($B97,Mapping!$A:$C,3,0),"Not Mapped")) | Q97: =IF($B97="","",IFERROR(VLOOKUP($O97,Leaders!$A:$B,2,0),"Not Mapped")) | R97: =IF($B97="","",IF(COUNTIF(Exclusions!$A:$A,$B97)>0,"Yes","No")) | S97: =IF($B97="","",MIN(1,DAY($A97)/IF($N97="Superstore",Settings!$B$5,Settings!$B$4))) | T97: =IF(OR($B97="",$G97="",$S97=0),"",$G97/$S97) | U97: =IF($T97="","",IF($T97<Settings!$B$8,"Critical",IF($T97<Settings!$B$9,"Semi Critical","Non Critical"))) | Z97: =IF($B97="","",IFERROR(VLOOKUP($B97,'Plan HC for CCA'!$A:$B,2,0),"")) | AA97: =IF(OR($B97="",$Z97=""),"",IF(N($M97)<$Z97,"Delta","No Delta")) | AB97: =IF(OR($B97="",$Z97=""),"",MAX(0,$Z97-N($M97))) | AC97: =IF($B97="","",IFERROR(INDEX('CCA Util %'!$H:$H,MATCH($B97,'CCA Util %'!$E:$E,0)),"")) | AD97: =IF($B97="","",IFERROR(INDEX('CCA Util %'!$G:$G,MATCH($B97,'CCA Util %'!$E:$E,0)),"")) | AE97: =IF(OR($B97="",$U97=""),"",$U97&" & "&IF(OR($AD97="",$AD97=0),"Util NA",$AD97&" Util"))
A98: 46304 | B98: BLR-Iggalur | C98: RETAIL_STORE | D98: Yes | E98: Bengaluru | F98: 5005 | G98: 0.99300699 | H98: 0.95150905 | I98: 0.986551 | K98: 0 | L98: 1 | M98: 3 | N98: =IF($B98="","",IF($C98="SUPERSTORE","Superstore","DH")) | O98: =IF($B98="","",IFERROR(VLOOKUP($B98,Mapping!$A:$C,2,0),"Not Mapped")) | P98: =IF($B98="","",IFERROR(VLOOKUP($B98,Mapping!$A:$C,3,0),"Not Mapped")) | Q98: =IF($B98="","",IFERROR(VLOOKUP($O98,Leaders!$A:$B,2,0),"Not Mapped")) | R98: =IF($B98="","",IF(COUNTIF(Exclusions!$A:$A,$B98)>0,"Yes","No")) | S98: =IF($B98="","",MIN(1,DAY($A98)/IF($N98="Superstore",Settings!$B$5,Settings!$B$4))) | T98: =IF(OR($B98="",$G98="",$S98=0),"",$G98/$S98) | U98: =IF($T98="","",IF($T98<Settings!$B$8,"Critical",IF($T98<Settings!$B$9,"Semi Critical","Non Critical"))) | Z98: =IF($B98="","",IFERROR(VLOOKUP($B98,'Plan HC for CCA'!$A:$B,2,0),"")) | AA98: =IF(OR($B98="",$Z98=""),"",IF(N($M98)<$Z98,"Delta","No Delta")) | AB98: =IF(OR($B98="",$Z98=""),"",MAX(0,$Z98-N($M98))) | AC98: =IF($B98="","",IFERROR(INDEX('CCA Util %'!$H:$H,MATCH($B98,'CCA Util %'!$E:$E,0)),"")) | AD98: =IF($B98="","",IFERROR(INDEX('CCA Util %'!$G:$G,MATCH($B98,'CCA Util %'!$E:$E,0)),"")) | AE98: =IF(OR($B98="",$U98=""),"",$U98&" & "&IF(OR($AD98="",$AD98=0),"Util NA",$AD98&" Util"))
A99: 46304 | B99: BLR-JAYANAGAR New | C99: RETAIL_STORE | D99: Yes | E99: Bengaluru | F99: 5627 | G99: 0.49369113 | H99: 0.81965443 | I99: 0.954431 | J99: 0.81965443 | K99: 0 | L99: 0.94511765 | M99: 5 | N99: =IF($B99="","",IF($C99="SUPERSTORE","Superstore","DH")) | O99: =IF($B99="","",IFERROR(VLOOKUP($B99,Mapping!$A:$C,2,0),"Not Mapped")) | P99: =IF($B99="","",IFERROR(VLOOKUP($B99,Mapping!$A:$C,3,0),"Not Mapped")) | Q99: =IF($B99="","",IFERROR(VLOOKUP($O99,Leaders!$A:$B,2,0),"Not Mapped")) | R99: =IF($B99="","",IF(COUNTIF(Exclusions!$A:$A,$B99)>0,"Yes","No")) | S99: =IF($B99="","",MIN(1,DAY($A99)/IF($N99="Superstore",Settings!$B$5,Settings!$B$4))) | T99: =IF(OR($B99="",$G99="",$S99=0),"",$G99/$S99) | U99: =IF($T99="","",IF($T99<Settings!$B$8,"Critical",IF($T99<Settings!$B$9,"Semi Critical","Non Critical"))) | Z99: =IF($B99="","",IFERROR(VLOOKUP($B99,'Plan HC for CCA'!$A:$B,2,0),"")) | AA99: =IF(OR($B99="",$Z99=""),"",IF(N($M99)<$Z99,"Delta","No Delta")) | AB99: =IF(OR($B99="",$Z99=""),"",MAX(0,$Z99-N($M99))) | AC99: =IF($B99="","",IFERROR(INDEX('CCA Util %'!$H:$H,MATCH($B99,'CCA Util %'!$E:$E,0)),"")) | AD99: =IF($B99="","",IFERROR(INDEX('CCA Util %'!$G:$G,MATCH($B99,'CCA Util %'!$E:$E,0)),"")) | AE99: =IF(OR($B99="",$U99=""),"",$U99&" & "&IF(OR($AD99="",$AD99=0),"Util NA",$AD99&" Util"))
A100: 46304 | B100: BLR-JC Nagar | C100: RETAIL_STORE | D100: Yes | E100: Bengaluru | F100: 5421 | G100: 0.012912747 | H100: 0.97142857 | I100: 0.99359 | J100: 0.0432072 | K100: 0 | L100: 0.617791 | M100: 5 | N100: =IF($B100="","",IF($C100="SUPERSTORE","Superstore","DH")) | O100: =IF($B100="","",IFERROR(VLOOKUP($B100,Mapping!$A:$C,2,0),"Not Mapped")) | P100: =IF($B100="","",IFERROR(VLOOKUP($B100,Mapping!$A:$C,3,0),"Not Mapped")) | Q100: =IF($B100="","",IFERROR(VLOOKUP($O100,Leaders!$A:$B,2,0),"Not Mapped")) | R100: =IF($B100="","",IF(COUNTIF(Exclusions!$A:$A,$B100)>0,"Yes","No")) | S100: =IF($B100="","",MIN(1,DAY($A100)/IF($N100="Superstore",Settings!$B$5,Settings!$B$4))) | T100: =IF(OR($B100="",$G100="",$S100=0),"",$G100/$S100) | U100: =IF($T100="","",IF($T100<Settings!$B$8,"Critical",IF($T100<Settings!$B$9,"Semi Critical","Non Critical"))) | V100: Store Closed | Z100: =IF($B100="","",IFERROR(VLOOKUP($B100,'Plan HC for CCA'!$A:$B,2,0),"")) | AA100: =IF(OR($B100="",$Z100=""),"",IF(N($M100)<$Z100,"Delta","No Delta")) | AB100: =IF(OR($B100="",$Z100=""),"",MAX(0,$Z100-N($M100))) | AC100: =IF($B100="","",IFERROR(INDEX('CCA Util %'!$H:$H,MATCH($B100,'CCA Util %'!$E:$E,0)),"")) | AD100: =IF($B100="","",IFERROR(INDEX('CCA Util %'!$G:$G,MATCH($B100,'CCA Util %'!$E:$E,0)),"")) | AE100: =IF(OR($B100="",$U100=""),"",$U100&" & "&IF(OR($AD100="",$AD100=0),"Util NA",$AD100&" Util"))
A101: 46304 | B101: BLR-JP Nagar Network | C101: RETAIL_STORE | D101: Yes | E101: Bengaluru | F101: 6969 | G101: 0.89797675 | H101: 0.93352509 | I101: 0.980545 | J101: 0.93352509 | K101: 0 | L101: 0.99306319 | M101: 5 | N101: =IF($B101="","",IF($C101="SUPERSTORE","Superstore","DH")) | O101: =IF($B101="","",IFERROR(VLOOKUP($B101,Mapping!$A:$C,2,0),"Not Mapped")) | P101: =IF($B101="","",IFERROR(VLOOKUP($B101,Mapping!$A:$C,3,0),"Not Mapped")) | Q101: =IF($B101="","",IFERROR(VLOOKUP($O101,Leaders!$A:$B,2,0),"Not Mapped")) | R101: =IF($B101="","",IF(COUNTIF(Exclusions!$A:$A,$B101)>0,"Yes","No")) | S101: =IF($B101="","",MIN(1,DAY($A101)/IF($N101="Superstore",Settings!$B$5,Settings!$B$4))) | T101: =IF(OR($B101="",$G101="",$S101=0),"",$G101/$S101) | U101: =IF($T101="","",IF($T101<Settings!$B$8,"Critical",IF($T101<Settings!$B$9,"Semi Critical","Non Critical"))) | Z101: =IF($B101="","",IFERROR(VLOOKUP($B101,'Plan HC for CCA'!$A:$B,2,0),"")) | AA101: =IF(OR($B101="",$Z101=""),"",IF(N($M101)<$Z101,"Delta","No Delta")) | AB101: =IF(OR($B101="",$Z101=""),"",MAX(0,$Z101-N($M101))) | AC101: =IF($B101="","",IFERROR(INDEX('CCA Util %'!$H:$H,MATCH($B101,'CCA Util %'!$E:$E,0)),"")) | AD101: =IF($B101="","",IFERROR(INDEX('CCA Util %'!$G:$G,MATCH($B101,'CCA Util %'!$E:$E,0)),"")) | AE101: =IF(OR($B101="",$U101=""),"",$U101&" & "&IF(OR($AD101="",$AD101=0),"Util NA",$AD101&" Util"))
A102: 46304 | B102: BLR-JP Nagar New | C102: RETAIL_STORE | D102: Yes | E102: Bengaluru | F102: 5714 | G102: 0.44242212 | H102: 0.8215981 | I102: 0.978449 | J102: 0.8215981 | K102: 0 | L102: 0.94593604 | M102: 4 | N102: =IF($B102="","",IF($C102="SUPERSTORE","Superstore","DH")) | O102: =IF($B102="","",IFERROR(VLOOKUP($B102,Mapping!$A:$C,2,0),"Not Mapped")) | P102: =IF($B102="","",IFERROR(VLOOKUP($B102,Mapping!$A:$C,3,0),"Not Mapped")) | Q102: =IF($B102="","",IFERROR(VLOOKUP($O102,Leaders!$A:$B,2,0),"Not Mapped")) | R102: =IF($B102="","",IF(COUNTIF(Exclusions!$A:$A,$B102)>0,"Yes","No")) | S102: =IF($B102="","",MIN(1,DAY($A102)/IF($N102="Superstore",Settings!$B$5,Settings!$B$4))) | T102: =IF(OR($B102="",$G102="",$S102=0),"",$G102/$S102) | U102: =IF($T102="","",IF($T102<Settings!$B$8,"Critical",IF($T102<Settings!$B$9,"Semi Critical","Non Critical"))) | Z102: =IF($B102="","",IFERROR(VLOOKUP($B102,'Plan HC for CCA'!$A:$B,2,0),"")) | AA102: =IF(OR($B102="",$Z102=""),"",IF(N($M102)<$Z102,"Delta","No Delta")) | AB102: =IF(OR($B102="",$Z102=""),"",MAX(0,$Z102-N($M102))) | AC102: =IF($B102="","",IFERROR(INDEX('CCA Util %'!$H:$H,MATCH($B102,'CCA Util %'!$E:$E,0)),"")) | AD102: =IF($B102="","",IFERROR(INDEX('CCA Util %'!$G:$G,MATCH($B102,'CCA Util %'!$E:$E,0)),"")) | AE102: =IF(OR($B102="",$U102=""),"",$U102&" & "&IF(OR($AD102="",$AD102=0),"Util NA",$AD102&" Util"))
A103: 46304 | B103: BLR-JP Nagar SS | C103: SUPERSTORE | D103: No | E103: Bengaluru | F103: 13730 | G103: 0.061835397 | H103: 0.95877503 | I103: 0.984438 | J103: 0.20420949 | K103: 0 | L103: 0.685196 | M103: 1 | N103: =IF($B103="","",IF($C103="SUPERSTORE","Superstore","DH")) | O103: =IF($B103="","",IFERROR(VLOOKUP($B103,Mapping!$A:$C,2,0),"Not Mapped")) | P103: =IF($B103="","",IFERROR(VLOOKUP($B103,Mapping!$A:$C,3,0),"Not Mapped")) | Q103: =IF($B103="","",IFERROR(VLOOKUP($O103,Leaders!$A:$B,2,0),"Not Mapped")) | R103: =IF($B103="","",IF(COUNTIF(Exclusions!$A:$A,$B103)>0,"Yes","No")) | S103: =IF($B103="","",MIN(1,DAY($A103)/IF($N103="Superstore",Settings!$B$5,Settings!$B$4))) | T103: =IF(OR($B103="",$G103="",$S103=0),"",$G103/$S103) | U103: =IF($T103="","",IF($T103<Settings!$B$8,"Critical",IF($T103<Settings!$B$9,"Semi Critical","Non Critical"))) | V103: Store Closed | Z103: =IF($B103="","",IFERROR(VLOOKUP($B103,'Plan HC for CCA'!$A:$B,2,0),"")) | AA103: =IF(OR($B103="",$Z103=""),"",IF(N($M103)<$Z103,"Delta","No Delta")) | AB103: =IF(OR($B103="",$Z103=""),"",MAX(0,$Z103-N($M103))) | AC103: =IF($B103="","",IFERROR(INDEX('CCA Util %'!$H:$H,MATCH($B103,'CCA Util %'!$E:$E,0)),"")) | AD103: =IF($B103="","",IFERROR(INDEX('CCA Util %'!$G:$G,MATCH($B103,'CCA Util %'!$E:$E,0)),"")) | AE103: =IF(OR($B103="",$U103=""),"",$U103&" & "&IF(OR($AD103="",$AD103=0),"Util NA",$AD103&" Util"))
...

Sheet Daily SBC
H1: =SUM(H3:H1000) | I1: =SUM(I3:I1000) | J1: =SUM(J3:J1000) | K1: =SUM(K3:K1000) | L1: =SUM(L3:L1000) | M1: =SUM(M3:M1000) | N1: =SUM(N3:N1000) | O1: =SUM(O3:O1000) | P1: =SUM(P3:P1000)
A2: Leaders | B2: CLM | C2: IM | D2: city_name | E2: store_name | F2: Total Bins | G2: Per Day SBC Traget | H2: 46032 | I2: 46063 | J2: 46091 | K2: 46122 | L2: 46152 | M2: 46183 | N2: 46213 | O2: 46244 | P2: 46275
A3: {=LET( s, E3:E1000, clm, IFERROR(VLOOKUP(s, Mapping!A:C, 2, 0), "Un Mapped"), im, IFERROR(VLOOKUP(s, Mapping!A:C, 3, 0), "Un Mapped"), ldr, IFERROR(VLOOKUP(clm, Leaders!A:B, 2, 0), "Un Mapped"), HSTACK(IF(s="",,ldr), IF(s="",,clm), IF(s="",,im)) )} | B3: Majid Kakatikar | C3: Kishor K | D3: Belgavi | E3: BEL-Khanapur Road | F3: 6826 | G3: 455 | H3: 321 | I3: 437 | J3: 520 | K3: 243 | L3: 655 | M3: 12 | N3: 207 | O3: 280 | P3: 942
A4: Bangareppa CS | B4: Majid Kakatikar | C4: Kishor K | D4: Belgavi | E4: BEL-Sector 12 | F4: 6127 | G4: 409 | H4: 1240 | I4: 950 | J4: 764 | K4: 444 | L4: 629 | M4: 92 | N4: 105 | O4: 359 | P4: 304
A5: Ashwath S | B5: Mohaideen DH | C5: Mohammed Akbar | D5: Bengaluru | E5: BLR - Bhadrappa Layout | F5: 4463 | G5: 298 | H5: 2026 | I5: 969 | J5: 747 | K5: 155 | L5: 554 | M5: 10 | N5: 1 | O5: 0 | P5: 0
A6: Lakshman Balakrishnan | B6: Arun Raj | C6: Simon Manoharan | D6: Bengaluru | E6: BLR- Brookefield SS | F6: 11768 | G6: 785 | H6: 998 | I6: 694 | J6: 374 | K6: 371 | L6: 402 | M6: 522 | N6: 560 | O6: 265 | P6: 461
A7: Deepak D M | B7: Narasimhamurthy R | C7: Kishor K | D7: Bengaluru | E7: BLR- Sonnenahalli New | F7: 5305 | G7: 354 | H7: 330 | I7: 535 | J7: 629 | K7: 213 | L7: 148 | M7: 160 | N7: 111 | O7: 119 | P7: 156
A8: Lakshman Balakrishnan | B8: Saddam Hussain | C8: Un Mapped | D8: Bengaluru | E8: BLR-27th Main Road | F8: 4212 | G8: 281 | H8: 413 | I8: 501 | J8: 797 | K8: 667 | L8: 521 | M8: 133 | N8: 99 | O8: 109 | P8: 134
A9: Bangareppa CS | B9: Akshay P | C9: Srittam Dhal | D9: Bengaluru | E9: BLR-Abbigere | F9: 6102 | G9: 407 | H9: 1447 | I9: 950 | J9: 1183 | K9: 493 | L9: 314 | M9: 936 | N9: 338 | O9: 303 | P9: 123
A10: Lakshman Balakrishnan | B10: Saddam Hussain | C10: Un Mapped | D10: Bengaluru | E10: BLR-Agrahara Road | F10: 5194 | G10: 346 | H10: 723 | I10: 661 | J10: 793 | K10: 1166 | L10: 902 | M10: 556 | N10: 200 | O10: 11 | P10: 57
A11: Raghavendra Vernekar | B11: Suhas N | C11: Aravind S | D11: Bengaluru | E11: BLR-Anjanapura | F11: 7332 | G11: 489 | H11: 8 | I11: 525 | J11: 665 | K11: 703 | L11: 1097 | M11: 834 | N11: 589 | O11: 3 | P11: 1
A12: Raghavendra Vernekar | B12: Manjunatha V | C12: Un Mapped | D12: Bengaluru | E12: BLR-Arekere | F12: 6055 | G12: 404 | H12: 1646 | I12: 1467 | J12: 187 | K12: 643 | L12: 730 | M12: 22 | N12: 39 | O12: 84 | P12: 112
A13: Lakshman Balakrishnan | B13: Sundaresh S | C13: Un Mapped | D13: Bengaluru | E13: BLR-Aswath Nagar | F13: 5167 | G13: 345 | H13: 1310 | I13: 1676 | J13: 49 | K13: 1361 | L13: 396 | M13: 25 | N13: 0 | O13: 0 | P13: 6
A14: Lakshman Balakrishnan | B14: Balaji G | C14: Mohammed Akbar | D14: Bengaluru | E14: BLR-Attibele | F14: 7445 | G14: 497 | H14: 1765 | I14: 1916 | J14: 317 | K14: 1769 | L14: 897 | M14: 442 | N14: 0 | O14: 0 | P14: 0
A15: Raghavendra Vernekar | B15: Suhas N | C15: Aravind S | D15: Bengaluru | E15: BLR-Avalahalli Main | F15: 6396 | G15: 427 | H15: 11 | I15: 19 | J15: 299 | K15: 447 | L15: 343 | M15: 239 | N15: 238 | O15: 429 | P15: 142
... A184: Lakshman Balakrishnan | B184: Saddam Hussain | C184: Un Mapped | D184: Bengaluru | E184: BLR-Silver County | F184: 5663 | G184: 378 | H184: 687 | I184: 437 | J184: 549 | K184: 611 | L184: 454 | M184: 694 | N184: 555 | O184: 333 | P184: 407
A185: Lakshman Balakrishnan | B185: Arun Raj | C185: Simon Manoharan | D185: Bengaluru | E185: BLR-Silver County SS | F185: #N/A | G185: #N/A | H185: 442 | I185: 179 | J185: 310 | K185: 594 | L185: 587 | M185: 708 | N185: 442 | O185: 73 | P185: 795
A186: Bangareppa CS | B186: Akshay P | C186: Srittam Dhal | D186: Bengaluru | E186: BLR-Singapura | F186: 4579 | G186: 305 | H186: 747 | I186: 754 | J186: 981 | K186: 563 | L186: 262 | M186: 244 | N186: 232 | O186: 221 | P186: 112
A187: Lakshman Balakrishnan | B187: Balaji G | C187: Mohammed Akbar | D187: Bengaluru | E187: BLR-Singasandra Network | F187: 5077 | G187: 339 | H187: 1257 | I187: 1279 | J187: 807 | K187: 973 | L187: 324 | M187: 352 | N187: 81 | O187: 3 | P187: 0
A188: Lakshman Balakrishnan | B188: Balaji G | C188: Mohammed Akbar | D188: Bengaluru | E188: BLR-SINGASANDRA NEW | F188: 5948 | G188: 397 | H188: 918 | I188: 840 | J188: 1042 | K188: 208 | L188: 616 | M188: 645 | N188: 456 | O188: 602 | P188: 481
A189: Lakshman Balakrishnan | B189: Arun Raj | C189: Simon Manoharan | D189: Bengaluru | E189: BLR-Singasandra SS | F189: 12266 | G189: 818 | H189: 501 | I189: 714 | J189: 842 | K189: 571 | L189: 511 | M189: 1185 | N189: 267 | O189: 787 | P189: 1020
A190: Lakshman Balakrishnan | B190: Sundaresh S | C190: Un Mapped | D190: Bengaluru | E190: BLR-Sompura | F190: 5757 | G190: 384 | H190: 680 | I190: 549 | J190: 378 | K190: 307 | L190: 641 | M190: 658 | N190: 233 | O190: 419 | P190: 407
A191: Ashwath S | B191: Ashwath S | C191: Kantha Kumar | D191: Bengaluru | E191: BLR-Soukya | F191: 6865 | G191: 458 | H191: 271 | I191: 440 | J191: 615 | K191: 687 | L191: 817 | M191: 494 | N191: 329 | O191: 831 | P191: 955
A192: Raghavendra Vernekar | B192: Manjunatha V | C192: Un Mapped | D192: Bengaluru | E192: BLR-Sunrise Layout | F192: 5780 | G192: 386 | H192: 622 | I192: 691 | J192: 777 | K192: 418 | L192: 388 | M192: 423 | N192: 444 | O192: 452 | P192: 689
A193: Lakshman Balakrishnan | B193: Rizwan Ahmed | C193: Un Mapped | D193: Bengaluru | E193: BLR-TC Palaya | F193: 6360 | G193: 424 | H193: 77 | I193: 670 | J193: 623 | K193: 743 | L193: 291 | M193: 176 | N193: 885 | O193: 543 | P193: 229
A194: Lakshman Balakrishnan | B194: Saddam Hussain | C194: Un Mapped | D194: Bengaluru | E194: BLR-Teachers colony | F194: 4901 | G194: 327 | H194: 727 | I194: 590 | J194: 194 | K194: 331 | L194: 665 | M194: 338 | N194: 279 | O194: 645 | P194: 819
A195: Raghavendra Vernekar | B195: Suhas N | C195: Aravind S | D195: Bengaluru | E195: BLR-Thyagaraja Nagar | F195: 6444 | G195: 430 | H195: 893 | I195: 343 | J195: 285 | K195: 191 | L195: 423 | M195: 424 | N195: 366 | O195: 316 | P195: 295
A196: Bangareppa CS | B196: Akshay P | C196: Srittam Dhal | D196: Bengaluru | E196: BLR-Tippenahalli | F196: 4636 | G196: 309 | H196: 712 | I196: 1128 | J196: 545 | K196: 755 | L196: 485 | M196: 147 | N196: 196 | O196: 354 | P196: 130
A197: Raghavendra Vernekar | B197: Raghavendra Vernekar | C197: Prakash BS | D197: Bengaluru | E197: BLR-TMC Layout | F197: 4755 | G197: 317 | H197: 992 | I197: 889 | J197: 837 | K197: 694 | L197: 856 | M197: 228 | N197: 225 | O197: 1 | P197: 15
... A254: Bangareppa CS | B254: Akshay P | C254: Srittam Dhal | D254: Tumkuru | E254: TUM-SS Puram | F254: 7007 | G254: 467 | H254: 637 | I254: 993 | J254: 719 | K254: 189 | L254: 251 | M254: 1117 | N254: 222 | O254: 181 | P254: 469

Sheet City Split
A1: Select Date ▶ | B1: 46304 | C1: =IF($B$1="All","<>",$B$1) | D1: (pick a date or "All" from the dropdown)
A3: DH - City Split
A4: Type | B4: City | C4: Store Count | D4: Total Bins | E4: CC MTD % | F4: BA MTD % | G4: IA MTD % | H4: CC ACC % | I4: PD % | J4: Inv Health | K4: CC MTD Target | L4: CC MTD Achieved %
A5: DH | B5: Bengaluru | C5: =COUNTIFS('Raw Data'!$R$2:$R$10000,"No",'Raw Data'!$A$2:$A$10000,$C$1,'Raw Data'!$N$2:$N$10000,"DH",'Raw Data'!$E$2:$E$10000,$B5) | D5: =SUMIFS('Raw Data'!$F$2:$F$10000,'Raw Data'!$R$2:$R$10000,"No",'Raw Data'!$A$2:$A$10000,$C$1,'Raw Data'!$N$2:$N$10000,"DH",'Raw Data'!$E$2:$E$10000,$B5) | E5: =IFERROR(AVERAGEIFS('Raw Data'!$G$2:$G$10000,'Raw Data'!$R$2:$R$10000,"No",'Raw Data'!$A$2:$A$10000,$C$1,'Raw Data'!$N$2:$N$10000,"DH",'Raw Data'!$E$2:$E$10000,$B5),"") | F5: =IFERROR(AVERAGEIFS('Raw Data'!$H$2:$H$10000,'Raw Data'!$R$2:$R$10000,"No",'Raw Data'!$A$2:$A$10000,$C$1,'Raw Data'!$N$2:$N$10000,"DH",'Raw Data'!$E$2:$E$10000,$B5),"") | G5: =IFERROR(AVERAGEIFS('Raw Data'!$I$2:$I$10000,'Raw Data'!$R$2:$R$10000,"No",'Raw Data'!$A$2:$A$10000,$C$1,'Raw Data'!$N$2:$N$10000,"DH",'Raw Data'!$E$2:$E$10000,$B5),"") | H5: =IFERROR(AVERAGEIFS('Raw Data'!$J$2:$J$10000,'Raw Data'!$R$2:$R$10000,"No",'Raw Data'!$A$2:$A$10000,$C$1,'Raw Data'!$N$2:$N$10000,"DH",'Raw Data'!$E$2:$E$10000,$B5),"") | I5: =IFERROR(AVERAGEIFS('Raw Data'!$K$2:$K$10000,'Raw Data'!$R$2:$R$10000,"No",'Raw Data'!$A$2:$A$10000,$C$1,'Raw Data'!$N$2:$N$10000,"DH",'Raw Data'!$E$2:$E$10000,$B5),"") | J5: =IFERROR(AVERAGEIFS('Raw Data'!$L$2:$L$10000,'Raw Data'!$R$2:$R$10000,"No",'Raw Data'!$A$2:$A$10000,$C$1,'Raw Data'!$N$2:$N$10000,"DH",'Raw Data'!$E$2:$E$10000,$B5),"") | K5: =IFERROR(AVERAGEIFS('Raw Data'!$S$2:$S$10000,'Raw Data'!$R$2:$R$10000,"No",'Raw Data'!$A$2:$A$10000,$C$1,'Raw Data'!$N$2:$N$10000,"DH",'Raw Data'!$E$2:$E$10000,$B5),"") | L5: =IFERROR(AVERAGEIFS('Raw Data'!$T$2:$T$10000,'Raw Data'!$R$2:$R$10000,"No",'Raw Data'!$A$2:$A$10000,$C$1,'Raw Data'!$N$2:$N$10000,"DH",'Raw Data'!$E$2:$E$10000,$B5),"")
A6: DH | B6: Kochi | C6: =COUNTIFS('Raw Data'!$R$2:$R$10000,"No",'Raw Data'!$A$2:$A$10000,$C$1,'Raw Data'!$N$2:$N$10000,"DH",'Raw Data'!$E$2:$E$10000,$B6) | D6: =SUMIFS('Raw Data'!$F$2:$F$10000,'Raw Data'!$R$2:$R$10000,"No",'Raw Data'!$A$2:$A$10000,$C$1,'Raw Data'!$N$2:$N$10000,"DH",'Raw Data'!$E$2:$E$10000,$B6) | E6: =IFERROR(AVERAGEIFS('Raw Data'!$G$2:$G$10000,'Raw Data'!$R$2:$R$10000,"No",'Raw Data'!$A$2:$A$10000,$C$1,'Raw Data'!$N$2:$N$10000,"DH",'Raw Data'!$E$2:$E$10000,$B6),"") | F6: =IFERROR(AVERAGEIFS('Raw Data'!$H$2:$H$10000,'Raw Data'!$R$2:$R$10000,"No",'Raw Data'!$A$2:$A$10000,$C$1,'Raw Data'!$N$2:$N$10000,"DH",'Raw Data'!$E$2:$E$10000,$B6),"") | G6: =IFERROR(AVERAGEIFS('Raw Data'!$I$2:$I$10000,'Raw Data'!$R$2:$R$10000,"No",'Raw Data'!$A$2:$A$10000,$C$1,'Raw Data'!$N$2:$N$10000,"DH",'Raw Data'!$E$2:$E$10000,$B6),"") | H6: =IFERROR(AVERAGEIFS('Raw Data'!$J$2:$J$10000,'Raw Data'!$R$2:$R$10000,"No",'Raw Data'!$A$2:$A$10000,$C$1,'Raw Data'!$N$2:$N$10000,"DH",'Raw Data'!$E$2:$E$10000,$B6),"") | I6: =IFERROR(AVERAGEIFS('Raw Data'!$K$2:$K$10000,'Raw Data'!$R$2:$R$10000,"No",'Raw Data'!$A$2:$A$10000,$C$1,'Raw Data'!$N$2:$N$10000,"DH",'Raw Data'!$E$2:$E$10000,$B6),"") | J6: =IFERROR(AVERAGEIFS('Raw Data'!$L$2:$L$10000,'Raw Data'!$R$2:$R$10000,"No",'Raw Data'!$A$2:$A$10000,$C$1,'Raw Data'!$N$2:$N$10000,"DH",'Raw Data'!$E$2:$E$10000,$B6),"") | K6: =IFERROR(AVERAGEIFS('Raw Data'!$S$2:$S$10000,'Raw Data'!$R$2:$R$10000,"No",'Raw Data'!$A$2:$A$10000,$C$1,'Raw Data'!$N$2:$N$10000,"DH",'Raw Data'!$E$2:$E$10000,$B6),"") | L6: =IFERROR(AVERAGEIFS('Raw Data'!$T$2:$T$10000,'Raw Data'!$R$2:$R$10000,"No",'Raw Data'!$A$2:$A$10000,$C$1,'Raw Data'!$N$2:$N$10000,"DH",'Raw Data'!$E$2:$E$10000,$B6),"")
A7: DH | B7: Coimbatore | C7: =COUNTIFS('Raw Data'!$R$2:$R$10000,"No",'Raw Data'!$A$2:$A$10000,$C$1,'Raw Data'!$N$2:$N$10000,"DH",'Raw Data'!$E$2:$E$10000,$B7) | D7: =SUMIFS('Raw Data'!$F$2:$F$10000,'Raw Data'!$R$2:$R$10000,"No",'Raw Data'!$A$2:$A$10000,$C$1,'Raw Data'!$N$2:$N$10000,"DH",'Raw Data'!$E$2:$E$10000,$B7) | E7: =IFERROR(AVERAGEIFS('Raw Data'!$G$2:$G$10000,'Raw Data'!$R$2:$R$10000,"No",'Raw Data'!$A$2:$A$10000,$C$1,'Raw Data'!$N$2:$N$10000,"DH",'Raw Data'!$E$2:$E$10000,$B7),"") | F7: =IFERROR(AVERAGEIFS('Raw Data'!$H$2:$H$10000,'Raw Data'!$R$2:$R$10000,"No",'Raw Data'!$A$2:$A$10000,$C$1,'Raw Data'!$N$2:$N$10000,"DH",'Raw Data'!$E$2:$E$10000,$B7),"") | G7: =IFERROR(AVERAGEIFS('Raw Data'!$I$2:$I$10000,'Raw Data'!$R$2:$R$10000,"No",'Raw Data'!$A$2:$A$10000,$C$1,'Raw Data'!$N$2:$N$10000,"DH",'Raw Data'!$E$2:$E$10000,$B7),"") | H7: =IFERROR(AVERAGEIFS('Raw Data'!$J$2:$J$10000,'Raw Data'!$R$2:$R$10000,"No",'Raw Data'!$A$2:$A$10000,$C$1,'Raw Data'!$N$2:$N$10000,"DH",'Raw Data'!$E$2:$E$10000,$B7),"") | I7: =IFERROR(AVERAGEIFS('Raw Data'!$K$2:$K$10000,'Raw Data'!$R$2:$R$10000,"No",'Raw Data'!$A$2:$A$10000,$C$1,'Raw Data'!$N$2:$N$10000,"DH",'Raw Data'!$E$2:$E$10000,$B7),"") | J7: =IFERROR(AVERAGEIFS('Raw Data'!$L$2:$L$10000,'Raw Data'!$R$2:$R$10000,"No",'Raw Data'!$A$2:$A$10000,$C$1,'Raw Data'!$N$2:$N$10000,"DH",'Raw Data'!$E$2:$E$10000,$B7),"") | K7: =IFERROR(AVERAGEIFS('Raw Data'!$S$2:$S$10000,'Raw Data'!$R$2:$R$10000,"No",'Raw Data'!$A$2:$A$10000,$C$1,'Raw Data'!$N$2:$N$10000,"DH",'Raw Data'!$E$2:$E$10000,$B7),"") | L7: =IFERROR(AVERAGEIFS('Raw Data'!$T$2:$T$10000,'Raw Data'!$R$2:$R$10000,"No",'Raw Data'!$A$2:$A$10000,$C$1,'Raw Data'!$N$2:$N$10000,"DH",'Raw Data'!$E$2:$E$10000,$B7),"")
A8: DH | B8: Mysuru | C8: =COUNTIFS('Raw Data'!$R$2:$R$10000,"No",'Raw Data'!$A$2:$A$10000,$C$1,'Raw Data'!$N$2:$N$10000,"DH",'Raw Data'!$E$2:$E$10000,$B8) | D8: =SUMIFS('Raw Data'!$F$2:$F$10000,'Raw Data'!$R$2:$R$10000,"No",'Raw Data'!$A$2:$A$10000,$C$1,'Raw Data'!$N$2:$N$10000,"DH",'Raw Data'!$E$2:$E$10000,$B8) | E8: =IFERROR(AVERAGEIFS('Raw Data'!$G$2:$G$10000,'Raw Data'!$R$2:$R$10000,"No",'Raw Data'!$A$2:$A$10000,$C$1,'Raw Data'!$N$2:$N$10000,"DH",'Raw Data'!$E$2:$E$10000,$B8),"") | F8: =IFERROR(AVERAGEIFS('Raw Data'!$H$2:$H$10000,'Raw Data'!$R$2:$R$10000,"No",'Raw Data'!$A$2:$A$10000,$C$1,'Raw Data'!$N$2:$N$10000,"DH",'Raw Data'!$E$2:$E$10000,$B8),"") | G8: =IFERROR(AVERAGEIFS('Raw Data'!$I$2:$I$10000,'Raw Data'!$R$2:$R$10000,"No",'Raw Data'!$A$2:$A$10000,$C$1,'Raw Data'!$N$2:$N$10000,"DH",'Raw Data'!$E$2:$E$10000,$B8),"") | H8: =IFERROR(AVERAGEIFS('Raw Data'!$J$2:$J$10000,'Raw Data'!$R$2:$R$10000,"No",'Raw Data'!$A$2:$A$10000,$C$1,'Raw Data'!$N$2:$N$10000,"DH",'Raw Data'!$E$2:$E$10000,$B8),"") | I8: =IFERROR(AVERAGEIFS('Raw Data'!$K$2:$K$10000,'Raw Data'!$R$2:$R$10000,"No",'Raw Data'!$A$2:$A$10000,$C$1,'Raw Data'!$N$2:$N$10000,"DH",'Raw Data'!$E$2:$E$10000,$B8),"") | J8: =IFERROR(AVERAGEIFS('Raw Data'!$L$2:$L$10000,'Raw Data'!$R$2:$R$10000,"No",'Raw Data'!$A$2:$A$10000,$C$1,'Raw Data'!$N$2:$N$10000,"DH",'Raw Data'!$E$2:$E$10000,$B8),"") | K8: =IFERROR(AVERAGEIFS('Raw Data'!$S$2:$S$10000,'Raw Data'!$R$2:$R$10000,"No",'Raw Data'!$A$2:$A$10000,$C$1,'Raw Data'!$N$2:$N$10000,"DH",'Raw Data'!$E$2:$E$10000,$B8),"") | L8: =IFERROR(AVERAGEIFS('Raw Data'!$T$2:$T$10000,'Raw Data'!$R$2:$R$10000,"No",'Raw Data'!$A$2:$A$10000,$C$1,'Raw Data'!$N$2:$N$10000,"DH",'Raw Data'!$E$2:$E$10000,$B8),"")
A9: DH | B9: Hubballi | C9: =COUNTIFS('Raw Data'!$R$2:$R$10000,"No",'Raw Data'!$A$2:$A$10000,$C$1,'Raw Data'!$N$2:$N$10000,"DH",'Raw Data'!$E$2:$E$10000,$B9) | D9: =SUMIFS('Raw Data'!$F$2:$F$10000,'Raw Data'!$R$2:$R$10000,"No",'Raw Data'!$A$2:$A$10000,$C$1,'Raw Data'!$N$2:$N$10000,"DH",'Raw Data'!$E$2:$E$10000,$B9) | E9: =IFERROR(AVERAGEIFS('Raw Data'!$G$2:$G$10000,'Raw Data'!$R$2:$R$10000,"No",'Raw Data'!$A$2:$A$10000,$C$1,'Raw Data'!$N$2:$N$10000,"DH",'Raw Data'!$E$2:$E$10000,$B9),"") | F9: =IFERROR(AVERAGEIFS('Raw Data'!$H$2:$H$10000,'Raw Data'!$R$2:$R$10000,"No",'Raw Data'!$A$2:$A$10000,$C$1,'Raw Data'!$N$2:$N$10000,"DH",'Raw Data'!$E$2:$E$10000,$B9),"") | G9: =IFERROR(AVERAGEIFS('Raw Data'!$I$2:$I$10000,'Raw Data'!$R$2:$R$10000,"No",'Raw Data'!$A$2:$A$10000,$C$1,'Raw Data'!$N$2:$N$10000,"DH",'Raw Data'!$E$2:$E$10000,$B9),"") | H9: =IFERROR(AVERAGEIFS('Raw Data'!$J$2:$J$10000,'Raw Data'!$R$2:$R$10000,"No",'Raw Data'!$A$2:$A$10000,$C$1,'Raw Data'!$N$2:$N$10000,"DH",'Raw Data'!$E$2:$E$10000,$B9),"") | I9: =IFERROR(AVERAGEIFS('Raw Data'!$K$2:$K$10000,'Raw Data'!$R$2:$R$10000,"No",'Raw Data'!$A$2:$A$10000,$C$1,'Raw Data'!$N$2:$N$10000,"DH",'Raw Data'!$E$2:$E$10000,$B9),"") | J9: =IFERROR(AVERAGEIFS('Raw Data'!$L$2:$L$10000,'Raw Data'!$R$2:$R$10000,"No",'Raw Data'!$A$2:$A$10000,$C$1,'Raw Data'!$N$2:$N$10000,"DH",'Raw Data'!$E$2:$E$10000,$B9),"") | K9: =IFERROR(AVERAGEIFS('Raw Data'!$S$2:$S$10000,'Raw Data'!$R$2:$R$10000,"No",'Raw Data'!$A$2:$A$10000,$C$1,'Raw Data'!$N$2:$N$10000,"DH",'Raw Data'!$E$2:$E$10000,$B9),"") | L9: =IFERROR(AVERAGEIFS('Raw Data'!$T$2:$T$10000,'Raw Data'!$R$2:$R$10000,"No",'Raw Data'!$A$2:$A$10000,$C$1,'Raw Data'!$N$2:$N$10000,"DH",'Raw Data'!$E$2:$E$10000,$B9),"")
A10: DH | B10: Palakkad | C10: =COUNTIFS('Raw Data'!$R$2:$R$10000,"No",'Raw Data'!$A$2:$A$10000,$C$1,'Raw Data'!$N$2:$N$10000,"DH",'Raw Data'!$E$2:$E$10000,$B10) | D10: =SUMIFS('Raw Data'!$F$2:$F$10000,'Raw Data'!$R$2:$R$10000,"No",'Raw Data'!$A$2:$A$10000,$C$1,'Raw Data'!$N$2:$N$10000,"DH",'Raw Data'!$E$2:$E$10000,$B10) | E10: =IFERROR(AVERAGEIFS('Raw Data'!$G$2:$G$10000,'Raw Data'!$R$2:$R$10000,"No",'Raw Data'!$A$2:$A$10000,$C$1,'Raw Data'!$N$2:$N$10000,"DH",'Raw Data'!$E$2:$E$10000,$B10),"") | F10: =IFERROR(AVERAGEIFS('Raw Data'!$H$2:$H$10000,'Raw Data'!$R$2:$R$10000,"No",'Raw Data'!$A$2:$A$10000,$C$1,'Raw Data'!$N$2:$N$10000,"DH",'Raw Data'!$E$2:$E$10000,$B10),"") | G10: =IFERROR(AVERAGEIFS('Raw Data'!$I$2:$I$10000,'Raw Data'!$R$2:$R$10000,"No",'Raw Data'!$A$2:$A$10000,$C$1,'Raw Data'!$N$2:$N$10000,"DH",'Raw Data'!$E$2:$E$10000,$B10),"") | H10: =IFERROR(AVERAGEIFS('Raw Data'!$J$2:$J$10000,'Raw Data'!$R$2:$R$10000,"No",'Raw Data'!$A$2:$A$10000,$C$1,'Raw Data'!$N$2:$N$10000,"DH",'Raw Data'!$E$2:$E$10000,$B10),"") | I10: =IFERROR(AVERAGEIFS('Raw Data'!$K$2:$K$10000,'Raw Data'!$R$2:$R$10000,"No",'Raw Data'!$A$2:$A$10000,$C$1,'Raw Data'!$N$2:$N$10000,"DH",'Raw Data'!$E$2:$E$10000,$B10),"") | J10: =IFERROR(AVERAGEIFS('Raw Data'!$L$2:$L$10000,'Raw Data'!$R$2:$R$10000,"No",'Raw Data'!$A$2:$A$10000,$C$1,'Raw Data'!$N$2:$N$10000,"DH",'Raw Data'!$E$2:$E$10000,$B10),"") | K10: =IFERROR(AVERAGEIFS('Raw Data'!$S$2:$S$10000,'Raw Data'!$R$2:$R$10000,"No",'Raw Data'!$A$2:$A$10000,$C$1,'Raw Data'!$N$2:$N$10000,"DH",'Raw Data'!$E$2:$E$10000,$B10),"") | L10: =IFERROR(AVERAGEIFS('Raw Data'!$T$2:$T$10000,'Raw Data'!$R$2:$R$10000,"No",'Raw Data'!$A$2:$A$10000,$C$1,'Raw Data'!$N$2:$N$10000,"DH",'Raw Data'!$E$2:$E$10000,$B10),"")
A11: DH | B11: Belgavi | C11: =COUNTIFS('Raw Data'!$R$2:$R$10000,"No",'Raw Data'!$A$2:$A$10000,$C$1,'Raw Data'!$N$2:$N$10000,"DH",'Raw Data'!$E$2:$E$10000,$B11) | D11: =SUMIFS('Raw Data'!$F$2:$F$10000,'Raw Data'!$R$2:$R$10000,"No",'Raw Data'!$A$2:$A$10000,$C$1,'Raw Data'!$N$2:$N$10000,"DH",'Raw Data'!$E$2:$E$10000,$B11) | E11: =IFERROR(AVERAGEIFS('Raw Data'!$G$2:$G$10000,'Raw Data'!$R$2:$R$10000,"No",'Raw Data'!$A$2:$A$10000,$C$1,'Raw Data'!$N$2:$N$10000,"DH",'Raw Data'!$E$2:$E$10000,$B11),"") | F11: =IFERROR(AVERAGEIFS('Raw Data'!$H$2:$H$10000,'Raw Data'!$R$2:$R$10000,"No",'Raw Data'!$A$2:$A$10000,$C$1,'Raw Data'!$N$2:$N$10000,"DH",'Raw Data'!$E$2:$E$10000,$B11),"") | G11: =IFERROR(AVERAGEIFS('Raw Data'!$I$2:$I$10000,'Raw Data'!$R$2:$R$10000,"No",'Raw Data'!$A$2:$A$10000,$C$1,'Raw Data'!$N$2:$N$10000,"DH",'Raw Data'!$E$2:$E$10000,$B11),"") | H11: =IFERROR(AVERAGEIFS('Raw Data'!$J$2:$J$10000,'Raw Data'!$R$2:$R$10000,"No",'Raw Data'!$A$2:$A$10000,$C$1,'Raw Data'!$N$2:$N$10000,"DH",'Raw Data'!$E$2:$E$10000,$B11),"") | I11: =IFERROR(AVERAGEIFS('Raw Data'!$K$2:$K$10000,'Raw Data'!$R$2:$R$10000,"No",'Raw Data'!$A$2:$A$10000,$C$1,'Raw Data'!$N$2:$N$10000,"DH",'Raw Data'!$E$2:$E$10000,$B11),"") | J11: =IFERROR(AVERAGEIFS('Raw Data'!$L$2:$L$10000,'Raw Data'!$R$2:$R$10000,"No",'Raw Data'!$A$2:$A$10000,$C$1,'Raw Data'!$N$2:$N$10000,"DH",'Raw Data'!$E$2:$E$10000,$B11),"") | K11: =IFERROR(AVERAGEIFS('Raw Data'!$S$2:$S$10000,'Raw Data'!$R$2:$R$10000,"No",'Raw Data'!$A$2:$A$10000,$C$1,'Raw Data'!$N$2:$N$10000,"DH",'Raw Data'!$E$2:$E$10000,$B11),"") | L11: =IFERROR(AVERAGEIFS('Raw Data'!$T$2:$T$10000,'Raw Data'!$R$2:$R$10000,"No",'Raw Data'!$A$2:$A$10000,$C$1,'Raw Data'!$N$2:$N$10000,"DH",'Raw Data'!$E$2:$E$10000,$B11),"")
A12: DH | B12: Davanagere | C12: =COUNTIFS('Raw Data'!$R$2:$R$10000,"No",'Raw Data'!$A$2:$A$10000,$C$1,'Raw Data'!$N$2:$N$10000,"DH",'Raw Data'!$E$2:$E$10000,$B12) | D12: =SUMIFS('Raw Data'!$F$2:$F$10000,'Raw Data'!$R$2:$R$10000,"No",'Raw Data'!$A$2:$A$10000,$C$1,'Raw Data'!$N$2:$N$10000,"DH",'Raw Data'!$E$2:$E$10000,$B12) | E12: =IFERROR(AVERAGEIFS('Raw Data'!$G$2:$G$10000,'Raw Data'!$R$2:$R$10000,"No",'Raw Data'!$A$2:$A$10000,$C$1,'Raw Data'!$N$2:$N$10000,"DH",'Raw Data'!$E$2:$E$10000,$B12),"") | F12: =IFERROR(AVERAGEIFS('Raw Data'!$H$2:$H$10000,'Raw Data'!$R$2:$R$10000,"No",'Raw Data'!$A$2:$A$10000,$C$1,'Raw Data'!$N$2:$N$10000,"DH",'Raw Data'!$E$2:$E$10000,$B12),"") | G12: =IFERROR(AVERAGEIFS('Raw Data'!$I$2:$I$10000,'Raw Data'!$R$2:$R$10000,"No",'Raw Data'!$A$2:$A$10000,$C$1,'Raw Data'!$N$2:$N$10000,"DH",'Raw Data'!$E$2:$E$10000,$B12),"") | H12: =IFERROR(AVERAGEIFS('Raw Data'!$J$2:$J$10000,'Raw Data'!$R$2:$R$10000,"No",'Raw Data'!$A$2:$A$10000,$C$1,'Raw Data'!$N$2:$N$10000,"DH",'Raw Data'!$E$2:$E$10000,$B12),"") | I12: =IFERROR(AVERAGEIFS('Raw Data'!$K$2:$K$10000,'Raw Data'!$R$2:$R$10000,"No",'Raw Data'!$A$2:$A$10000,$C$1,'Raw Data'!$N$2:$N$10000,"DH",'Raw Data'!$E$2:$E$10000,$B12),"") | J12: =IFERROR(AVERAGEIFS('Raw Data'!$L$2:$L$10000,'Raw Data'!$R$2:$R$10000,"No",'Raw Data'!$A$2:$A$10000,$C$1,'Raw Data'!$N$2:$N$10000,"DH",'Raw Data'!$E$2:$E$10000,$B12),"") | K12: =IFERROR(AVERAGEIFS('Raw Data'!$S$2:$S$10000,'Raw Data'!$R$2:$R$10000,"No",'Raw Data'!$A$2:$A$10000,$C$1,'Raw Data'!$N$2:$N$10000,"DH",'Raw Data'!$E$2:$E$10000,$B12),"") | L12: =IFERROR(AVERAGEIFS('Raw Data'!$T$2:$T$10000,'Raw Data'!$R$2:$R$10000,"No",'Raw Data'!$A$2:$A$10000,$C$1,'Raw Data'!$N$2:$N$10000,"DH",'Raw Data'!$E$2:$E$10000,$B12),"")
A13: DH | B13: Hosur | C13: =COUNTIFS('Raw Data'!$R$2:$R$10000,"No",'Raw Data'!$A$2:$A$10000,$C$1,'Raw Data'!$N$2:$N$10000,"DH",'Raw Data'!$E$2:$E$10000,$B13) | D13: =SUMIFS('Raw Data'!$F$2:$F$10000,'Raw Data'!$R$2:$R$10000,"No",'Raw Data'!$A$2:$A$10000,$C$1,'Raw Data'!$N$2:$N$10000,"DH",'Raw Data'!$E$2:$E$10000,$B13) | E13: =IFERROR(AVERAGEIFS('Raw Data'!$G$2:$G$10000,'Raw Data'!$R$2:$R$10000,"No",'Raw Data'!$A$2:$A$10000,$C$1,'Raw Data'!$N$2:$N$10000,"DH",'Raw Data'!$E$2:$E$10000,$B13),"") | F13: =IFERROR(AVERAGEIFS('Raw Data'!$H$2:$H$10000,'Raw Data'!$R$2:$R$10000,"No",'Raw Data'!$A$2:$A$10000,$C$1,'Raw Data'!$N$2:$N$10000,"DH",'Raw Data'!$E$2:$E$10000,$B13),"") | G13: =IFERROR(AVERAGEIFS('Raw Data'!$I$2:$I$10000,'Raw Data'!$R$2:$R$10000,"No",'Raw Data'!$A$2:$A$10000,$C$1,'Raw Data'!$N$2:$N$10000,"DH",'Raw Data'!$E$2:$E$10000,$B13),"") | H13: =IFERROR(AVERAGEIFS('Raw Data'!$J$2:$J$10000,'Raw Data'!$R$2:$R$10000,"No",'Raw Data'!$A$2:$A$10000,$C$1,'Raw Data'!$N$2:$N$10000,"DH",'Raw Data'!$E$2:$E$10000,$B13),"") | I13: =IFERROR(AVERAGEIFS('Raw Data'!$K$2:$K$10000,'Raw Data'!$R$2:$R$10000,"No",'Raw Data'!$A$2:$A$10000,$C$1,'Raw Data'!$N$2:$N$10000,"DH",'Raw Data'!$E$2:$E$10000,$B13),"") | J13: =IFERROR(AVERAGEIFS('Raw Data'!$L$2:$L$10000,'Raw Data'!$R$2:$R$10000,"No",'Raw Data'!$A$2:$A$10000,$C$1,'Raw Data'!$N$2:$N$10000,"DH",'Raw Data'!$E$2:$E$10000,$B13),"") | K13: =IFERROR(AVERAGEIFS('Raw Data'!$S$2:$S$10000,'Raw Data'!$R$2:$R$10000,"No",'Raw Data'!$A$2:$A$10000,$C$1,'Raw Data'!$N$2:$N$10000,"DH",'Raw Data'!$E$2:$E$10000,$B13),"") | L13: =IFERROR(AVERAGEIFS('Raw Data'!$T$2:$T$10000,'Raw Data'!$R$2:$R$10000,"No",'Raw Data'!$A$2:$A$10000,$C$1,'Raw Data'!$N$2:$N$10000,"DH",'Raw Data'!$E$2:$E$10000,$B13),"")
A14: DH | B14: Tumkuru | C14: =COUNTIFS('Raw Data'!$R$2:$R$10000,"No",'Raw Data'!$A$2:$A$10000,$C$1,'Raw Data'!$N$2:$N$10000,"DH",'Raw Data'!$E$2:$E$10000,$B14) | D14: =SUMIFS('Raw Data'!$F$2:$F$10000,'Raw Data'!$R$2:$R$10000,"No",'Raw Data'!$A$2:$A$10000,$C$1,'Raw Data'!$N$2:$N$10000,"DH",'Raw Data'!$E$2:$E$10000,$B14) | E14: =IFERROR(AVERAGEIFS('Raw Data'!$G$2:$G$10000,'Raw Data'!$R$2:$R$10000,"No",'Raw Data'!$A$2:$A$10000,$C$1,'Raw Data'!$N$2:$N$10000,"DH",'Raw Data'!$E$2:$E$10000,$B14),"") | F14: =IFERROR(AVERAGEIFS('Raw Data'!$H$2:$H$10000,'Raw Data'!$R$2:$R$10000,"No",'Raw Data'!$A$2:$A$10000,$C$1,'Raw Data'!$N$2:$N$10000,"DH",'Raw Data'!$E$2:$E$10000,$B14),"") | G14: =IFERROR(AVERAGEIFS('Raw Data'!$I$2:$I$10000,'Raw Data'!$R$2:$R$10000,"No",'Raw Data'!$A$2:$A$10000,$C$1,'Raw Data'!$N$2:$N$10000,"DH",'Raw Data'!$E$2:$E$10000,$B14),"") | H14: =IFERROR(AVERAGEIFS('Raw Data'!$J$2:$J$10000,'Raw Data'!$R$2:$R$10000,"No",'Raw Data'!$A$2:$A$10000,$C$1,'Raw Data'!$N$2:$N$10000,"DH",'Raw Data'!$E$2:$E$10000,$B14),"") | I14: =IFERROR(AVERAGEIFS('Raw Data'!$K$2:$K$10000,'Raw Data'!$R$2:$R$10000,"No",'Raw Data'!$A$2:$A$10000,$C$1,'Raw Data'!$N$2:$N$10000,"DH",'Raw Data'!$E$2:$E$10000,$B14),"") | J14: =IFERROR(AVERAGEIFS('Raw Data'!$L$2:$L$10000,'Raw Data'!$R$2:$R$10000,"No",'Raw Data'!$A$2:$A$10000,$C$1,'Raw Data'!$N$2:$N$10000,"DH",'Raw Data'!$E$2:$E$10000,$B14),"") | K14: =IFERROR(AVERAGEIFS('Raw Data'!$S$2:$S$10000,'Raw Data'!$R$2:$R$10000,"No",'Raw Data'!$A$2:$A$10000,$C$1,'Raw Data'!$N$2:$N$10000,"DH",'Raw Data'!$E$2:$E$10000,$B14),"") | L14: =IFERROR(AVERAGEIFS('Raw Data'!$T$2:$T$10000,'Raw Data'!$R$2:$R$10000,"No",'Raw Data'!$A$2:$A$10000,$C$1,'Raw Data'!$N$2:$N$10000,"DH",'Raw Data'!$E$2:$E$10000,$B14),"")
A15: DH | B15: Grand Total | C15: =COUNTIFS('Raw Data'!$R$2:$R$10000,"No",'Raw Data'!$A$2:$A$10000,$C$1,'Raw Data'!$N$2:$N$10000,"DH",'Raw Data'!$E$2:$E$10000,"<>") | D15: =SUMIFS('Raw Data'!$F$2:$F$10000,'Raw Data'!$R$2:$R$10000,"No",'Raw Data'!$A$2:$A$10000,$C$1,'Raw Data'!$N$2:$N$10000,"DH",'Raw Data'!$E$2:$E$10000,"<>") | E15: =IFERROR(AVERAGEIFS('Raw Data'!$G$2:$G$10000,'Raw Data'!$R$2:$R$10000,"No",'Raw Data'!$A$2:$A$10000,$C$1,'Raw Data'!$N$2:$N$10000,"DH",'Raw Data'!$E$2:$E$10000,"<>"),"") | F15: =IFERROR(AVERAGEIFS('Raw Data'!$H$2:$H$10000,'Raw Data'!$R$2:$R$10000,"No",'Raw Data'!$A$2:$A$10000,$C$1,'Raw Data'!$N$2:$N$10000,"DH",'Raw Data'!$E$2:$E$10000,"<>"),"") | G15: =IFERROR(AVERAGEIFS('Raw Data'!$I$2:$I$10000,'Raw Data'!$R$2:$R$10000,"No",'Raw Data'!$A$2:$A$10000,$C$1,'Raw Data'!$N$2:$N$10000,"DH",'Raw Data'!$E$2:$E$10000,"<>"),"") | H15: =IFERROR(AVERAGEIFS('Raw Data'!$J$2:$J$10000,'Raw Data'!$R$2:$R$10000,"No",'Raw Data'!$A$2:$A$10000,$C$1,'Raw Data'!$N$2:$N$10000,"DH",'Raw Data'!$E$2:$E$10000,"<>"),"") | I15: =IFERROR(AVERAGEIFS('Raw Data'!$K$2:$K$10000,'Raw Data'!$R$2:$R$10000,"No",'Raw Data'!$A$2:$A$10000,$C$1,'Raw Data'!$N$2:$N$10000,"DH",'Raw Data'!$E$2:$E$10000,"<>"),"") | J15: =IFERROR(AVERAGEIFS('Raw Data'!$L$2:$L$10000,'Raw Data'!$R$2:$R$10000,"No",'Raw Data'!$A$2:$A$10000,$C$1,'Raw Data'!$N$2:$N$10000,"DH",'Raw Data'!$E$2:$E$10000,"<>"),"") | K15: =IFERROR(AVERAGEIFS('Raw Data'!$S$2:$S$10000,'Raw Data'!$R$2:$R$10000,"No",'Raw Data'!$A$2:$A$10000,$C$1,'Raw Data'!$N$2:$N$10000,"DH",'Raw Data'!$E$2:$E$10000,"<>"),"") | L15: =IFERROR(AVERAGEIFS('Raw Data'!$T$2:$T$10000,'Raw Data'!$R$2:$R$10000,"No",'Raw Data'!$A$2:$A$10000,$C$1,'Raw Data'!$N$2:$N$10000,"DH",'Raw Data'!$E$2:$E$10000,"<>"),"")
A17: Superstore - City Split
A18: Type | B18: City | C18: Store Count | D18: Total Bins | E18: CC MTD % | F18: BA MTD % | G18: IA MTD % | H18: CC ACC % | I18: PD % | J18: Inv Health | K18: CC MTD Target | L18: CC MTD Achieved %
A19: Superstore | B19: Bengaluru | C19: =COUNTIFS('Raw Data'!$R$2:$R$10000,"No",'Raw Data'!$A$2:$A$10000,$C$1,'Raw Data'!$N$2:$N$10000,"Superstore",'Raw Data'!$E$2:$E$10000,$B19) | D19: =SUMIFS('Raw Data'!$F$2:$F$10000,'Raw Data'!$R$2:$R$10000,"No",'Raw Data'!$A$2:$A$10000,$C$1,'Raw Data'!$N$2:$N$10000,"Superstore",'Raw Data'!$E$2:$E$10000,$B19) | E19: =IFERROR(AVERAGEIFS('Raw Data'!$G$2:$G$10000,'Raw Data'!$R$2:$R$10000,"No",'Raw Data'!$A$2:$A$10000,$C$1,'Raw Data'!$N$2:$N$10000,"Superstore",'Raw Data'!$E$2:$E$10000,$B19),"") | F19: =IFERROR(AVERAGEIFS('Raw Data'!$H$2:$H$10000,'Raw Data'!$R$2:$R$10000,"No",'Raw Data'!$A$2:$A$10000,$C$1,'Raw Data'!$N$2:$N$10000,"Superstore",'Raw Data'!$E$2:$E$10000,$B19),"") | G19: =IFERROR(AVERAGEIFS('Raw Data'!$I$2:$I$10000,'Raw Data'!$R$2:$R$10000,"No",'Raw Data'!$A$2:$A$10000,$C$1,'Raw Data'!$N$2:$N$10000,"Superstore",'Raw Data'!$E$2:$E$10000,$B19),"") | H19: =IFERROR(AVERAGEIFS('Raw Data'!$J$2:$J$10000,'Raw Data'!$R$2:$R$10000,"No",'Raw Data'!$A$2:$A$10000,$C$1,'Raw Data'!$N$2:$N$10000,"Superstore",'Raw Data'!$E$2:$E$10000,$B19),"") | I19: =IFERROR(AVERAGEIFS('Raw Data'!$K$2:$K$10000,'Raw Data'!$R$2:$R$10000,"No",'Raw Data'!$A$2:$A$10000,$C$1,'Raw Data'!$N$2:$N$10000,"Superstore",'Raw Data'!$E$2:$E$10000,$B19),"") | J19: =IFERROR(AVERAGEIFS('Raw Data'!$L$2:$L$10000,'Raw Data'!$R$2:$R$10000,"No",'Raw Data'!$A$2:$A$10000,$C$1,'Raw Data'!$N$2:$N$10000,"Superstore",'Raw Data'!$E$2:$E$10000,$B19),"") | K19: =IFERROR(AVERAGEIFS('Raw Data'!$S$2:$S$10000,'Raw Data'!$R$2:$R$10000,"No",'Raw Data'!$A$2:$A$10000,$C$1,'Raw Data'!$N$2:$N$10000,"Superstore",'Raw Data'!$E$2:$E$10000,$B19),"") | L19: =IFERROR(AVERAGEIFS('Raw Data'!$T$2:$T$10000,'Raw Data'!$R$2:$R$10000,"No",'Raw Data'!$A$2:$A$10000,$C$1,'Raw Data'!$N$2:$N$10000,"Superstore",'Raw Data'!$E$2:$E$10000,$B19),"")
A20: Superstore | B20: Kochi | C20: =COUNTIFS('Raw Data'!$R$2:$R$10000,"No",'Raw Data'!$A$2:$A$10000,$C$1,'Raw Data'!$N$2:$N$10000,"Superstore",'Raw Data'!$E$2:$E$10000,$B20) | D20: =SUMIFS('Raw Data'!$F$2:$F$10000,'Raw Data'!$R$2:$R$10000,"No",'Raw Data'!$A$2:$A$10000,$C$1,'Raw Data'!$N$2:$N$10000,"Superstore",'Raw Data'!$E$2:$E$10000,$B20) | E20: =IFERROR(AVERAGEIFS('Raw Data'!$G$2:$G$10000,'Raw Data'!$R$2:$R$10000,"No",'Raw Data'!$A$2:$A$10000,$C$1,'Raw Data'!$N$2:$N$10000,"Superstore",'Raw Data'!$E$2:$E$10000,$B20),"") | F20: =IFERROR(AVERAGEIFS('Raw Data'!$H$2:$H$10000,'Raw Data'!$R$2:$R$10000,"No",'Raw Data'!$A$2:$A$10000,$C$1,'Raw Data'!$N$2:$N$10000,"Superstore",'Raw Data'!$E$2:$E$10000,$B20),"") | G20: =IFERROR(AVERAGEIFS('Raw Data'!$I$2:$I$10000,'Raw Data'!$R$2:$R$10000,"No",'Raw Data'!$A$2:$A$10000,$C$1,'Raw Data'!$N$2:$N$10000,"Superstore",'Raw Data'!$E$2:$E$10000,$B20),"") | H20: =IFERROR(AVERAGEIFS('Raw Data'!$J$2:$J$10000,'Raw Data'!$R$2:$R$10000,"No",'Raw Data'!$A$2:$A$10000,$C$1,'Raw Data'!$N$2:$N$10000,"Superstore",'Raw Data'!$E$2:$E$10000,$B20),"") | I20: =IFERROR(AVERAGEIFS('Raw Data'!$K$2:$K$10000,'Raw Data'!$R$2:$R$10000,"No",'Raw Data'!$A$2:$A$10000,$C$1,'Raw Data'!$N$2:$N$10000,"Superstore",'Raw Data'!$E$2:$E$10000,$B20),"") | J20: =IFERROR(AVERAGEIFS('Raw Data'!$L$2:$L$10000,'Raw Data'!$R$2:$R$10000,"No",'Raw Data'!$A$2:$A$10000,$C$1,'Raw Data'!$N$2:$N$10000,"Superstore",'Raw Data'!$E$2:$E$10000,$B20),"") | K20: =IFERROR(AVERAGEIFS('Raw Data'!$S$2:$S$10000,'Raw Data'!$R$2:$R$10000,"No",'Raw Data'!$A$2:$A$10000,$C$1,'Raw Data'!$N$2:$N$10000,"Superstore",'Raw Data'!$E$2:$E$10000,$B20),"") | L20: =IFERROR(AVERAGEIFS('Raw Data'!$T$2:$T$10000,'Raw Data'!$R$2:$R$10000,"No",'Raw Data'!$A$2:$A$10000,$C$1,'Raw Data'!$N$2:$N$10000,"Superstore",'Raw Data'!$E$2:$E$10000,$B20),"")
A21: Superstore | B21: Coimbatore | C21: =COUNTIFS('Raw Data'!$R$2:$R$10000,"No",'Raw Data'!$A$2:$A$10000,$C$1,'Raw Data'!$N$2:$N$10000,"Superstore",'Raw Data'!$E$2:$E$10000,$B21) | D21: =SUMIFS('Raw Data'!$F$2:$F$10000,'Raw Data'!$R$2:$R$10000,"No",'Raw Data'!$A$2:$A$10000,$C$1,'Raw Data'!$N$2:$N$10000,"Superstore",'Raw Data'!$E$2:$E$10000,$B21) | E21: =IFERROR(AVERAGEIFS('Raw Data'!$G$2:$G$10000,'Raw Data'!$R$2:$R$10000,"No",'Raw Data'!$A$2:$A$10000,$C$1,'Raw Data'!$N$2:$N$10000,"Superstore",'Raw Data'!$E$2:$E$10000,$B21),"") | F21: =IFERROR(AVERAGEIFS('Raw Data'!$H$2:$H$10000,'Raw Data'!$R$2:$R$10000,"No",'Raw Data'!$A$2:$A$10000,$C$1,'Raw Data'!$N$2:$N$10000,"Superstore",'Raw Data'!$E$2:$E$10000,$B21),"") | G21: =IFERROR(AVERAGEIFS('Raw Data'!$I$2:$I$10000,'Raw Data'!$R$2:$R$10000,"No",'Raw Data'!$A$2:$A$10000,$C$1,'Raw Data'!$N$2:$N$10000,"Superstore",'Raw Data'!$E$2:$E$10000,$B21),"") | H21: =IFERROR(AVERAGEIFS('Raw Data'!$J$2:$J$10000,'Raw Data'!$R$2:$R$10000,"No",'Raw Data'!$A$2:$A$10000,$C$1,'Raw Data'!$N$2:$N$10000,"Superstore",'Raw Data'!$E$2:$E$10000,$B21),"") | I21: =IFERROR(AVERAGEIFS('Raw Data'!$K$2:$K$10000,'Raw Data'!$R$2:$R$10000,"No",'Raw Data'!$A$2:$A$10000,$C$1,'Raw Data'!$N$2:$N$10000,"Superstore",'Raw Data'!$E$2:$E$10000,$B21),"") | J21: =IFERROR(AVERAGEIFS('Raw Data'!$L$2:$L$10000,'Raw Data'!$R$2:$R$10000,"No",'Raw Data'!$A$2:$A$10000,$C$1,'Raw Data'!$N$2:$N$10000,"Superstore",'Raw Data'!$E$2:$E$10000,$B21),"") | K21: =IFERROR(AVERAGEIFS('Raw Data'!$S$2:$S$10000,'Raw Data'!$R$2:$R$10000,"No",'Raw Data'!$A$2:$A$10000,$C$1,'Raw Data'!$N$2:$N$10000,"Superstore",'Raw Data'!$E$2:$E$10000,$B21),"") | L21: =IFERROR(AVERAGEIFS('Raw Data'!$T$2:$T$10000,'Raw Data'!$R$2:$R$10000,"No",'Raw Data'!$A$2:$A$10000,$C$1,'Raw Data'!$N$2:$N$10000,"Superstore",'Raw Data'!$E$2:$E$10000,$B21),"")
A22: Superstore | B22: Mysuru | C22: =COUNTIFS('Raw Data'!$R$2:$R$10000,"No",'Raw Data'!$A$2:$A$10000,$C$1,'Raw Data'!$N$2:$N$10000,"Superstore",'Raw Data'!$E$2:$E$10000,$B22) | D22: =SUMIFS('Raw Data'!$F$2:$F$10000,'Raw Data'!$R$2:$R$10000,"No",'Raw Data'!$A$2:$A$10000,$C$1,'Raw Data'!$N$2:$N$10000,"Superstore",'Raw Data'!$E$2:$E$10000,$B22) | E22: =IFERROR(AVERAGEIFS('Raw Data'!$G$2:$G$10000,'Raw Data'!$R$2:$R$10000,"No",'Raw Data'!$A$2:$A$10000,$C$1,'Raw Data'!$N$2:$N$10000,"Superstore",'Raw Data'!$E$2:$E$10000,$B22),"") | F22: =IFERROR(AVERAGEIFS('Raw Data'!$H$2:$H$10000,'Raw Data'!$R$2:$R$10000,"No",'Raw Data'!$A$2:$A$10000,$C$1,'Raw Data'!$N$2:$N$10000,"Superstore",'Raw Data'!$E$2:$E$10000,$B22),"") | G22: =IFERROR(AVERAGEIFS('Raw Data'!$I$2:$I$10000,'Raw Data'!$R$2:$R$10000,"No",'Raw Data'!$A$2:$A$10000,$C$1,'Raw Data'!$N$2:$N$10000,"Superstore",'Raw Data'!$E$2:$E$10000,$B22),"") | H22: =IFERROR(AVERAGEIFS('Raw Data'!$J$2:$J$10000,'Raw Data'!$R$2:$R$10000,"No",'Raw Data'!$A$2:$A$10000,$C$1,'Raw Data'!$N$2:$N$10000,"Superstore",'Raw Data'!$E$2:$E$10000,$B22),"") | I22: =IFERROR(AVERAGEIFS('Raw Data'!$K$2:$K$10000,'Raw Data'!$R$2:$R$10000,"No",'Raw Data'!$A$2:$A$10000,$C$1,'Raw Data'!$N$2:$N$10000,"Superstore",'Raw Data'!$E$2:$E$10000,$B22),"") | J22: =IFERROR(AVERAGEIFS('Raw Data'!$L$2:$L$10000,'Raw Data'!$R$2:$R$10000,"No",'Raw Data'!$A$2:$A$10000,$C$1,'Raw Data'!$N$2:$N$10000,"Superstore",'Raw Data'!$E$2:$E$10000,$B22),"") | K22: =IFERROR(AVERAGEIFS('Raw Data'!$S$2:$S$10000,'Raw Data'!$R$2:$R$10000,"No",'Raw Data'!$A$2:$A$10000,$C$1,'Raw Data'!$N$2:$N$10000,"Superstore",'Raw Data'!$E$2:$E$10000,$B22),"") | L22: =IFERROR(AVERAGEIFS('Raw Data'!$T$2:$T$10000,'Raw Data'!$R$2:$R$10000,"No",'Raw Data'!$A$2:$A$10000,$C$1,'Raw Data'!$N$2:$N$10000,"Superstore",'Raw Data'!$E$2:$E$10000,$B22),"")
A23: Superstore | B23: Hubballi | C23: =COUNTIFS('Raw Data'!$R$2:$R$10000,"No",'Raw Data'!$A$2:$A$10000,$C$1,'Raw Data'!$N$2:$N$10000,"Superstore",'Raw Data'!$E$2:$E$10000,$B23) | D23: =SUMIFS('Raw Data'!$F$2:$F$10000,'Raw Data'!$R$2:$R$10000,"No",'Raw Data'!$A$2:$A$10000,$C$1,'Raw Data'!$N$2:$N$10000,"Superstore",'Raw Data'!$E$2:$E$10000,$B23) | E23: =IFERROR(AVERAGEIFS('Raw Data'!$G$2:$G$10000,'Raw Data'!$R$2:$R$10000,"No",'Raw Data'!$A$2:$A$10000,$C$1,'Raw Data'!$N$2:$N$10000,"Superstore",'Raw Data'!$E$2:$E$10000,$B23),"") | F23: =IFERROR(AVERAGEIFS('Raw Data'!$H$2:$H$10000,'Raw Data'!$R$2:$R$10000,"No",'Raw Data'!$A$2:$A$10000,$C$1,'Raw Data'!$N$2:$N$10000,"Superstore",'Raw Data'!$E$2:$E$10000,$B23),"") | G23: =IFERROR(AVERAGEIFS('Raw Data'!$I$2:$I$10000,'Raw Data'!$R$2:$R$10000,"No",'Raw Data'!$A$2:$A$10000,$C$1,'Raw Data'!$N$2:$N$10000,"Superstore",'Raw Data'!$E$2:$E$10000,$B23),"") | H23: =IFERROR(AVERAGEIFS('Raw Data'!$J$2:$J$10000,'Raw Data'!$R$2:$R$10000,"No",'Raw Data'!$A$2:$A$10000,$C$1,'Raw Data'!$N$2:$N$10000,"Superstore",'Raw Data'!$E$2:$E$10000,$B23),"") | I23: =IFERROR(AVERAGEIFS('Raw Data'!$K$2:$K$10000,'Raw Data'!$R$2:$R$10000,"No",'Raw Data'!$A$2:$A$10000,$C$1,'Raw Data'!$N$2:$N$10000,"Superstore",'Raw Data'!$E$2:$E$10000,$B23),"") | J23: =IFERROR(AVERAGEIFS('Raw Data'!$L$2:$L$10000,'Raw Data'!$R$2:$R$10000,"No",'Raw Data'!$A$2:$A$10000,$C$1,'Raw Data'!$N$2:$N$10000,"Superstore",'Raw Data'!$E$2:$E$10000,$B23),"") | K23: =IFERROR(AVERAGEIFS('Raw Data'!$S$2:$S$10000,'Raw Data'!$R$2:$R$10000,"No",'Raw Data'!$A$2:$A$10000,$C$1,'Raw Data'!$N$2:$N$10000,"Superstore",'Raw Data'!$E$2:$E$10000,$B23),"") | L23: =IFERROR(AVERAGEIFS('Raw Data'!$T$2:$T$10000,'Raw Data'!$R$2:$R$10000,"No",'Raw Data'!$A$2:$A$10000,$C$1,'Raw Data'!$N$2:$N$10000,"Superstore",'Raw Data'!$E$2:$E$10000,$B23),"")
A24: Superstore | B24: Palakkad | C24: =COUNTIFS('Raw Data'!$R$2:$R$10000,"No",'Raw Data'!$A$2:$A$10000,$C$1,'Raw Data'!$N$2:$N$10000,"Superstore",'Raw Data'!$E$2:$E$10000,$B24) | D24: =SUMIFS('Raw Data'!$F$2:$F$10000,'Raw Data'!$R$2:$R$10000,"No",'Raw Data'!$A$2:$A$10000,$C$1,'Raw Data'!$N$2:$N$10000,"Superstore",'Raw Data'!$E$2:$E$10000,$B24) | E24: =IFERROR(AVERAGEIFS('Raw Data'!$G$2:$G$10000,'Raw Data'!$R$2:$R$10000,"No",'Raw Data'!$A$2:$A$10000,$C$1,'Raw Data'!$N$2:$N$10000,"Superstore",'Raw Data'!$E$2:$E$10000,$B24),"") | F24: =IFERROR(AVERAGEIFS('Raw Data'!$H$2:$H$10000,'Raw Data'!$R$2:$R$10000,"No",'Raw Data'!$A$2:$A$10000,$C$1,'Raw Data'!$N$2:$N$10000,"Superstore",'Raw Data'!$E$2:$E$10000,$B24),"") | G24: =IFERROR(AVERAGEIFS('Raw Data'!$I$2:$I$10000,'Raw Data'!$R$2:$R$10000,"No",'Raw Data'!$A$2:$A$10000,$C$1,'Raw Data'!$N$2:$N$10000,"Superstore",'Raw Data'!$E$2:$E$10000,$B24),"") | H24: =IFERROR(AVERAGEIFS('Raw Data'!$J$2:$J$10000,'Raw Data'!$R$2:$R$10000,"No",'Raw Data'!$A$2:$A$10000,$C$1,'Raw Data'!$N$2:$N$10000,"Superstore",'Raw Data'!$E$2:$E$10000,$B24),"") | I24: =IFERROR(AVERAGEIFS('Raw Data'!$K$2:$K$10000,'Raw Data'!$R$2:$R$10000,"No",'Raw Data'!$A$2:$A$10000,$C$1,'Raw Data'!$N$2:$N$10000,"Superstore",'Raw Data'!$E$2:$E$10000,$B24),"") | J24: =IFERROR(AVERAGEIFS('Raw Data'!$L$2:$L$10000,'Raw Data'!$R$2:$R$10000,"No",'Raw Data'!$A$2:$A$10000,$C$1,'Raw Data'!$N$2:$N$10000,"Superstore",'Raw Data'!$E$2:$E$10000,$B24),"") | K24: =IFERROR(AVERAGEIFS('Raw Data'!$S$2:$S$10000,'Raw Data'!$R$2:$R$10000,"No",'Raw Data'!$A$2:$A$10000,$C$1,'Raw Data'!$N$2:$N$10000,"Superstore",'Raw Data'!$E$2:$E$10000,$B24),"") | L24: =IFERROR(AVERAGEIFS('Raw Data'!$T$2:$T$10000,'Raw Data'!$R$2:$R$10000,"No",'Raw Data'!$A$2:$A$10000,$C$1,'Raw Data'!$N$2:$N$10000,"Superstore",'Raw Data'!$E$2:$E$10000,$B24),"")
A25: Superstore | B25: Belgavi | C25: =COUNTIFS('Raw Data'!$R$2:$R$10000,"No",'Raw Data'!$A$2:$A$10000,$C$1,'Raw Data'!$N$2:$N$10000,"Superstore",'Raw Data'!$E$2:$E$10000,$B25) | D25: =SUMIFS('Raw Data'!$F$2:$F$10000,'Raw Data'!$R$2:$R$10000,"No",'Raw Data'!$A$2:$A$10000,$C$1,'Raw Data'!$N$2:$N$10000,"Superstore",'Raw Data'!$E$2:$E$10000,$B25) | E25: =IFERROR(AVERAGEIFS('Raw Data'!$G$2:$G$10000,'Raw Data'!$R$2:$R$10000,"No",'Raw Data'!$A$2:$A$10000,$C$1,'Raw Data'!$N$2:$N$10000,"Superstore",'Raw Data'!$E$2:$E$10000,$B25),"") | F25: =IFERROR(AVERAGEIFS('Raw Data'!$H$2:$H$10000,'Raw Data'!$R$2:$R$10000,"No",'Raw Data'!$A$2:$A$10000,$C$1,'Raw Data'!$N$2:$N$10000,"Superstore",'Raw Data'!$E$2:$E$10000,$B25),"") | G25: =IFERROR(AVERAGEIFS('Raw Data'!$I$2:$I$10000,'Raw Data'!$R$2:$R$10000,"No",'Raw Data'!$A$2:$A$10000,$C$1,'Raw Data'!$N$2:$N$10000,"Superstore",'Raw Data'!$E$2:$E$10000,$B25),"") | H25: =IFERROR(AVERAGEIFS('Raw Data'!$J$2:$J$10000,'Raw Data'!$R$2:$R$10000,"No",'Raw Data'!$A$2:$A$10000,$C$1,'Raw Data'!$N$2:$N$10000,"Superstore",'Raw Data'!$E$2:$E$10000,$B25),"") | I25: =IFERROR(AVERAGEIFS('Raw Data'!$K$2:$K$10000,'Raw Data'!$R$2:$R$10000,"No",'Raw Data'!$A$2:$A$10000,$C$1,'Raw Data'!$N$2:$N$10000,"Superstore",'Raw Data'!$E$2:$E$10000,$B25),"") | J25: =IFERROR(AVERAGEIFS('Raw Data'!$L$2:$L$10000,'Raw Data'!$R$2:$R$10000,"No",'Raw Data'!$A$2:$A$10000,$C$1,'Raw Data'!$N$2:$N$10000,"Superstore",'Raw Data'!$E$2:$E$10000,$B25),"") | K25: =IFERROR(AVERAGEIFS('Raw Data'!$S$2:$S$10000,'Raw Data'!$R$2:$R$10000,"No",'Raw Data'!$A$2:$A$10000,$C$1,'Raw Data'!$N$2:$N$10000,"Superstore",'Raw Data'!$E$2:$E$10000,$B25),"") | L25: =IFERROR(AVERAGEIFS('Raw Data'!$T$2:$T$10000,'Raw Data'!$R$2:$R$10000,"No",'Raw Data'!$A$2:$A$10000,$C$1,'Raw Data'!$N$2:$N$10000,"Superstore",'Raw Data'!$E$2:$E$10000,$B25),"")
A26: Superstore | B26: Davanagere | C26: =COUNTIFS('Raw Data'!$R$2:$R$10000,"No",'Raw Data'!$A$2:$A$10000,$C$1,'Raw Data'!$N$2:$N$10000,"Superstore",'Raw Data'!$E$2:$E$10000,$B26) | D26: =SUMIFS('Raw Data'!$F$2:$F$10000,'Raw Data'!$R$2:$R$10000,"No",'Raw Data'!$A$2:$A$10000,$C$1,'Raw Data'!$N$2:$N$10000,"Superstore",'Raw Data'!$E$2:$E$10000,$B26) | E26: =IFERROR(AVERAGEIFS('Raw Data'!$G$2:$G$10000,'Raw Data'!$R$2:$R$10000,"No",'Raw Data'!$A$2:$A$10000,$C$1,'Raw Data'!$N$2:$N$10000,"Superstore",'Raw Data'!$E$2:$E$10000,$B26),"") | F26: =IFERROR(AVERAGEIFS('Raw Data'!$H$2:$H$10000,'Raw Data'!$R$2:$R$10000,"No",'Raw Data'!$A$2:$A$10000,$C$1,'Raw Data'!$N$2:$N$10000,"Superstore",'Raw Data'!$E$2:$E$10000,$B26),"") | G26: =IFERROR(AVERAGEIFS('Raw Data'!$I$2:$I$10000,'Raw Data'!$R$2:$R$10000,"No",'Raw Data'!$A$2:$A$10000,$C$1,'Raw Data'!$N$2:$N$10000,"Superstore",'Raw Data'!$E$2:$E$10000,$B26),"") | H26: =IFERROR(AVERAGEIFS('Raw Data'!$J$2:$J$10000,'Raw Data'!$R$2:$R$10000,"No",'Raw Data'!$A$2:$A$10000,$C$1,'Raw Data'!$N$2:$N$10000,"Superstore",'Raw Data'!$E$2:$E$10000,$B26),"") | I26: =IFERROR(AVERAGEIFS('Raw Data'!$K$2:$K$10000,'Raw Data'!$R$2:$R$10000,"No",'Raw Data'!$A$2:$A$10000,$C$1,'Raw Data'!$N$2:$N$10000,"Superstore",'Raw Data'!$E$2:$E$10000,$B26),"") | J26: =IFERROR(AVERAGEIFS('Raw Data'!$L$2:$L$10000,'Raw Data'!$R$2:$R$10000,"No",'Raw Data'!$A$2:$A$10000,$C$1,'Raw Data'!$N$2:$N$10000,"Superstore",'Raw Data'!$E$2:$E$10000,$B26),"") | K26: =IFERROR(AVERAGEIFS('Raw Data'!$S$2:$S$10000,'Raw Data'!$R$2:$R$10000,"No",'Raw Data'!$A$2:$A$10000,$C$1,'Raw Data'!$N$2:$N$10000,"Superstore",'Raw Data'!$E$2:$E$10000,$B26),"") | L26: =IFERROR(AVERAGEIFS('Raw Data'!$T$2:$T$10000,'Raw Data'!$R$2:$R$10000,"No",'Raw Data'!$A$2:$A$10000,$C$1,'Raw Data'!$N$2:$N$10000,"Superstore",'Raw Data'!$E$2:$E$10000,$B26),"")
A27: Superstore | B27: Hosur | C27: =COUNTIFS('Raw Data'!$R$2:$R$10000,"No",'Raw Data'!$A$2:$A$10000,$C$1,'Raw Data'!$N$2:$N$10000,"Superstore",'Raw Data'!$E$2:$E$10000,$B27) | D27: =SUMIFS('Raw Data'!$F$2:$F$10000,'Raw Data'!$R$2:$R$10000,"No",'Raw Data'!$A$2:$A$10000,$C$1,'Raw Data'!$N$2:$N$10000,"Superstore",'Raw Data'!$E$2:$E$10000,$B27) | E27: =IFERROR(AVERAGEIFS('Raw Data'!$G$2:$G$10000,'Raw Data'!$R$2:$R$10000,"No",'Raw Data'!$A$2:$A$10000,$C$1,'Raw Data'!$N$2:$N$10000,"Superstore",'Raw Data'!$E$2:$E$10000,$B27),"") | F27: =IFERROR(AVERAGEIFS('Raw Data'!$H$2:$H$10000,'Raw Data'!$R$2:$R$10000,"No",'Raw Data'!$A$2:$A$10000,$C$1,'Raw Data'!$N$2:$N$10000,"Superstore",'Raw Data'!$E$2:$E$10000,$B27),"") | G27: =IFERROR(AVERAGEIFS('Raw Data'!$I$2:$I$10000,'Raw Data'!$R$2:$R$10000,"No",'Raw Data'!$A$2:$A$10000,$C$1,'Raw Data'!$N$2:$N$10000,"Superstore",'Raw Data'!$E$2:$E$10000,$B27),"") | H27: =IFERROR(AVERAGEIFS('Raw Data'!$J$2:$J$10000,'Raw Data'!$R$2:$R$10000,"No",'Raw Data'!$A$2:$A$10000,$C$1,'Raw Data'!$N$2:$N$10000,"Superstore",'Raw Data'!$E$2:$E$10000,$B27),"") | I27: =IFERROR(AVERAGEIFS('Raw Data'!$K$2:$K$10000,'Raw Data'!$R$2:$R$10000,"No",'Raw Data'!$A$2:$A$10000,$C$1,'Raw Data'!$N$2:$N$10000,"Superstore",'Raw Data'!$E$2:$E$10000,$B27),"") | J27: =IFERROR(AVERAGEIFS('Raw Data'!$L$2:$L$10000,'Raw Data'!$R$2:$R$10000,"No",'Raw Data'!$A$2:$A$10000,$C$1,'Raw Data'!$N$2:$N$10000,"Superstore",'Raw Data'!$E$2:$E$10000,$B27),"") | K27: =IFERROR(AVERAGEIFS('Raw Data'!$S$2:$S$10000,'Raw Data'!$R$2:$R$10000,"No",'Raw Data'!$A$2:$A$10000,$C$1,'Raw Data'!$N$2:$N$10000,"Superstore",'Raw Data'!$E$2:$E$10000,$B27),"") | L27: =IFERROR(AVERAGEIFS('Raw Data'!$T$2:$T$10000,'Raw Data'!$R$2:$R$10000,"No",'Raw Data'!$A$2:$A$10000,$C$1,'Raw Data'!$N$2:$N$10000,"Superstore",'Raw Data'!$E$2:$E$10000,$B27),"")
A28: Superstore | B28: Tumkuru | C28: =COUNTIFS('Raw Data'!$R$2:$R$10000,"No",'Raw Data'!$A$2:$A$10000,$C$1,'Raw Data'!$N$2:$N$10000,"Superstore",'Raw Data'!$E$2:$E$10000,$B28) | D28: =SUMIFS('Raw Data'!$F$2:$F$10000,'Raw Data'!$R$2:$R$10000,"No",'Raw Data'!$A$2:$A$10000,$C$1,'Raw Data'!$N$2:$N$10000,"Superstore",'Raw Data'!$E$2:$E$10000,$B28) | E28: =IFERROR(AVERAGEIFS('Raw Data'!$G$2:$G$10000,'Raw Data'!$R$2:$R$10000,"No",'Raw Data'!$A$2:$A$10000,$C$1,'Raw Data'!$N$2:$N$10000,"Superstore",'Raw Data'!$E$2:$E$10000,$B28),"") | F28: =IFERROR(AVERAGEIFS('Raw Data'!$H$2:$H$10000,'Raw Data'!$R$2:$R$10000,"No",'Raw Data'!$A$2:$A$10000,$C$1,'Raw Data'!$N$2:$N$10000,"Superstore",'Raw Data'!$E$2:$E$10000,$B28),"") | G28: =IFERROR(AVERAGEIFS('Raw Data'!$I$2:$I$10000,'Raw Data'!$R$2:$R$10000,"No",'Raw Data'!$A$2:$A$10000,$C$1,'Raw Data'!$N$2:$N$10000,"Superstore",'Raw Data'!$E$2:$E$10000,$B28),"") | H28: =IFERROR(AVERAGEIFS('Raw Data'!$J$2:$J$10000,'Raw Data'!$R$2:$R$10000,"No",'Raw Data'!$A$2:$A$10000,$C$1,'Raw Data'!$N$2:$N$10000,"Superstore",'Raw Data'!$E$2:$E$10000,$B28),"") | I28: =IFERROR(AVERAGEIFS('Raw Data'!$K$2:$K$10000,'Raw Data'!$R$2:$R$10000,"No",'Raw Data'!$A$2:$A$10000,$C$1,'Raw Data'!$N$2:$N$10000,"Superstore",'Raw Data'!$E$2:$E$10000,$B28),"") | J28: =IFERROR(AVERAGEIFS('Raw Data'!$L$2:$L$10000,'Raw Data'!$R$2:$R$10000,"No",'Raw Data'!$A$2:$A$10000,$C$1,'Raw Data'!$N$2:$N$10000,"Superstore",'Raw Data'!$E$2:$E$10000,$B28),"") | K28: =IFERROR(AVERAGEIFS('Raw Data'!$S$2:$S$10000,'Raw Data'!$R$2:$R$10000,"No",'Raw Data'!$A$2:$A$10000,$C$1,'Raw Data'!$N$2:$N$10000,"Superstore",'Raw Data'!$E$2:$E$10000,$B28),"") | L28: =IFERROR(AVERAGEIFS('Raw Data'!$T$2:$T$10000,'Raw Data'!$R$2:$R$10000,"No",'Raw Data'!$A$2:$A$10000,$C$1,'Raw Data'!$N$2:$N$10000,"Superstore",'Raw Data'!$E$2:$E$10000,$B28),"")
A29: Superstore | B29: Grand Total | C29: =COUNTIFS('Raw Data'!$R$2:$R$10000,"No",'Raw Data'!$A$2:$A$10000,$C$1,'Raw Data'!$N$2:$N$10000,"Superstore",'Raw Data'!$E$2:$E$10000,"<>") | D29: =SUMIFS('Raw Data'!$F$2:$F$10000,'Raw Data'!$R$2:$R$10000,"No",'Raw Data'!$A$2:$A$10000,$C$1,'Raw Data'!$N$2:$N$10000,"Superstore",'Raw Data'!$E$2:$E$10000,"<>") | E29: =IFERROR(AVERAGEIFS('Raw Data'!$G$2:$G$10000,'Raw Data'!$R$2:$R$10000,"No",'Raw Data'!$A$2:$A$10000,$C$1,'Raw Data'!$N$2:$N$10000,"Superstore",'Raw Data'!$E$2:$E$10000,"<>"),"") | F29: =IFERROR(AVERAGEIFS('Raw Data'!$H$2:$H$10000,'Raw Data'!$R$2:$R$10000,"No",'Raw Data'!$A$2:$A$10000,$C$1,'Raw Data'!$N$2:$N$10000,"Superstore",'Raw Data'!$E$2:$E$10000,"<>"),"") | G29: =IFERROR(AVERAGEIFS('Raw Data'!$I$2:$I$10000,'Raw Data'!$R$2:$R$10000,"No",'Raw Data'!$A$2:$A$10000,$C$1,'Raw Data'!$N$2:$N$10000,"Superstore",'Raw Data'!$E$2:$E$10000,"<>"),"") | H29: =IFERROR(AVERAGEIFS('Raw Data'!$J$2:$J$10000,'Raw Data'!$R$2:$R$10000,"No",'Raw Data'!$A$2:$A$10000,$C$1,'Raw Data'!$N$2:$N$10000,"Superstore",'Raw Data'!$E$2:$E$10000,"<>"),"") | I29: =IFERROR(AVERAGEIFS('Raw Data'!$K$2:$K$10000,'Raw Data'!$R$2:$R$10000,"No",'Raw Data'!$A$2:$A$10000,$C$1,'Raw Data'!$N$2:$N$10000,"Superstore",'Raw Data'!$E$2:$E$10000,"<>"),"") | J29: =IFERROR(AVERAGEIFS('Raw Data'!$L$2:$L$10000,'Raw Data'!$R$2:$R$10000,"No",'Raw Data'!$A$2:$A$10000,$C$1,'Raw Data'!$N$2:$N$10000,"Superstore",'Raw Data'!$E$2:$E$10000,"<>"),"") | K29: =IFERROR(AVERAGEIFS('Raw Data'!$S$2:$S$10000,'Raw Data'!$R$2:$R$10000,"No",'Raw Data'!$A$2:$A$10000,$C$1,'Raw Data'!$N$2:$N$10000,"Superstore",'Raw Data'!$E$2:$E$10000,"<>"),"") | L29: =IFERROR(AVERAGEIFS('Raw Data'!$T$2:$T$10000,'Raw Data'!$R$2:$R$10000,"No",'Raw Data'!$A$2:$A$10000,$C$1,'Raw Data'!$N$2:$N$10000,"Superstore",'Raw Data'!$E$2:$E$10000,"<>"),"")
A31: Combined - City Split
A32: Type | B32: City | C32: Store Count | D32: Total Bins | E32: CC MTD % | F32: BA MTD % | G32: IA MTD % | H32: CC ACC % | I32: PD % | J32: Inv Health | K32: CC MTD Target | L32: CC MTD Achieved %
A33: Combined | B33: Bengaluru | C33: =COUNTIFS('Raw Data'!$R$2:$R$10000,"No",'Raw Data'!$A$2:$A$10000,$C$1,'Raw Data'!$N$2:$N$10000,"<>",'Raw Data'!$E$2:$E$10000,$B33) | D33: =SUMIFS('Raw Data'!$F$2:$F$10000,'Raw Data'!$R$2:$R$10000,"No",'Raw Data'!$A$2:$A$10000,$C$1,'Raw Data'!$N$2:$N$10000,"<>",'Raw Data'!$E$2:$E$10000,$B33) | E33: =IFERROR(AVERAGEIFS('Raw Data'!$G$2:$G$10000,'Raw Data'!$R$2:$R$10000,"No",'Raw Data'!$A$2:$A$10000,$C$1,'Raw Data'!$N$2:$N$10000,"<>",'Raw Data'!$E$2:$E$10000,$B33),"") | F33: =IFERROR(AVERAGEIFS('Raw Data'!$H$2:$H$10000,'Raw Data'!$R$2:$R$10000,"No",'Raw Data'!$A$2:$A$10000,$C$1,'Raw Data'!$N$2:$N$10000,"<>",'Raw Data'!$E$2:$E$10000,$B33),"") | G33: =IFERROR(AVERAGEIFS('Raw Data'!$I$2:$I$10000,'Raw Data'!$R$2:$R$10000,"No",'Raw Data'!$A$2:$A$10000,$C$1,'Raw Data'!$N$2:$N$10000,"<>",'Raw Data'!$E$2:$E$10000,$B33),"") | H33: =IFERROR(AVERAGEIFS('Raw Data'!$J$2:$J$10000,'Raw Data'!$R$2:$R$10000,"No",'Raw Data'!$A$2:$A$10000,$C$1,'Raw Data'!$N$2:$N$10000,"<>",'Raw Data'!$E$2:$E$10000,$B33),"") | I33: =IFERROR(AVERAGEIFS('Raw Data'!$K$2:$K$10000,'Raw Data'!$R$2:$R$10000,"No",'Raw Data'!$A$2:$A$10000,$C$1,'Raw Data'!$N$2:$N$10000,"<>",'Raw Data'!$E$2:$E$10000,$B33),"") | J33: =IFERROR(AVERAGEIFS('Raw Data'!$L$2:$L$10000,'Raw Data'!$R$2:$R$10000,"No",'Raw Data'!$A$2:$A$10000,$C$1,'Raw Data'!$N$2:$N$10000,"<>",'Raw Data'!$E$2:$E$10000,$B33),"") | K33: =IFERROR(AVERAGEIFS('Raw Data'!$S$2:$S$10000,'Raw Data'!$R$2:$R$10000,"No",'Raw Data'!$A$2:$A$10000,$C$1,'Raw Data'!$N$2:$N$10000,"<>",'Raw Data'!$E$2:$E$10000,$B33),"") | L33: =IFERROR(AVERAGEIFS('Raw Data'!$T$2:$T$10000,'Raw Data'!$R$2:$R$10000,"No",'Raw Data'!$A$2:$A$10000,$C$1,'Raw Data'!$N$2:$N$10000,"<>",'Raw Data'!$E$2:$E$10000,$B33),"")
A34: Combined | B34: Kochi | C34: =COUNTIFS('Raw Data'!$R$2:$R$10000,"No",'Raw Data'!$A$2:$A$10000,$C$1,'Raw Data'!$N$2:$N$10000,"<>",'Raw Data'!$E$2:$E$10000,$B34) | D34: =SUMIFS('Raw Data'!$F$2:$F$10000,'Raw Data'!$R$2:$R$10000,"No",'Raw Data'!$A$2:$A$10000,$C$1,'Raw Data'!$N$2:$N$10000,"<>",'Raw Data'!$E$2:$E$10000,$B34) | E34: =IFERROR(AVERAGEIFS('Raw Data'!$G$2:$G$10000,'Raw Data'!$R$2:$R$10000,"No",'Raw Data'!$A$2:$A$10000,$C$1,'Raw Data'!$N$2:$N$10000,"<>",'Raw Data'!$E$2:$E$10000,$B34),"") | F34: =IFERROR(AVERAGEIFS('Raw Data'!$H$2:$H$10000,'Raw Data'!$R$2:$R$10000,"No",'Raw Data'!$A$2:$A$10000,$C$1,'Raw Data'!$N$2:$N$10000,"<>",'Raw Data'!$E$2:$E$10000,$B34),"") | G34: =IFERROR(AVERAGEIFS('Raw Data'!$I$2:$I$10000,'Raw Data'!$R$2:$R$10000,"No",'Raw Data'!$A$2:$A$10000,$C$1,'Raw Data'!$N$2:$N$10000,"<>",'Raw Data'!$E$2:$E$10000,$B34),"") | H34: =IFERROR(AVERAGEIFS('Raw Data'!$J$2:$J$10000,'Raw Data'!$R$2:$R$10000,"No",'Raw Data'!$A$2:$A$10000,$C$1,'Raw Data'!$N$2:$N$10000,"<>",'Raw Data'!$E$2:$E$10000,$B34),"") | I34: =IFERROR(AVERAGEIFS('Raw Data'!$K$2:$K$10000,'Raw Data'!$R$2:$R$10000,"No",'Raw Data'!$A$2:$A$10000,$C$1,'Raw Data'!$N$2:$N$10000,"<>",'Raw Data'!$E$2:$E$10000,$B34),"") | J34: =IFERROR(AVERAGEIFS('Raw Data'!$L$2:$L$10000,'Raw Data'!$R$2:$R$10000,"No",'Raw Data'!$A$2:$A$10000,$C$1,'Raw Data'!$N$2:$N$10000,"<>",'Raw Data'!$E$2:$E$10000,$B34),"") | K34: =IFERROR(AVERAGEIFS('Raw Data'!$S$2:$S$10000,'Raw Data'!$R$2:$R$10000,"No",'Raw Data'!$A$2:$A$10000,$C$1,'Raw Data'!$N$2:$N$10000,"<>",'Raw Data'!$E$2:$E$10000,$B34),"") | L34: =IFERROR(AVERAGEIFS('Raw Data'!$T$2:$T$10000,'Raw Data'!$R$2:$R$10000,"No",'Raw Data'!$A$2:$A$10000,$C$1,'Raw Data'!$N$2:$N$10000,"<>",'Raw Data'!$E$2:$E$10000,$B34),"")
A35: Combined | B35: Coimbatore | C35: =COUNTIFS('Raw Data'!$R$2:$R$10000,"No",'Raw Data'!$A$2:$A$10000,$C$1,'Raw Data'!$N$2:$N$10000,"<>",'Raw Data'!$E$2:$E$10000,$B35) | D35: =SUMIFS('Raw Data'!$F$2:$F$10000,'Raw Data'!$R$2:$R$10000,"No",'Raw Data'!$A$2:$A$10000,$C$1,'Raw Data'!$N$2:$N$10000,"<>",'Raw Data'!$E$2:$E$10000,$B35) | E35: =IFERROR(AVERAGEIFS('Raw Data'!$G$2:$G$10000,'Raw Data'!$R$2:$R$10000,"No",'Raw Data'!$A$2:$A$10000,$C$1,'Raw Data'!$N$2:$N$10000,"<>",'Raw Data'!$E$2:$E$10000,$B35),"") | F35: =IFERROR(AVERAGEIFS('Raw Data'!$H$2:$H$10000,'Raw Data'!$R$2:$R$10000,"No",'Raw Data'!$A$2:$A$10000,$C$1,'Raw Data'!$N$2:$N$10000,"<>",'Raw Data'!$E$2:$E$10000,$B35),"") | G35: =IFERROR(AVERAGEIFS('Raw Data'!$I$2:$I$10000,'Raw Data'!$R$2:$R$10000,"No",'Raw Data'!$A$2:$A$10000,$C$1,'Raw Data'!$N$2:$N$10000,"<>",'Raw Data'!$E$2:$E$10000,$B35),"") | H35: =IFERROR(AVERAGEIFS('Raw Data'!$J$2:$J$10000,'Raw Data'!$R$2:$R$10000,"No",'Raw Data'!$A$2:$A$10000,$C$1,'Raw Data'!$N$2:$N$10000,"<>",'Raw Data'!$E$2:$E$10000,$B35),"") | I35: =IFERROR(AVERAGEIFS('Raw Data'!$K$2:$K$10000,'Raw Data'!$R$2:$R$10000,"No",'Raw Data'!$A$2:$A$10000,$C$1,'Raw Data'!$N$2:$N$10000,"<>",'Raw Data'!$E$2:$E$10000,$B35),"") | J35: =IFERROR(AVERAGEIFS('Raw Data'!$L$2:$L$10000,'Raw Data'!$R$2:$R$10000,"No",'Raw Data'!$A$2:$A$10000,$C$1,'Raw Data'!$N$2:$N$10000,"<>",'Raw Data'!$E$2:$E$10000,$B35),"") | K35: =IFERROR(AVERAGEIFS('Raw Data'!$S$2:$S$10000,'Raw Data'!$R$2:$R$10000,"No",'Raw Data'!$A$2:$A$10000,$C$1,'Raw Data'!$N$2:$N$10000,"<>",'Raw Data'!$E$2:$E$10000,$B35),"") | L35: =IFERROR(AVERAGEIFS('Raw Data'!$T$2:$T$10000,'Raw Data'!$R$2:$R$10000,"No",'Raw Data'!$A$2:$A$10000,$C$1,'Raw Data'!$N$2:$N$10000,"<>",'Raw Data'!$E$2:$E$10000,$B35),"")
A36: Combined | B36: Mysuru | C36: =COUNTIFS('Raw Data'!$R$2:$R$10000,"No",'Raw Data'!$A$2:$A$10000,$C$1,'Raw Data'!$N$2:$N$10000,"<>",'Raw Data'!$E$2:$E$10000,$B36) | D36: =SUMIFS('Raw Data'!$F$2:$F$10000,'Raw Data'!$R$2:$R$10000,"No",'Raw Data'!$A$2:$A$10000,$C$1,'Raw Data'!$N$2:$N$10000,"<>",'Raw Data'!$E$2:$E$10000,$B36) | E36: =IFERROR(AVERAGEIFS('Raw Data'!$G$2:$G$10000,'Raw Data'!$R$2:$R$10000,"No",'Raw Data'!$A$2:$A$10000,$C$1,'Raw Data'!$N$2:$N$10000,"<>",'Raw Data'!$E$2:$E$10000,$B36),"") | F36: =IFERROR(AVERAGEIFS('Raw Data'!$H$2:$H$10000,'Raw Data'!$R$2:$R$10000,"No",'Raw Data'!$A$2:$A$10000,$C$1,'Raw Data'!$N$2:$N$10000,"<>",'Raw Data'!$E$2:$E$10000,$B36),"") | G36: =IFERROR(AVERAGEIFS('Raw Data'!$I$2:$I$10000,'Raw Data'!$R$2:$R$10000,"No",'Raw Data'!$A$2:$A$10000,$C$1,'Raw Data'!$N$2:$N$10000,"<>",'Raw Data'!$E$2:$E$10000,$B36),"") | H36: =IFERROR(AVERAGEIFS('Raw Data'!$J$2:$J$10000,'Raw Data'!$R$2:$R$10000,"No",'Raw Data'!$A$2:$A$10000,$C$1,'Raw Data'!$N$2:$N$10000,"<>",'Raw Data'!$E$2:$E$10000,$B36),"") | I36: =IFERROR(AVERAGEIFS('Raw Data'!$K$2:$K$10000,'Raw Data'!$R$2:$R$10000,"No",'Raw Data'!$A$2:$A$10000,$C$1,'Raw Data'!$N$2:$N$10000,"<>",'Raw Data'!$E$2:$E$10000,$B36),"") | J36: =IFERROR(AVERAGEIFS('Raw Data'!$L$2:$L$10000,'Raw Data'!$R$2:$R$10000,"No",'Raw Data'!$A$2:$A$10000,$C$1,'Raw Data'!$N$2:$N$10000,"<>",'Raw Data'!$E$2:$E$10000,$B36),"") | K36: =IFERROR(AVERAGEIFS('Raw Data'!$S$2:$S$10000,'Raw Data'!$R$2:$R$10000,"No",'Raw Data'!$A$2:$A$10000,$C$1,'Raw Data'!$N$2:$N$10000,"<>",'Raw Data'!$E$2:$E$10000,$B36),"") | L36: =IFERROR(AVERAGEIFS('Raw Data'!$T$2:$T$10000,'Raw Data'!$R$2:$R$10000,"No",'Raw Data'!$A$2:$A$10000,$C$1,'Raw Data'!$N$2:$N$10000,"<>",'Raw Data'!$E$2:$E$10000,$B36),"")
A37: Combined | B37: Hubballi | C37: =COUNTIFS('Raw Data'!$R$2:$R$10000,"No",'Raw Data'!$A$2:$A$10000,$C$1,'Raw Data'!$N$2:$N$10000,"<>",'Raw Data'!$E$2:$E$10000,$B37) | D37: =SUMIFS('Raw Data'!$F$2:$F$10000,'Raw Data'!$R$2:$R$10000,"No",'Raw Data'!$A$2:$A$10000,$C$1,'Raw Data'!$N$2:$N$10000,"<>",'Raw Data'!$E$2:$E$10000,$B37) | E37: =IFERROR(AVERAGEIFS('Raw Data'!$G$2:$G$10000,'Raw Data'!$R$2:$R$10000,"No",'Raw Data'!$A$2:$A$10000,$C$1,'Raw Data'!$N$2:$N$10000,"<>",'Raw Data'!$E$2:$E$10000,$B37),"") | F37: =IFERROR(AVERAGEIFS('Raw Data'!$H$2:$H$10000,'Raw Data'!$R$2:$R$10000,"No",'Raw Data'!$A$2:$A$10000,$C$1,'Raw Data'!$N$2:$N$10000,"<>",'Raw Data'!$E$2:$E$10000,$B37),"") | G37: =IFERROR(AVERAGEIFS('Raw Data'!$I$2:$I$10000,'Raw Data'!$R$2:$R$10000,"No",'Raw Data'!$A$2:$A$10000,$C$1,'Raw Data'!$N$2:$N$10000,"<>",'Raw Data'!$E$2:$E$10000,$B37),"") | H37: =IFERROR(AVERAGEIFS('Raw Data'!$J$2:$J$10000,'Raw Data'!$R$2:$R$10000,"No",'Raw Data'!$A$2:$A$10000,$C$1,'Raw Data'!$N$2:$N$10000,"<>",'Raw Data'!$E$2:$E$10000,$B37),"") | I37: =IFERROR(AVERAGEIFS('Raw Data'!$K$2:$K$10000,'Raw Data'!$R$2:$R$10000,"No",'Raw Data'!$A$2:$A$10000,$C$1,'Raw Data'!$N$2:$N$10000,"<>",'Raw Data'!$E$2:$E$10000,$B37),"") | J37: =IFERROR(AVERAGEIFS('Raw Data'!$L$2:$L$10000,'Raw Data'!$R$2:$R$10000,"No",'Raw Data'!$A$2:$A$10000,$C$1,'Raw Data'!$N$2:$N$10000,"<>",'Raw Data'!$E$2:$E$10000,$B37),"") | K37: =IFERROR(AVERAGEIFS('Raw Data'!$S$2:$S$10000,'Raw Data'!$R$2:$R$10000,"No",'Raw Data'!$A$2:$A$10000,$C$1,'Raw Data'!$N$2:$N$10000,"<>",'Raw Data'!$E$2:$E$10000,$B37),"") | L37: =IFERROR(AVERAGEIFS('Raw Data'!$T$2:$T$10000,'Raw Data'!$R$2:$R$10000,"No",'Raw Data'!$A$2:$A$10000,$C$1,'Raw Data'!$N$2:$N$10000,"<>",'Raw Data'!$E$2:$E$10000,$B37),"")
A38: Combined | B38: Palakkad | C38: =COUNTIFS('Raw Data'!$R$2:$R$10000,"No",'Raw Data'!$A$2:$A$10000,$C$1,'Raw Data'!$N$2:$N$10000,"<>",'Raw Data'!$E$2:$E$10000,$B38) | D38: =SUMIFS('Raw Data'!$F$2:$F$10000,'Raw Data'!$R$2:$R$10000,"No",'Raw Data'!$A$2:$A$10000,$C$1,'Raw Data'!$N$2:$N$10000,"<>",'Raw Data'!$E$2:$E$10000,$B38) | E38: =IFERROR(AVERAGEIFS('Raw Data'!$G$2:$G$10000,'Raw Data'!$R$2:$R$10000,"No",'Raw Data'!$A$2:$A$10000,$C$1,'Raw Data'!$N$2:$N$10000,"<>",'Raw Data'!$E$2:$E$10000,$B38),"") | F38: =IFERROR(AVERAGEIFS('Raw Data'!$H$2:$H$10000,'Raw Data'!$R$2:$R$10000,"No",'Raw Data'!$A$2:$A$10000,$C$1,'Raw Data'!$N$2:$N$10000,"<>",'Raw Data'!$E$2:$E$10000,$B38),"") | G38: =IFERROR(AVERAGEIFS('Raw Data'!$I$2:$I$10000,'Raw Data'!$R$2:$R$10000,"No",'Raw Data'!$A$2:$A$10000,$C$1,'Raw Data'!$N$2:$N$10000,"<>",'Raw Data'!$E$2:$E$10000,$B38),"") | H38: =IFERROR(AVERAGEIFS('Raw Data'!$J$2:$J$10000,'Raw Data'!$R$2:$R$10000,"No",'Raw Data'!$A$2:$A$10000,$C$1,'Raw Data'!$N$2:$N$10000,"<>",'Raw Data'!$E$2:$E$10000,$B38),"") | I38: =IFERROR(AVERAGEIFS('Raw Data'!$K$2:$K$10000,'Raw Data'!$R$2:$R$10000,"No",'Raw Data'!$A$2:$A$10000,$C$1,'Raw Data'!$N$2:$N$10000,"<>",'Raw Data'!$E$2:$E$10000,$B38),"") | J38: =IFERROR(AVERAGEIFS('Raw Data'!$L$2:$L$10000,'Raw Data'!$R$2:$R$10000,"No",'Raw Data'!$A$2:$A$10000,$C$1,'Raw Data'!$N$2:$N$10000,"<>",'Raw Data'!$E$2:$E$10000,$B38),"") | K38: =IFERROR(AVERAGEIFS('Raw Data'!$S$2:$S$10000,'Raw Data'!$R$2:$R$10000,"No",'Raw Data'!$A$2:$A$10000,$C$1,'Raw Data'!$N$2:$N$10000,"<>",'Raw Data'!$E$2:$E$10000,$B38),"") | L38: =IFERROR(AVERAGEIFS('Raw Data'!$T$2:$T$10000,'Raw Data'!$R$2:$R$10000,"No",'Raw Data'!$A$2:$A$10000,$C$1,'Raw Data'!$N$2:$N$10000,"<>",'Raw Data'!$E$2:$E$10000,$B38),"")
A39: Combined | B39: Belgavi | C39: =COUNTIFS('Raw Data'!$R$2:$R$10000,"No",'Raw Data'!$A$2:$A$10000,$C$1,'Raw Data'!$N$2:$N$10000,"<>",'Raw Data'!$E$2:$E$10000,$B39) | D39: =SUMIFS('Raw Data'!$F$2:$F$10000,'Raw Data'!$R$2:$R$10000,"No",'Raw Data'!$A$2:$A$10000,$C$1,'Raw Data'!$N$2:$N$10000,"<>",'Raw Data'!$E$2:$E$10000,$B39) | E39: =IFERROR(AVERAGEIFS('Raw Data'!$G$2:$G$10000,'Raw Data'!$R$2:$R$10000,"No",'Raw Data'!$A$2:$A$10000,$C$1,'Raw Data'!$N$2:$N$10000,"<>",'Raw Data'!$E$2:$E$10000,$B39),"") | F39: =IFERROR(AVERAGEIFS('Raw Data'!$H$2:$H$10000,'Raw Data'!$R$2:$R$10000,"No",'Raw Data'!$A$2:$A$10000,$C$1,'Raw Data'!$N$2:$N$10000,"<>",'Raw Data'!$E$2:$E$10000,$B39),"") | G39: =IFERROR(AVERAGEIFS('Raw Data'!$I$2:$I$10000,'Raw Data'!$R$2:$R$10000,"No",'Raw Data'!$A$2:$A$10000,$C$1,'Raw Data'!$N$2:$N$10000,"<>",'Raw Data'!$E$2:$E$10000,$B39),"") | H39: =IFERROR(AVERAGEIFS('Raw Data'!$J$2:$J$10000,'Raw Data'!$R$2:$R$10000,"No",'Raw Data'!$A$2:$A$10000,$C$1,'Raw Data'!$N$2:$N$10000,"<>",'Raw Data'!$E$2:$E$10000,$B39),"") | I39: =IFERROR(AVERAGEIFS('Raw Data'!$K$2:$K$10000,'Raw Data'!$R$2:$R$10000,"No",'Raw Data'!$A$2:$A$10000,$C$1,'Raw Data'!$N$2:$N$10000,"<>",'Raw Data'!$E$2:$E$10000,$B39),"") | J39: =IFERROR(AVERAGEIFS('Raw Data'!$L$2:$L$10000,'Raw Data'!$R$2:$R$10000,"No",'Raw Data'!$A$2:$A$10000,$C$1,'Raw Data'!$N$2:$N$10000,"<>",'Raw Data'!$E$2:$E$10000,$B39),"") | K39: =IFERROR(AVERAGEIFS('Raw Data'!$S$2:$S$10000,'Raw Data'!$R$2:$R$10000,"No",'Raw Data'!$A$2:$A$10000,$C$1,'Raw Data'!$N$2:$N$10000,"<>",'Raw Data'!$E$2:$E$10000,$B39),"") | L39: =IFERROR(AVERAGEIFS('Raw Data'!$T$2:$T$10000,'Raw Data'!$R$2:$R$10000,"No",'Raw Data'!$A$2:$A$10000,$C$1,'Raw Data'!$N$2:$N$10000,"<>",'Raw Data'!$E$2:$E$10000,$B39),"")
A40: Combined | B40: Davanagere | C40: =COUNTIFS('Raw Data'!$R$2:$R$10000,"No",'Raw Data'!$A$2:$A$10000,$C$1,'Raw Data'!$N$2:$N$10000,"<>",'Raw Data'!$E$2:$E$10000,$B40) | D40: =SUMIFS('Raw Data'!$F$2:$F$10000,'Raw Data'!$R$2:$R$10000,"No",'Raw Data'!$A$2:$A$10000,$C$1,'Raw Data'!$N$2:$N$10000,"<>",'Raw Data'!$E$2:$E$10000,$B40) | E40: =IFERROR(AVERAGEIFS('Raw Data'!$G$2:$G$10000,'Raw Data'!$R$2:$R$10000,"No",'Raw Data'!$A$2:$A$10000,$C$1,'Raw Data'!$N$2:$N$10000,"<>",'Raw Data'!$E$2:$E$10000,$B40),"") | F40: =IFERROR(AVERAGEIFS('Raw Data'!$H$2:$H$10000,'Raw Data'!$R$2:$R$10000,"No",'Raw Data'!$A$2:$A$10000,$C$1,'Raw Data'!$N$2:$N$10000,"<>",'Raw Data'!$E$2:$E$10000,$B40),"") | G40: =IFERROR(AVERAGEIFS('Raw Data'!$I$2:$I$10000,'Raw Data'!$R$2:$R$10000,"No",'Raw Data'!$A$2:$A$10000,$C$1,'Raw Data'!$N$2:$N$10000,"<>",'Raw Data'!$E$2:$E$10000,$B40),"") | H40: =IFERROR(AVERAGEIFS('Raw Data'!$J$2:$J$10000,'Raw Data'!$R$2:$R$10000,"No",'Raw Data'!$A$2:$A$10000,$C$1,'Raw Data'!$N$2:$N$10000,"<>",'Raw Data'!$E$2:$E$10000,$B40),"") | I40: =IFERROR(AVERAGEIFS('Raw Data'!$K$2:$K$10000,'Raw Data'!$R$2:$R$10000,"No",'Raw Data'!$A$2:$A$10000,$C$1,'Raw Data'!$N$2:$N$10000,"<>",'Raw Data'!$E$2:$E$10000,$B40),"") | J40: =IFERROR(AVERAGEIFS('Raw Data'!$L$2:$L$10000,'Raw Data'!$R$2:$R$10000,"No",'Raw Data'!$A$2:$A$10000,$C$1,'Raw Data'!$N$2:$N$10000,"<>",'Raw Data'!$E$2:$E$10000,$B40),"") | K40: =IFERROR(AVERAGEIFS('Raw Data'!$S$2:$S$10000,'Raw Data'!$R$2:$R$10000,"No",'Raw Data'!$A$2:$A$10000,$C$1,'Raw Data'!$N$2:$N$10000,"<>",'Raw Data'!$E$2:$E$10000,$B40),"") | L40: =IFERROR(AVERAGEIFS('Raw Data'!$T$2:$T$10000,'Raw Data'!$R$2:$R$10000,"No",'Raw Data'!$A$2:$A$10000,$C$1,'Raw Data'!$N$2:$N$10000,"<>",'Raw Data'!$E$2:$E$10000,$B40),"")
A41: Combined | B41: Hosur | C41: =COUNTIFS('Raw Data'!$R$2:$R$10000,"No",'Raw Data'!$A$2:$A$10000,$C$1,'Raw Data'!$N$2:$N$10000,"<>",'Raw Data'!$E$2:$E$10000,$B41) | D41: =SUMIFS('Raw Data'!$F$2:$F$10000,'Raw Data'!$R$2:$R$10000,"No",'Raw Data'!$A$2:$A$10000,$C$1,'Raw Data'!$N$2:$N$10000,"<>",'Raw Data'!$E$2:$E$10000,$B41) | E41: =IFERROR(AVERAGEIFS('Raw Data'!$G$2:$G$10000,'Raw Data'!$R$2:$R$10000,"No",'Raw Data'!$A$2:$A$10000,$C$1,'Raw Data'!$N$2:$N$10000,"<>",'Raw Data'!$E$2:$E$10000,$B41),"") | F41: =IFERROR(AVERAGEIFS('Raw Data'!$H$2:$H$10000,'Raw Data'!$R$2:$R$10000,"No",'Raw Data'!$A$2:$A$10000,$C$1,'Raw Data'!$N$2:$N$10000,"<>",'Raw Data'!$E$2:$E$10000,$B41),"") | G41: =IFERROR(AVERAGEIFS('Raw Data'!$I$2:$I$10000,'Raw Data'!$R$2:$R$10000,"No",'Raw Data'!$A$2:$A$10000,$C$1,'Raw Data'!$N$2:$N$10000,"<>",'Raw Data'!$E$2:$E$10000,$B41),"") | H41: =IFERROR(AVERAGEIFS('Raw Data'!$J$2:$J$10000,'Raw Data'!$R$2:$R$10000,"No",'Raw Data'!$A$2:$A$10000,$C$1,'Raw Data'!$N$2:$N$10000,"<>",'Raw Data'!$E$2:$E$10000,$B41),"") | I41: =IFERROR(AVERAGEIFS('Raw Data'!$K$2:$K$10000,'Raw Data'!$R$2:$R$10000,"No",'Raw Data'!$A$2:$A$10000,$C$1,'Raw Data'!$N$2:$N$10000,"<>",'Raw Data'!$E$2:$E$10000,$B41),"") | J41: =IFERROR(AVERAGEIFS('Raw Data'!$L$2:$L$10000,'Raw Data'!$R$2:$R$10000,"No",'Raw Data'!$A$2:$A$10000,$C$1,'Raw Data'!$N$2:$N$10000,"<>",'Raw Data'!$E$2:$E$10000,$B41),"") | K41: =IFERROR(AVERAGEIFS('Raw Data'!$S$2:$S$10000,'Raw Data'!$R$2:$R$10000,"No",'Raw Data'!$A$2:$A$10000,$C$1,'Raw Data'!$N$2:$N$10000,"<>",'Raw Data'!$E$2:$E$10000,$B41),"") | L41: =IFERROR(AVERAGEIFS('Raw Data'!$T$2:$T$10000,'Raw Data'!$R$2:$R$10000,"No",'Raw Data'!$A$2:$A$10000,$C$1,'Raw Data'!$N$2:$N$10000,"<>",'Raw Data'!$E$2:$E$10000,$B41),"")
A42: Combined | B42: Tumkuru | C42: =COUNTIFS('Raw Data'!$R$2:$R$10000,"No",'Raw Data'!$A$2:$A$10000,$C$1,'Raw Data'!$N$2:$N$10000,"<>",'Raw Data'!$E$2:$E$10000,$B42) | D42: =SUMIFS('Raw Data'!$F$2:$F$10000,'Raw Data'!$R$2:$R$10000,"No",'Raw Data'!$A$2:$A$10000,$C$1,'Raw Data'!$N$2:$N$10000,"<>",'Raw Data'!$E$2:$E$10000,$B42) | E42: =IFERROR(AVERAGEIFS('Raw Data'!$G$2:$G$10000,'Raw Data'!$R$2:$R$10000,"No",'Raw Data'!$A$2:$A$10000,$C$1,'Raw Data'!$N$2:$N$10000,"<>",'Raw Data'!$E$2:$E$10000,$B42),"") | F42: =IFERROR(AVERAGEIFS('Raw Data'!$H$2:$H$10000,'Raw Data'!$R$2:$R$10000,"No",'Raw Data'!$A$2:$A$10000,$C$1,'Raw Data'!$N$2:$N$10000,"<>",'Raw Data'!$E$2:$E$10000,$B42),"") | G42: =IFERROR(AVERAGEIFS('Raw Data'!$I$2:$I$10000,'Raw Data'!$R$2:$R$10000,"No",'Raw Data'!$A$2:$A$10000,$C$1,'Raw Data'!$N$2:$N$10000,"<>",'Raw Data'!$E$2:$E$10000,$B42),"") | H42: =IFERROR(AVERAGEIFS('Raw Data'!$J$2:$J$10000,'Raw Data'!$R$2:$R$10000,"No",'Raw Data'!$A$2:$A$10000,$C$1,'Raw Data'!$N$2:$N$10000,"<>",'Raw Data'!$E$2:$E$10000,$B42),"") | I42: =IFERROR(AVERAGEIFS('Raw Data'!$K$2:$K$10000,'Raw Data'!$R$2:$R$10000,"No",'Raw Data'!$A$2:$A$10000,$C$1,'Raw Data'!$N$2:$N$10000,"<>",'Raw Data'!$E$2:$E$10000,$B42),"") | J42: =IFERROR(AVERAGEIFS('Raw Data'!$L$2:$L$10000,'Raw Data'!$R$2:$R$10000,"No",'Raw Data'!$A$2:$A$10000,$C$1,'Raw Data'!$N$2:$N$10000,"<>",'Raw Data'!$E$2:$E$10000,$B42),"") | K42: =IFERROR(AVERAGEIFS('Raw Data'!$S$2:$S$10000,'Raw Data'!$R$2:$R$10000,"No",'Raw Data'!$A$2:$A$10000,$C$1,'Raw Data'!$N$2:$N$10000,"<>",'Raw Data'!$E$2:$E$10000,$B42),"") | L42: =IFERROR(AVERAGEIFS('Raw Data'!$T$2:$T$10000,'Raw Data'!$R$2:$R$10000,"No",'Raw Data'!$A$2:$A$10000,$C$1,'Raw Data'!$N$2:$N$10000,"<>",'Raw Data'!$E$2:$E$10000,$B42),"")
A43: Combined | B43: Grand Total | C43: =COUNTIFS('Raw Data'!$R$2:$R$10000,"No",'Raw Data'!$A$2:$A$10000,$C$1,'Raw Data'!$N$2:$N$10000,"<>",'Raw Data'!$E$2:$E$10000,"<>") | D43: =SUMIFS('Raw Data'!$F$2:$F$10000,'Raw Data'!$R$2:$R$10000,"No",'Raw Data'!$A$2:$A$10000,$C$1,'Raw Data'!$N$2:$N$10000,"<>",'Raw Data'!$E$2:$E$10000,"<>") | E43: =IFERROR(AVERAGEIFS('Raw Data'!$G$2:$G$10000,'Raw Data'!$R$2:$R$10000,"No",'Raw Data'!$A$2:$A$10000,$C$1,'Raw Data'!$N$2:$N$10000,"<>",'Raw Data'!$E$2:$E$10000,"<>"),"") | F43: =IFERROR(AVERAGEIFS('Raw Data'!$H$2:$H$10000,'Raw Data'!$R$2:$R$10000,"No",'Raw Data'!$A$2:$A$10000,$C$1,'Raw Data'!$N$2:$N$10000,"<>",'Raw Data'!$E$2:$E$10000,"<>"),"") | G43: =IFERROR(AVERAGEIFS('Raw Data'!$I$2:$I$10000,'Raw Data'!$R$2:$R$10000,"No",'Raw Data'!$A$2:$A$10000,$C$1,'Raw Data'!$N$2:$N$10000,"<>",'Raw Data'!$E$2:$E$10000,"<>"),"") | H43: =IFERROR(AVERAGEIFS('Raw Data'!$J$2:$J$10000,'Raw Data'!$R$2:$R$10000,"No",'Raw Data'!$A$2:$A$10000,$C$1,'Raw Data'!$N$2:$N$10000,"<>",'Raw Data'!$E$2:$E$10000,"<>"),"") | I43: =IFERROR(AVERAGEIFS('Raw Data'!$K$2:$K$10000,'Raw Data'!$R$2:$R$10000,"No",'Raw Data'!$A$2:$A$10000,$C$1,'Raw Data'!$N$2:$N$10000,"<>",'Raw Data'!$E$2:$E$10000,"<>"),"") | J43: =IFERROR(AVERAGEIFS('Raw Data'!$L$2:$L$10000,'Raw Data'!$R$2:$R$10000,"No",'Raw Data'!$A$2:$A$10000,$C$1,'Raw Data'!$N$2:$N$10000,"<>",'Raw Data'!$E$2:$E$10000,"<>"),"") | K43: =IFERROR(AVERAGEIFS('Raw Data'!$S$2:$S$10000,'Raw Data'!$R$2:$R$10000,"No",'Raw Data'!$A$2:$A$10000,$C$1,'Raw Data'!$N$2:$N$10000,"<>",'Raw Data'!$E$2:$E$10000,"<>"),"") | L43: =IFERROR(AVERAGEIFS('Raw Data'!$T$2:$T$10000,'Raw Data'!$R$2:$R$10000,"No",'Raw Data'!$A$2:$A$10000,$C$1,'Raw Data'!$N$2:$N$10000,"<>",'Raw Data'!$E$2:$E$10000,"<>"),"")

Sheet CCA Util %
A1: Leader | B1: CLM | C1: IM | D1: City | E1: Store | F1: CC MTD | G1: Util Bucket | H1: MTD Avg Util % | I1: Trend | J1: 1 | K1: 2 | L1: 3 | M1: 4 | N1: 5 | O1: 6 | P1: 7 | Q1: 8 | R1: 9
A2: Ashwath S | B2: Adhavan Subramani | C2: Mohammed Akbar | D2: Bengaluru | E2: BLR-Bagalur | F2: {=IFERROR(_xlfn.XLOOKUP(E2,'Raw Data'!B:B,'Raw Data'!G:G),)} | G2: =IF(H2="","",IF(VALUE(SUBSTITUTE(H2&"","%",""))*IF(ISNUMBER(H2),100,1)>=85,"High",IF(VALUE(SUBSTITUTE(H2&"","%",""))*IF(ISNUMBER(H2),100,1)>=75,"Medium","Low"))) | H2: 0.814 | I2: =IFERROR(__xludf.DUMMYFUNCTION("IFERROR(SPARKLINE(J2:R2),)"),"") | J2: 0.881 | K2: 0.758 | L2: 0.809 | M2: 0.838 | N2: 0.798 | O2: 0.795 | P2: 0.852 | Q2: 0.791 | R2: 0.823
A3: Ashwath S | B3: Adhavan Subramani | C3: Mohammed Akbar | D3: Bengaluru | E3: BLR-Kogilu Road | F3: {=IFERROR(_xlfn.XLOOKUP(E3,'Raw Data'!B:B,'Raw Data'!G:G),)} | G3: =IF(H3="","",IF(VALUE(SUBSTITUTE(H3&"","%",""))*IF(ISNUMBER(H3),100,1)>=85,"High",IF(VALUE(SUBSTITUTE(H3&"","%",""))*IF(ISNUMBER(H3),100,1)>=75,"Medium","Low"))) | H3: 0.801 | I3: =IFERROR(__xludf.DUMMYFUNCTION("IFERROR(SPARKLINE(J3:R3),)"),"") | J3: 0.806 | K3: 0.774 | L3: 0.926 | M3: 0.804 | N3: 0.814 | O3: 0.689 | P3: 0.54 | Q3: 0.858 | R3: 0.931
A4: Ashwath S | B4: Adhavan Subramani | C4: Mohammed Akbar | D4: Bengaluru | E4: BLR-Nikoo Home New | F4: {=IFERROR(_xlfn.XLOOKUP(E4,'Raw Data'!B:B,'Raw Data'!G:G),)} | G4: =IF(H4="","",IF(VALUE(SUBSTITUTE(H4&"","%",""))*IF(ISNUMBER(H4),100,1)>=85,"High",IF(VALUE(SUBSTITUTE(H4&"","%",""))*IF(ISNUMBER(H4),100,1)>=75,"Medium","Low"))) | H4: 0.789 | I4: =IFERROR(__xludf.DUMMYFUNCTION("IFERROR(SPARKLINE(J4:R4),)"),"") | J4: 0.737 | K4: 0.814 | L4: 0.844 | M4: 0.709 | N4: 0.744 | O4: 0.829 | P4: 0.776 | Q4: 0.862 | R4: 0.786
A5: Ashwath S | B5: Adhavan Subramani | C5: Mohammed Akbar | D5: Bengaluru | E5: BLR-Devanahalli | F5: {=IFERROR(_xlfn.XLOOKUP(E5,'Raw Data'!B:B,'Raw Data'!G:G),)} | G5: =IF(H5="","",IF(VALUE(SUBSTITUTE(H5&"","%",""))*IF(ISNUMBER(H5),100,1)>=85,"High",IF(VALUE(SUBSTITUTE(H5&"","%",""))*IF(ISNUMBER(H5),100,1)>=75,"Medium","Low"))) | H5: 0.773 | I5: =IFERROR(__xludf.DUMMYFUNCTION("IFERROR(SPARKLINE(J5:R5),)"),"") | J5: 0.859 | K5: 0.876 | L5: 0.713 | M5: 0.705 | N5: 0.685 | O5: 0.745 | P5: 0.855 | Q5: 0.811 | R5: 0.752
A6: Ashwath S | B6: Adhavan Subramani | C6: Mohammed Akbar | D6: Bengaluru | E6: BLR-Narayanapura Network | F6: {=IFERROR(_xlfn.XLOOKUP(E6,'Raw Data'!B:B,'Raw Data'!G:G),)} | G6: =IF(H6="","",IF(VALUE(SUBSTITUTE(H6&"","%",""))*IF(ISNUMBER(H6),100,1)>=85,"High",IF(VALUE(SUBSTITUTE(H6&"","%",""))*IF(ISNUMBER(H6),100,1)>=75,"Medium","Low"))) | H6: 0.7 | I6: =IFERROR(__xludf.DUMMYFUNCTION("IFERROR(SPARKLINE(J6:R6),)"),"") | J6: 0.723 | K6: 0.723 | L6: 0.695 | M6: 0.673 | N6: 0.69 | O6: 0.819 | P6: 0.728 | Q6: 0.563 | R6: 0.806
A7: Ashwath S | B7: Adhavan Subramani | C7: Mohammed Akbar | D7: Bengaluru | E7: BLR-Hennur New | F7: {=IFERROR(_xlfn.XLOOKUP(E7,'Raw Data'!B:B,'Raw Data'!G:G),)} | G7: =IF(H7="","",IF(VALUE(SUBSTITUTE(H7&"","%",""))*IF(ISNUMBER(H7),100,1)>=85,"High",IF(VALUE(SUBSTITUTE(H7&"","%",""))*IF(ISNUMBER(H7),100,1)>=75,"Medium","Low"))) | H7: 0.687 | I7: =IFERROR(__xludf.DUMMYFUNCTION("IFERROR(SPARKLINE(J7:R7),)"),"") | J7: 0.733 | K7: 0.739 | L7: 0.704 | M7: 0.444 | N7: 0.704 | P7: 0.713 | Q7: 0.731 | R7: 0.731
A8: Ashwath S | B8: Adhavan Subramani | C8: Mohammed Akbar | D8: Bengaluru | E8: BLR-Narayanapura | F8: {=IFERROR(_xlfn.XLOOKUP(E8,'Raw Data'!B:B,'Raw Data'!G:G),)} | G8: =IF(H8="","",IF(VALUE(SUBSTITUTE(H8&"","%",""))*IF(ISNUMBER(H8),100,1)>=85,"High",IF(VALUE(SUBSTITUTE(H8&"","%",""))*IF(ISNUMBER(H8),100,1)>=75,"Medium","Low"))) | H8: 0.677 | I8: =IFERROR(__xludf.DUMMYFUNCTION("IFERROR(SPARKLINE(J8:R8),)"),"") | J8: 0.674 | K8: 0.216 | L8: 0.749 | M8: 0.669 | N8: 0.799 | O8: 0.879 | P8: 0.765 | Q8: 0.718 | R8: 0.818
